stock_no,category,colour,shape,carat,carat_band,clarity,cut,polish,symmetry,measurements,depth_pct,table_pct,ratio,lab,cert_no,verify_url,video_url
760-17,White,F,Round,3.05,3.00–4.99ct,VS1,IDEAL,EX,EX,9.34 X 9.41 X 5.67,60.5,58,0.99,IGI,819696674,https://api.igi.org/viewpdf.php?r=819696674,
D-5,Fancy Colour,Fancy Vivid Pink,Pear,25.03,10ct +,VS1,,EX,EX,22.71 X 14.64 X 9.44,64.5,64,1.55,IGI,788606730,https://api.igi.org/viewpdf.php?r=788606730,
D-2,Fancy Colour,Fancy Intense Blue,Pear,23.13,10ct +,VS1,,EX,EX,25.03 X 15.88 X 8.25,52,62,1.58,IGI,779607501,https://api.igi.org/viewpdf.php?r=779607501,
759-591,White,E,Round,2.55,2.00–2.99ct,VS2,IDEAL,EX,EX,8.68 X 8.73 X 5.43,62.4,59,0.99,IGI,819696607,https://api.igi.org/viewpdf.php?r=819696607,
761-16,White,E,Round,2.54,2.00–2.99ct,VVS2,IDEAL,EX,EX,8.77 X 8.81 X 5.39,61.3,58,1,IGI,823684141,https://api.igi.org/viewpdf.php?r=823684141,
760-729,White,E,Round,2.54,2.00–2.99ct,VS1,IDEAL,EX,EX,8.84 X 8.88 X 5.3,59.8,58,1,IGI,821689322,https://api.igi.org/viewpdf.php?r=821689322,
758-50,White,D,Round,2.5,2.00–2.99ct,VS1,IDEAL,EX,EX,8.65 X 8.72 X 5.42,62.4,56,0.99,IGI,815680856,https://api.igi.org/viewpdf.php?r=815680856,
758-512,White,E,Round,2.49,2.00–2.99ct,VS1,IDEAL,EX,EX,8.65 X 8.74 X 5.27,60.6,59,0.99,IGI,823643369,https://api.igi.org/viewpdf.php?r=823643369,
758-271,White,E,Round,2.4,2.00–2.99ct,VS1,IDEAL,EX,EX,8.55 X 8.59 X 5.28,61.6,58,1,IGI,817605902,https://api.igi.org/viewpdf.php?r=817605902,
749-57,White,E,Round,2.36,2.00–2.99ct,VS1,EX,EX,EX,8.45 X 8.52 X 5.33,62.8,57,0.99,IGI,790622155,https://api.igi.org/viewpdf.php?r=790622155,
739-390,White,E,Round,2.36,2.00–2.99ct,VVS2,IDEAL,EX,EX,8.53 X 8.59 X 5.23,61.1,59,0.99,IGI,779665150,https://api.igi.org/viewpdf.php?r=779665150,
756-51,White,F,Round,2.32,2.00–2.99ct,VVS2,IDEAL,EX,EX,8.52 X 8.56 X 5.2,60.9,59,1,IGI,803618076,https://api.igi.org/viewpdf.php?r=803618076,
750-90,White,F,Round,2.31,2.00–2.99ct,VS1,IDEAL,EX,EX,8.46 X 8.5 X 5.2,61.3,58,1,IGI,790622102,https://api.igi.org/viewpdf.php?r=790622102,
763-17,White,D,Round,2.26,2.00–2.99ct,VS1,IDEAL,EX,EX,8.46 X 8.49 X 5.23,61.7,57,1,IGI,824615645,https://api.igi.org/viewpdf.php?r=824615645,
746-32,White,F,Round,2.24,2.00–2.99ct,VS1,IDEAL,EX,EX,8.44 X 8.48 X 5.18,61.3,57,1,IGI,786622099,https://api.igi.org/viewpdf.php?r=786622099,
760-570,White,F,Round,2.23,2.00–2.99ct,VS2,IDEAL,EX,EX,8.36 X 8.45 X 5.15,61.3,59,0.99,IGI,821689326,https://api.igi.org/viewpdf.php?r=821689326,
746-3,White,F,Round,2.23,2.00–2.99ct,VS1,IDEAL,EX,EX,8.34 X 8.39 X 5.17,61.7,58,0.99,IGI,786622097,https://api.igi.org/viewpdf.php?r=786622097,
760-20,White,E,Round,2.22,2.00–2.99ct,VS1,IDEAL,EX,EX,8.44 X 8.48 X 5.12,60.6,57,1,IGI,818696484,https://api.igi.org/viewpdf.php?r=818696484,
761-211,White,F,Round,2.22,2.00–2.99ct,VS1,IDEAL,EX,EX,8.38 X 8.43 X 5.14,61.2,59,0.99,IGI,824615695,https://api.igi.org/viewpdf.php?r=824615695,
MA135-1-249,Fancy Colour,Fancy Vivid Pink,Cushion,11.11,10ct +,VS1,,EX,EX,16.07 X 9.79 X 6.21,65,63,1.64,IGI,629471133,https://api.igi.org/viewpdf.php?r=629471133,
MA135-1-248,Fancy Colour,Fancy Vivid Pink,Cushion,11.11,10ct +,VS2,,EX,EX,15.82 X 9.71 X 5.86,65.2,63,1.63,IGI,629471134,https://api.igi.org/viewpdf.php?r=629471134,
746-543,White,F,Round,2.22,2.00–2.99ct,VS1,IDEAL,EX,EX,8.4 X 8.42 X 5.13,61,58,1,IGI,786622096,https://api.igi.org/viewpdf.php?r=786622096,
760-434,White,F,Round,2.22,2.00–2.99ct,VVS2,IDEAL,EX,EX,8.34 X 8.38 X 5.19,62.1,58,1,IGI,821689329,https://api.igi.org/viewpdf.php?r=821689329,
749-12,Fancy Colour,Fancy Vivid Pink,Radiant,10.06,10ct +,VVS2,,EX,EX,15.05 X 10.68 X 7.19,67.3,66,1.41,IGI,802623608,https://api.igi.org/viewpdf.php?r=802623608,
746-8,White,F,Round,2.22,2.00–2.99ct,VS1,IDEAL,EX,EX,8.33 X 8.38 X 5.2,62.3,57,0.99,IGI,784678341,https://api.igi.org/viewpdf.php?r=784678341,
747-8,White,F,Round,2.21,2.00–2.99ct,VS1,IDEAL,EX,EX,8.33 X 8.4 X 5.12,61.1,59,0.99,IGI,786622095,https://api.igi.org/viewpdf.php?r=786622095,
760-47,White,E,Round,2.21,2.00–2.99ct,VVS2,IDEAL,EX,EX,8.28 X 8.35 X 5.19,62.5,58,0.99,IGI,818611647,https://api.igi.org/viewpdf.php?r=818611647,
759-438,White,F,Round,2.21,2.00–2.99ct,VVS2,EX,EX,EX,8.32 X 8.39 X 5.14,61.4,60,0.99,IGI,817675063,https://api.igi.org/viewpdf.php?r=817675063,
760-16,White,E,Round,2.21,2.00–2.99ct,VS1,EX,EX,EX,8.38 X 8.42 X 5.12,61.1,59,1,IGI,821689324,https://api.igi.org/viewpdf.php?r=821689324,
746-259,White,F,Round,2.21,2.00–2.99ct,VS1,IDEAL,EX,EX,8.37 X 8.42 X 5.11,60.9,59,0.99,IGI,784678215,https://api.igi.org/viewpdf.php?r=784678215,
760-48,White,E,Round,2.2,2.00–2.99ct,VVS2,EX,EX,EX,8.25 X 8.29 X 5.19,62.7,58,1,IGI,819696601,https://api.igi.org/viewpdf.php?r=819696601,
743-490,White,E,Round,2.2,2.00–2.99ct,VVS2,IDEAL,EX,EX,8.29 X 8.34 X 5.17,62.2,58,0.99,IGI,784678217,https://api.igi.org/viewpdf.php?r=784678217,
757-12,Fancy Colour,Fancy Vivid Pink,Radiant,10.03,10ct +,VVS2,,EX,EX,15.66 X 10.55 X 6.73,63.8,75,1.48,IGI,815671327,https://api.igi.org/viewpdf.php?r=815671327,
763-20,White,E,Round,2.2,2.00–2.99ct,VVS2,IDEAL,EX,EX,8.31 X 8.33 X 5.15,61.9,57,1,IGI,824615693,https://api.igi.org/viewpdf.php?r=824615693,
760-29,White,E,Round,2.2,2.00–2.99ct,VVS2,IDEAL,EX,EX,8.36 X 8.4 X 5.2,62,56,1,IGI,818696485,https://api.igi.org/viewpdf.php?r=818696485,
749-20,Fancy Colour,Fancy Intense Pink,Oval,10.03,10ct +,VVS2,,EX,EX,17.93 X 12.32 X 7.45,60.5,59,1.46,IGI,802623607,https://api.igi.org/viewpdf.php?r=802623607,
746-7,White,F,Round,2.2,2.00–2.99ct,VVS2,IDEAL,EX,EX,8.27 X 8.32 X 5.15,62.1,58,0.99,IGI,784678214,https://api.igi.org/viewpdf.php?r=784678214,
749-14,Fancy Colour,Fancy Vivid Pink,Oval,10.02,10ct +,VVS2,,EX,EX,18.22 X 12.19 X 7.44,61,59,1.49,IGI,807660754,https://api.igi.org/viewpdf.php?r=807660754,
761-8,White,E,Round,2.2,2.00–2.99ct,VS1,IDEAL,EX,EX,8.32 X 8.36 X 5.11,61.2,60,1,IGI,823684140,https://api.igi.org/viewpdf.php?r=823684140,
757-6,Fancy Colour,Fancy Vivid Pink,Radiant,10.02,10ct +,VS1,,EX,EX,15.92 X 10.78 X 6.54,60.7,79,1.48,IGI,813658037,https://api.igi.org/viewpdf.php?r=813658037,
749-9,Fancy Colour,Fancy Intense Pink,Radiant,10.02,10ct +,VVS2,,EX,EX,15.82 X 10.51 X 6.86,65.3,64,1.51,IGI,802623609,https://api.igi.org/viewpdf.php?r=802623609,
749-69,White,G,Round,2.2,2.00–2.99ct,VS1,IDEAL,EX,EX,8.43 X 8.45 X 5.1,60.5,58,1,IGI,786694187,https://api.igi.org/viewpdf.php?r=786694187,
757-7,Fancy Colour,Fancy Vivid Pink,Pear,10.01,10ct +,VS1,,EX,EX,19.37 X 11.66 X 7.25,62.2,60,1.66,IGI,816632028,https://api.igi.org/viewpdf.php?r=816632028,
749-3,Fancy Colour,Fancy Intense Pink,Round,10.01,10ct +,VS1,IDEAL,EX,EX,13.99 X 14.05 X 8.3,59.2,59,1,IGI,807660755,https://api.igi.org/viewpdf.php?r=807660755,
760-314,White,E,Round,2.2,2.00–2.99ct,VVS2,EX,EX,EX,8.21 X 8.27 X 5.19,63,58,0.99,IGI,821689325,https://api.igi.org/viewpdf.php?r=821689325,
757-3,Fancy Colour,Fancy Vivid Pink,Pear,10.01,10ct +,VVS2,,EX,EX,20.45 X 12.17 X 7.08,58.2,62,1.68,IGI,815671326,https://api.igi.org/viewpdf.php?r=815671326,
755-57,White,E,Round,2.18,2.00–2.99ct,VVS2,IDEAL,EX,EX,8.27 X 8.32 X 5.11,61.6,59,0.99,IGI,803618078,https://api.igi.org/viewpdf.php?r=803618078,
746-916,White,F,Round,2.12,2.00–2.99ct,VS1,IDEAL,EX,EX,8.25 X 8.29 X 5.06,61.1,58,1,IGI,786622094,https://api.igi.org/viewpdf.php?r=786622094,
742-25,White,F,Round,2.11,2.00–2.99ct,VVS2,IDEAL,EX,EX,8.24 X 8.27 X 5.02,60.9,59,1,IGI,784678332,https://api.igi.org/viewpdf.php?r=784678332,
749-10,Fancy Colour,Fancy Vivid Pink,Radiant,10.01,10ct +,VVS2,,EX,EX,15.18 X 10.75 X 6.98,64.9,68,1.41,IGI,818696522,https://api.igi.org/viewpdf.php?r=818696522,
749-8,Fancy Colour,Fancy Vivid Pink,Radiant,10.01,10ct +,VS1,,EX,EX,15.14 X 10.63 X 7.25,68.2,65,1.42,IGI,816632029,https://api.igi.org/viewpdf.php?r=816632029,
756-8,Fancy Colour,Fancy Vivid Pink,Radiant,10,10ct +,VS1,,EX,EX,15.84 X 10.7 X 6.67,62.3,78,1.48,IGI,816632027,https://api.igi.org/viewpdf.php?r=816632027,
756-3,Fancy Colour,Fancy Vivid Pink,Radiant,10,10ct +,VS1,,EX,EX,15.08 X 10.84 X 6.94,64,71,1.39,IGI,813658032,https://api.igi.org/viewpdf.php?r=813658032,
757-1,Fancy Colour,Fancy Vivid Pink,Pear,10,10ct +,VVS2,,EX,VG,19.6 X 11.94 X 7.11,59.5,65,1.64,IGI,813658033,https://api.igi.org/viewpdf.php?r=813658033,
757-10,Fancy Colour,Fancy Vivid Pink,Radiant,10,10ct +,VS1,,EX,EX,15.94 X 10.62 X 6.76,63.7,66,1.5,IGI,813658035,https://api.igi.org/viewpdf.php?r=813658035,
749-2,Fancy Colour,Fancy Intense Pink,Round,10,10ct +,VVS2,IDEAL,EX,EX,13.87 X 13.95 X 8.49,61,57,0.99,IGI,795648085,https://api.igi.org/viewpdf.php?r=795648085,
757-13,Fancy Colour,Fancy Vivid Pink,Radiant,9.66,5.00–9.99ct,VS1,,EX,EX,15.55 X 10.66 X 6.97,65.4,67,1.46,IGI,813658027,https://api.igi.org/viewpdf.php?r=813658027,
756-2,Fancy Colour,Fancy Vivid Pink,Radiant,9.55,5.00–9.99ct,VVS2,,EX,EX,15.61 X 10.43 X 6.77,64.9,70,1.5,IGI,816632013,https://api.igi.org/viewpdf.php?r=816632013,
759-50,White,F,Round,2.06,2.00–2.99ct,VS2,IDEAL,EX,EX,8.08 X 8.12 X 5.06,62.5,58,1,IGI,815648705,https://api.igi.org/viewpdf.php?r=815648705,
749-15,Fancy Colour,Fancy Vivid Pink,Oval,9.5,5.00–9.99ct,VVS2,,EX,EX,17.19 X 12.25 X 7.36,60.1,64,1.4,IGI,817605946,https://api.igi.org/viewpdf.php?r=817605946,
746-149,White,G,Round,2.06,2.00–2.99ct,VVS2,IDEAL,EX,EX,8.12 X 8.18 X 5.05,62,56,0.99,IGI,784678193,https://api.igi.org/viewpdf.php?r=784678193,
761-208,White,F,Round,2.05,2.00–2.99ct,VVS2,IDEAL,EX,EX,8.17 X 8.23 X 4.97,60.7,58,0.99,IGI,821689366,https://api.igi.org/viewpdf.php?r=821689366,
757-11,Fancy Colour,Fancy Vivid Pink,Radiant,9.48,5.00–9.99ct,VS1,,EX,EX,15.47 X 10.56 X 6.72,63.6,72,1.46,IGI,816632012,https://api.igi.org/viewpdf.php?r=816632012,
760-451,White,F,Round,2.05,2.00–2.99ct,VVS2,IDEAL,EX,EX,8.15 X 8.19 X 4.99,61.1,59,1,IGI,821689362,https://api.igi.org/viewpdf.php?r=821689362,
746-552,White,F,Round,2.05,2.00–2.99ct,VVS2,IDEAL,EX,EX,8.07 X 8.12 X 5.04,62.3,58,0.99,IGI,786622109,https://api.igi.org/viewpdf.php?r=786622109,
757-2,Fancy Colour,Fancy Vivid Pink,Radiant,9.02,5.00–9.99ct,VVS2,,EX,EX,15.13 X 9.62 X 6.98,72.6,69,1.57,IGI,813658026,https://api.igi.org/viewpdf.php?r=813658026,
760-46,White,F,Round,2.05,2.00–2.99ct,VVS2,IDEAL,EX,EX,8.09 X 8.14 X 5.04,62.2,58,0.99,IGI,817675125,https://api.igi.org/viewpdf.php?r=817675125,
735-5,White,F,Round,2.05,2.00–2.99ct,VVS2,IDEAL,EX,EX,8.23 X 8.3 X 5,60.6,58,0.99,IGI,774639272,https://api.igi.org/viewpdf.php?r=774639272,
760-26,White,E,Round,2.05,2.00–2.99ct,SI1,IDEAL,EX,EX,8.12 X 8.18 X 4.98,61.1,58,0.99,IGI,821689352,https://api.igi.org/viewpdf.php?r=821689352,
749-77,Fancy Colour,Fancy Vivid Pink,Radiant,8.03,5.00–9.99ct,VVS2,,EX,EX,14.49 X 9.68 X 6.59,68.1,65,1.5,IGI,807660749,https://api.igi.org/viewpdf.php?r=807660749,
737-9,White,F,Round,2.05,2.00–2.99ct,VVS2,IDEAL,EX,EX,8.22 X 8.27 X 4.98,60.4,59,0.99,IGI,774639273,https://api.igi.org/viewpdf.php?r=774639273,
761-423,White,E,Round,2.05,2.00–2.99ct,VVS2,IDEAL,EX,EX,8.19 X 8.23 X 5,60.9,58,1,IGI,823684113,https://api.igi.org/viewpdf.php?r=823684113,
760-171,White,F,Round,2.05,2.00–2.99ct,VVS2,IDEAL,EX,EX,8.13 X 8.17 X 5.02,61.5,58,1,IGI,818696464,https://api.igi.org/viewpdf.php?r=818696464,
760-226,White,F,Round,2.05,2.00–2.99ct,VS1,IDEAL,EX,EX,8.18 X 8.22 X 4.98,60.7,59,1,IGI,821689353,https://api.igi.org/viewpdf.php?r=821689353,
760-232,White,F,Round,2.05,2.00–2.99ct,VS1,IDEAL,EX,EX,8.17 X 8.2 X 5.02,61.4,57,1,IGI,821689357,https://api.igi.org/viewpdf.php?r=821689357,
738-82,White,F,Round,2.05,2.00–2.99ct,VVS2,IDEAL,EX,EX,8.18 X 8.22 X 5.02,61.2,57,1,IGI,779607504,https://api.igi.org/viewpdf.php?r=779607504,
742-3,White,F,Round,2.05,2.00–2.99ct,VVS2,IDEAL,EX,EX,8.23 X 8.29 X 4.96,60.1,59,0.99,IGI,784678337,https://api.igi.org/viewpdf.php?r=784678337,
746-1,White,G,Round,2.05,2.00–2.99ct,VS1,IDEAL,EX,EX,8.19 X 8.23 X 4.97,60.5,58,1,IGI,786622093,https://api.igi.org/viewpdf.php?r=786622093,
754-81,White,G,Round,2.05,2.00–2.99ct,VVS2,IDEAL,EX,EX,8.13 X 8.16 X 5.04,61.9,58,1,IGI,795654656,https://api.igi.org/viewpdf.php?r=795654656,
757-15,Fancy Colour,Fancy Vivid Pink,Oval,5.05,5.00–9.99ct,VVS2,,EX,EX,13.98 X 9.94 X 5.96,60,58,1.41,IGI,815671319,https://api.igi.org/viewpdf.php?r=815671319,
755-416,White,G,Round,2.05,2.00–2.99ct,VVS2,IDEAL,EX,EX,8.12 X 8.15 X 5.03,61.9,58,1,IGI,803617955,https://api.igi.org/viewpdf.php?r=803617955,
749-19,Fancy Colour,Fancy Intense Pink,Round,5.04,5.00–9.99ct,VS1,IDEAL,EX,EX,10.89 X 10.96 X 6.75,61.7,58,0.99,IGI,807660748,https://api.igi.org/viewpdf.php?r=807660748,
760-24,White,F,Round,2.05,2.00–2.99ct,VS1,IDEAL,EX,EX,8.1 X 8.19 X 5.01,61.7,59,0.99,IGI,821689356,https://api.igi.org/viewpdf.php?r=821689356,
759-212,White,F,Round,2.05,2.00–2.99ct,VVS2,IDEAL,EX,EX,8.18 X 8.22 X 4.98,60.7,59,1,IGI,817605927,https://api.igi.org/viewpdf.php?r=817605927,
761-155,White,F,Round,2.05,2.00–2.99ct,VS2,IDEAL,EX,EX,8.13 X 8.18 X 5.03,61.7,58,0.99,IGI,823643270,https://api.igi.org/viewpdf.php?r=823643270,
761-678,White,E,Round,2.05,2.00–2.99ct,VVS2,IDEAL,EX,EX,8.25 X 8.28 X 4.92,59.5,59,1,IGI,823684143,https://api.igi.org/viewpdf.php?r=823684143,
743-177,White,F,Round,2.05,2.00–2.99ct,VVS2,IDEAL,EX,EX,8.23 X 8.26 X 4.96,60.1,58,1,IGI,784678158,https://api.igi.org/viewpdf.php?r=784678158,
761-76,White,E,Round,2.05,2.00–2.99ct,VVS2,IDEAL,EX,EX,8.2 X 8.23 X 4.99,60.8,58,1,IGI,823643275,https://api.igi.org/viewpdf.php?r=823643275,
749-22,Fancy Colour,Fancy Pink,Round,5.02,5.00–9.99ct,VS1,IDEAL,EX,EX,10.99 X 11.05 X 6.73,61,58,0.99,IGI,795648086,https://api.igi.org/viewpdf.php?r=795648086,
761-158,White,E,Round,2.05,2.00–2.99ct,VVS2,IDEAL,EX,EX,8.07 X 8.12 X 5.06,62.5,57,0.99,IGI,824615633,https://api.igi.org/viewpdf.php?r=824615633,
748-4,Fancy Colour,Fancy Intense Pink,Round,5.02,5.00–9.99ct,VVS2,IDEAL,EX,EX,11.01 X 11.08 X 6.62,59.9,59,0.99,IGI,795648087,https://api.igi.org/viewpdf.php?r=795648087,
749-23,Fancy Colour,Fancy Intense Pink,Round,5.01,5.00–9.99ct,VS1,IDEAL,EX,EX,10.87 X 10.92 X 6.8,62.4,57,1,IGI,795648100,https://api.igi.org/viewpdf.php?r=795648100,
749-16,Fancy Colour,Fancy Intense Pink,Round,5.01,5.00–9.99ct,VS1,IDEAL,EX,EX,10.89 X 10.96 X 6.76,61.8,59,0.99,IGI,807660753,https://api.igi.org/viewpdf.php?r=807660753,
760-625,White,F,Round,2.05,2.00–2.99ct,VVS2,IDEAL,EX,EX,8.22 X 8.28 X 4.96,60.1,58,0.99,IGI,821689358,https://api.igi.org/viewpdf.php?r=821689358,
755-126,Fancy Colour,Fancy Vivid Pink,Radiant,5.01,5.00–9.99ct,VS1,,EX,EX,12.41 X 8.13 X 5.58,68.6,64,1.53,IGI,813658028,https://api.igi.org/viewpdf.php?r=813658028,
757-167,Fancy Colour,Fancy Vivid Pink,Oval,5.01,5.00–9.99ct,VVS2,,VG,EX,13.87 X 9.8 X 5.93,60.5,60,1.42,IGI,816632015,https://api.igi.org/viewpdf.php?r=816632015,
747-6,White,F,Round,2.05,2.00–2.99ct,VVS2,IDEAL,EX,EX,8.17 X 8.2 X 4.97,60.7,57,1,IGI,786694185,https://api.igi.org/viewpdf.php?r=786694185,
756-1,Fancy Colour,Fancy Vivid Pink,Radiant,5.01,5.00–9.99ct,VS2,,EX,EX,11.81 X 8.48 X 5.78,68.2,64,1.39,IGI,813658023,https://api.igi.org/viewpdf.php?r=813658023,
756-247,Fancy Colour,Fancy Vivid Pink,Radiant,5.01,5.00–9.99ct,VS2,,EX,EX,12.16 X 8.38 X 5.54,66.1,69,1.45,IGI,816632011,https://api.igi.org/viewpdf.php?r=816632011,
757-84,Fancy Colour,Fancy Vivid Pink,Radiant,5.01,5.00–9.99ct,VVS2,,EX,EX,12.13 X 8.43 X 5.66,67.1,66,1.44,IGI,818696500,https://api.igi.org/viewpdf.php?r=818696500,
736-307,White,F,Round,2.05,2.00–2.99ct,VVS2,IDEAL,EX,EX,8.14 X 8.17 X 5.04,61.8,58,1,IGI,771661674,https://api.igi.org/viewpdf.php?r=771661674,
746-22,White,F,Round,2.05,2.00–2.99ct,VVS2,IDEAL,EX,EX,8.13 X 8.16 X 5.03,61.7,59,1,IGI,786622107,https://api.igi.org/viewpdf.php?r=786622107,
760-27,White,F,Round,2.05,2.00–2.99ct,VVS2,IDEAL,EX,EX,8.24 X 8.28 X 4.95,60,59,1,IGI,821689354,https://api.igi.org/viewpdf.php?r=821689354,
632-126R,Fancy Colour,Fancy Intense Pink,Princess,5.01,5.00–9.99ct,VS1,,EX,EX,9.24 X 9.19 X 6.75,73,73,1.01,IGI,591359929,https://api.igi.org/viewpdf.php?r=591359929,
746-129R,White,F,Round,2.05,2.00–2.99ct,VVS2,IDEAL,EX,EX,8.10 X 8.14 X 5.05,62.2,57,1,IGI,784678196,https://api.igi.org/viewpdf.php?r=784678196,
749-94,Fancy Colour,Fancy Intense Pink,Round,5,5.00–9.99ct,VS1,IDEAL,EX,EX,10.9 X 10.95 X 6.67,61.1,58,1,IGI,795648097,https://api.igi.org/viewpdf.php?r=795648097,
756-11,Fancy Colour,Fancy Vivid Pink,Radiant,5,5.00–9.99ct,VS2,,EX,GD,12.18 X 8.08 X 5.57,68.9,74,1.51,IGI,815671318,https://api.igi.org/viewpdf.php?r=815671318,
757-14,Fancy Colour,Fancy Intense Pink,Round,5,5.00–9.99ct,VS2,IDEAL,EX,EX,11.07 X 11.1 X 6.63,59.8,59,1,IGI,815671323,https://api.igi.org/viewpdf.php?r=815671323,
756-120,Fancy Colour,Fancy Vivid Pink,Radiant,5,5.00–9.99ct,VS2,,EX,EX,12.01 X 8.48 X 5.67,66.9,69,1.42,IGI,815671322,https://api.igi.org/viewpdf.php?r=815671322,
749-367,Fancy Colour,Fancy Intense Pink,Round,5,5.00–9.99ct,VVS2,EX,EX,EX,10.93 X 10.97 X 6.72,61.4,59,1,IGI,807660751,https://api.igi.org/viewpdf.php?r=807660751,
756-14,Fancy Colour,Fancy Intense Pink,Round,5,5.00–9.99ct,VS1,IDEAL,EX,EX,10.94 X 11 X 6.72,61.2,57,0.99,IGI,815671324,https://api.igi.org/viewpdf.php?r=815671324,
755-13,Fancy Colour,Fancy Vivid Pink,Radiant,4.77,3.00–4.99ct,VS1,,EX,EX,12.01 X 8.21 X 5.55,67.6,67,1.46,IGI,813658025,https://api.igi.org/viewpdf.php?r=813658025,
760-544,White,F,Round,2.05,2.00–2.99ct,VVS2,IDEAL,EX,EX,8.2 X 8.22 X 5,60.9,58,1,IGI,821689355,https://api.igi.org/viewpdf.php?r=821689355,
746-135,White,G,Round,2.05,2.00–2.99ct,VVS2,IDEAL,EX,EX,8.12 X 8.16 X 5.03,61.8,59,1,IGI,784678227,https://api.igi.org/viewpdf.php?r=784678227,
757-251,Fancy Colour,Fancy Vivid Pink,Radiant,3.55,3.00–4.99ct,VS1,,EX,EX,11.28 X 7.54 X 5,66.3,65,1.5,IGI,813658024,https://api.igi.org/viewpdf.php?r=813658024,
683-2R,Fancy Colour,Fancy Intense Pink,Round,3.51,3.00–4.99ct,VVS2,IDEAL,EX,EX,9.69 X 9.74 X 6.01,61.9,57,0.99,IGI,652420840,https://api.igi.org/viewpdf.php?r=652420840,
691-3,Fancy Colour,Fancy Vivid Green,Round,3.48,3.00–4.99ct,VS1,IDEAL,EX,EX,9.63 X 9.68 X 6,62.1,57,0.99,IGI,712507174,https://api.igi.org/viewpdf.php?r=712507174,
747-280,White,G,Round,2.05,2.00–2.99ct,VS1,IDEAL,EX,EX,8.19 X 8.24 X 4.97,60.5,60,0.99,IGI,790622097,https://api.igi.org/viewpdf.php?r=790622097,
747-139,Fancy Colour,Fancy Intense Pink,Round,3.03,3.00–4.99ct,VVS2,IDEAL,EX,EX,9.29 X 9.32 X 5.68,61.1,59,1,IGI,795648098,https://api.igi.org/viewpdf.php?r=795648098,
756-143,Fancy Colour,Fancy Intense Pink,Round,3.02,3.00–4.99ct,VS2,IDEAL,EX,EX,9.2 X 9.27 X 5.74,62.2,57,0.99,IGI,815671325,https://api.igi.org/viewpdf.php?r=815671325,
756-119,Fancy Colour,Fancy Intense Pink,Round,3.01,3.00–4.99ct,VS1,IDEAL,EX,EX,9.19 X 9.27 X 5.72,62,57,0.99,IGI,815671321,https://api.igi.org/viewpdf.php?r=815671321,
748-11,Fancy Colour,Fancy Intense Pink,Round,3.01,3.00–4.99ct,VS1,EX,EX,EX,9.14 X 9.2 X 5.68,61.9,59,0.99,IGI,795648088,https://api.igi.org/viewpdf.php?r=795648088,
ME-5,Fancy Colour,Fancy Intense Pink,Round,3,3.00–4.99ct,VS1,IDEAL,EX,EX,9.29 X 9.32 X 5.64,60.6,59,1,IGI,762530012,https://api.igi.org/viewpdf.php?r=762530012,
749-70,Fancy Colour,Fancy Intense Pink,Round,3,3.00–4.99ct,VVS2,IDEAL,EX,EX,9.24 X 9.29 X 5.71,61.6,57,0.99,IGI,795648099,https://api.igi.org/viewpdf.php?r=795648099,
740-24,Fancy Colour,Fancy Vivid Blue,Round,3,3.00–4.99ct,VVS2,EX,EX,EX,9.23 X 9.27 X 5.64,61,59,1,IGI,786694198,https://api.igi.org/viewpdf.php?r=786694198,
749-53,Fancy Colour,Fancy Intense Pink,Round,3,3.00–4.99ct,VVS2,EX,EX,EX,9.32 X 9.36 X 5.57,59.6,61,1,IGI,807660750,https://api.igi.org/viewpdf.php?r=807660750,
747-15,Fancy Colour,Fancy Pink,Round,2.9,2.00–2.99ct,VVS2,IDEAL,EX,EX,9.05 X 9.12 X 5.67,62.4,56,0.99,IGI,795647994,https://api.igi.org/viewpdf.php?r=795647994,
761-277,White,E,Round,2.05,2.00–2.99ct,VVS2,IDEAL,EX,EX,8.13 X 8.17 X 5.01,61.5,57,1,IGI,823684145,https://api.igi.org/viewpdf.php?r=823684145,
685-106,Fancy Colour,Fancy Intense Pink,Round,2.59,2.00–2.99ct,VVS2,IDEAL,EX,EX,8.77 X 8.81 X 5.45,62,58,1,IGI,660422011,https://api.igi.org/viewpdf.php?r=660422011,
761-56,White,F,Round,2.05,2.00–2.99ct,VS1,IDEAL,EX,EX,8.15 X 8.19 X 5.04,61.8,57,1,IGI,823643274,https://api.igi.org/viewpdf.php?r=823643274,
736-438,White,F,Round,2.05,2.00–2.99ct,VVS2,IDEAL,EX,EX,8.14 X 8.17 X 5.01,61.5,57,1,IGI,771661671,https://api.igi.org/viewpdf.php?r=771661671,
760-196,White,F,Round,2.05,2.00–2.99ct,VVS1,IDEAL,EX,EX,8.14 X 8.18 X 5.03,61.6,57,1,IGI,821689364,https://api.igi.org/viewpdf.php?r=821689364,
740-378,Fancy Colour,Fancy Light Pink,Round,2.54,2.00–2.99ct,VS1,IDEAL,EX,EX,8.77 X 8.8 X 5.42,61.7,57,1,IGI,790622475,https://api.igi.org/viewpdf.php?r=790622475,
756-148,Fancy Colour,Fancy Intense Pink,Round,2.52,2.00–2.99ct,VS1,IDEAL,EX,EX,8.75 X 8.79 X 5.39,61.5,56,1,IGI,813657984,https://api.igi.org/viewpdf.php?r=813657984,
760-71,White,D,Round,2.05,2.00–2.99ct,VS1,IDEAL,EX,EX,8.19 X 8.24 X 5.02,61.1,58,0.99,IGI,818611954,https://api.igi.org/viewpdf.php?r=818611954,
698-235,Fancy Colour,Fancy Vivid Pink,Round,2.5,2.00–2.99ct,VS2,IDEAL,EX,EX,8.66 X 8.71 X 5.4,62.2,58,0.99,IGI,690513563,https://api.igi.org/viewpdf.php?r=690513563,
686-86R,Fancy Colour,Fancy Vivid Blue,Round,2.48,2.00–2.99ct,VS1,IDEAL,EX,EX,8.65 X 8.69 X 5.35,61.7,56,1,IGI,669470957,https://api.igi.org/viewpdf.php?r=669470957,
740-11,Fancy Colour,Fancy Intense Pink,Round,2.4,2.00–2.99ct,VVS2,IDEAL,EX,EX,8.56 X 8.62 X 5.34,62.2,56,0.99,IGI,792648583,https://api.igi.org/viewpdf.php?r=792648583,
759-34,White,F,Round,2.05,2.00–2.99ct,VVS2,IDEAL,EX,EX,8.26 X 8.29 X 4.95,59.8,59,1,IGI,817675126,https://api.igi.org/viewpdf.php?r=817675126,
761-61,White,F,Round,2.05,2.00–2.99ct,VVS2,IDEAL,EX,EX,8.08 X 8.14 X 5.02,62,59,0.99,IGI,821689361,https://api.igi.org/viewpdf.php?r=821689361,
760-1,White,F,Round,2.05,2.00–2.99ct,VVS2,IDEAL,EX,EX,8.14 X 8.2 X 5,61.3,58,0.99,IGI,821689351,https://api.igi.org/viewpdf.php?r=821689351,
754-56,White,F,Round,2.05,2.00–2.99ct,VVS2,IDEAL,EX,EX,8.07 X 8.09 X 5.05,62.5,58,1,IGI,795647835,https://api.igi.org/viewpdf.php?r=795647835,
760-549,White,F,Round,2.05,2.00–2.99ct,VVS2,IDEAL,EX,EX,8.13 X 8.18 X 5.04,61.8,58,0.99,IGI,821689360,https://api.igi.org/viewpdf.php?r=821689360,
742-177,Fancy Colour,Fancy Deep Orange,Round,2.25,2.00–2.99ct,VS2,IDEAL,EX,EX,8.34 X 8.38 X 5.19,62.1,58,1,IGI,798602654,https://api.igi.org/viewpdf.php?r=798602654,
756-10,Fancy Colour,Fancy Intense Pink,Round,2.24,2.00–2.99ct,VVS2,IDEAL,EX,EX,8.32 X 8.38 X 5.19,62.1,58,0.99,IGI,815671297,https://api.igi.org/viewpdf.php?r=815671297,
761-206,White,F,Round,2.05,2.00–2.99ct,VS1,IDEAL,EX,EX,8.19 X 8.22 X 5.03,61.3,57,1,IGI,823643249,https://api.igi.org/viewpdf.php?r=823643249,
746-524,Fancy Colour,Fancy Intense Pink,Round,2.24,2.00–2.99ct,VS2,IDEAL,EX,EX,8.34 X 8.38 X 5.2,62.2,57,1,IGI,792648581,https://api.igi.org/viewpdf.php?r=792648581,
743-75,White,F,Round,2.04,2.00–2.99ct,VVS2,IDEAL,EX,EX,8.11 X 8.15 X 5.03,61.9,57,1,IGI,784678141,https://api.igi.org/viewpdf.php?r=784678141,
740-209,White,F,Round,2.04,2.00–2.99ct,VVS2,IDEAL,EX,EX,8.09 X 8.15 X 5.05,62.2,56,0.99,IGI,779607344,https://api.igi.org/viewpdf.php?r=779607344,
751-79,White,F,Round,2.04,2.00–2.99ct,VS1,IDEAL,EX,EX,8.16 X 8.21 X 5,61.2,58,0.99,IGI,790622107,https://api.igi.org/viewpdf.php?r=790622107,
729-253,White,F,Round,2.04,2.00–2.99ct,VVS2,IDEAL,EX,EX,8.24 X 8.27 X 4.97,60.2,58,1,IGI,752507251,https://api.igi.org/viewpdf.php?r=752507251,
746-269,White,F,Round,2.04,2.00–2.99ct,VS1,IDEAL,EX,EX,8.19 X 8.22 X 4.99,60.9,57,1,IGI,784678154,https://api.igi.org/viewpdf.php?r=784678154,
746-111,Fancy Colour,Fancy Intense Pink,Round,2.22,2.00–2.99ct,VVS2,IDEAL,EX,EX,8.3 X 8.34 X 5.18,62.2,58,1,IGI,795648004,https://api.igi.org/viewpdf.php?r=795648004,
746-309,Fancy Colour,Fancy Intense Pink,Round,2.22,2.00–2.99ct,VS2,IDEAL,EX,EX,8.32 X 8.35 X 5.15,61.7,59,1,IGI,795648005,https://api.igi.org/viewpdf.php?r=795648005,
747-65,White,F,Round,2.04,2.00–2.99ct,VVS2,IDEAL,EX,EX,8.17 X 8.21 X 5.02,61.3,58,1,IGI,790622160,https://api.igi.org/viewpdf.php?r=790622160,
759-372,White,F,Round,2.04,2.00–2.99ct,VS1,IDEAL,EX,EX,8.15 X 8.2 X 5.01,61.2,58,0.99,IGI,818611969,https://api.igi.org/viewpdf.php?r=818611969,
761-743,White,E,Round,2.04,2.00–2.99ct,VVS2,IDEAL,EX,EX,8.19 X 8.22 X 4.95,60.3,58,1,IGI,823684126,https://api.igi.org/viewpdf.php?r=823684126,
750-7,White,F,Round,2.04,2.00–2.99ct,VS1,IDEAL,EX,EX,8.07 X 8.12 X 5.04,62.2,56,0.99,IGI,786694156,https://api.igi.org/viewpdf.php?r=786694156,
761-24,White,E,Round,2.04,2.00–2.99ct,VVS2,IDEAL,EX,EX,8.14 X 8.2 X 5.04,61.8,56,0.99,IGI,823643328,https://api.igi.org/viewpdf.php?r=823643328,
740-90,Fancy Colour,Fancy Light Pink,Round,2.21,2.00–2.99ct,VS1,IDEAL,EX,EX,8.29 X 8.32 X 5.17,62.3,56,1,IGI,786622405,https://api.igi.org/viewpdf.php?r=786622405,
749-46,Fancy Colour,Fancy Light Pink,Round,2.21,2.00–2.99ct,VVS2,IDEAL,EX,EX,8.34 X 8.4 X 5.17,61.8,57,0.99,IGI,795654855,https://api.igi.org/viewpdf.php?r=795654855,
747-87,White,F,Round,2.04,2.00–2.99ct,VS1,IDEAL,EX,EX,8.14 X 8.16 X 5.01,61.4,58,1,IGI,786694188,https://api.igi.org/viewpdf.php?r=786694188,
746-270,White,G,Round,2.04,2.00–2.99ct,VVS2,IDEAL,EX,EX,8.19 X 8.23 X 4.99,60.8,57,1,IGI,784678238,https://api.igi.org/viewpdf.php?r=784678238,
761-659,White,E,Round,2.04,2.00–2.99ct,VVS2,IDEAL,EX,EX,8.07 X 8.13 X 5.06,62.4,57,0.99,IGI,824615638,https://api.igi.org/viewpdf.php?r=824615638,
760-30,White,E,Round,2.04,2.00–2.99ct,VVS2,IDEAL,EX,EX,8.18 X 8.27 X 4.96,60.4,59,0.99,IGI,821689292,https://api.igi.org/viewpdf.php?r=821689292,
746-783,White,F,Round,2.04,2.00–2.99ct,VS1,IDEAL,EX,EX,8.09 X 8.15 X 5.05,62.3,57,0.99,IGI,784678152,https://api.igi.org/viewpdf.php?r=784678152,
747-81,Fancy Colour,Fancy Pink,Round,2.2,2.00–2.99ct,VVS2,IDEAL,EX,EX,8.32 X 8.37 X 5.12,61.3,57,0.99,IGI,792648620,https://api.igi.org/viewpdf.php?r=792648620,
754-10,White,F,Round,2.04,2.00–2.99ct,VS1,IDEAL,EX,EX,8.08 X 8.13 X 5.04,62.2,58,0.99,IGI,795654651,https://api.igi.org/viewpdf.php?r=795654651,
743-1,White,F,Round,2.04,2.00–2.99ct,VS1,IDEAL,EX,EX,8.17 X 8.2 X 4.94,60.4,59,1,IGI,784678382,https://api.igi.org/viewpdf.php?r=784678382,
746-139,White,F,Round,2.04,2.00–2.99ct,VS1,IDEAL,EX,EX,8.14 X 8.2 X 5.01,61.4,57,0.99,IGI,784678148,https://api.igi.org/viewpdf.php?r=784678148,
736-2,White,F,Round,2.04,2.00–2.99ct,VVS2,IDEAL,EX,EX,8.16 X 8.19 X 5.03,61.5,57,1,IGI,769654802,https://api.igi.org/viewpdf.php?r=769654802,
746-141,White,F,Round,2.04,2.00–2.99ct,VS1,IDEAL,EX,EX,8.15 X 8.17 X 5.02,61.6,56,1,IGI,784678144,https://api.igi.org/viewpdf.php?r=784678144,
746-6,Fancy Colour,Fancy Intense Pink,Round,2.2,2.00–2.99ct,VVS2,IDEAL,EX,EX,8.34 X 8.4 X 5.13,61.3,58,0.99,IGI,795648003,https://api.igi.org/viewpdf.php?r=795648003,
748-30,Fancy Colour,Fancy Intense Pink,Round,2.18,2.00–2.99ct,VS1,IDEAL,VG,EX,8.24 X 8.3 X 5.16,62.4,57,0.99,IGI,795648002,https://api.igi.org/viewpdf.php?r=795648002,
751-75,White,F,Round,2.04,2.00–2.99ct,VS1,IDEAL,EX,EX,8.1 X 8.14 X 5,61.6,59,1,IGI,790622105,https://api.igi.org/viewpdf.php?r=790622105,
746-245,Fancy Colour,Fancy Pink,Round,2.16,2.00–2.99ct,VVS2,IDEAL,EX,EX,8.27 X 8.31 X 5.13,61.9,57,1,IGI,792648619,https://api.igi.org/viewpdf.php?r=792648619,
746-91,Fancy Colour,Fancy Pink,Round,2.16,2.00–2.99ct,VVS2,IDEAL,EX,EX,8.25 X 8.31 X 5.13,61.9,57,0.99,IGI,795648001,https://api.igi.org/viewpdf.php?r=795648001,
746-292,Fancy Colour,Fancy Intense Pink,Round,2.12,2.00–2.99ct,VVS2,IDEAL,EX,EX,8.19 X 8.24 X 5.08,61.9,58,0.99,IGI,792648618,https://api.igi.org/viewpdf.php?r=792648618,
746-1071,Fancy Colour,Fancy Pink,Round,2.12,2.00–2.99ct,VVS2,IDEAL,EX,EX,8.18 X 8.25 X 5.09,62.1,58,0.99,IGI,795648000,https://api.igi.org/viewpdf.php?r=795648000,
761-769,White,F,Round,2.04,2.00–2.99ct,VVS2,IDEAL,EX,EX,8.12 X 8.17 X 5.05,62,57,0.99,IGI,823684130,https://api.igi.org/viewpdf.php?r=823684130,
757-157,White,G,Round,2.04,2.00–2.99ct,VVS2,IDEAL,EX,EX,8.13 X 8.16 X 5,61.4,59,1,IGI,803618164,https://api.igi.org/viewpdf.php?r=803618164,
749-95,Fancy Colour,Fancy Intense Pink,Round,2.11,2.00–2.99ct,VVS2,IDEAL,EX,EX,8.27 X 8.31 X 4.99,60.2,59,1,IGI,795654857,https://api.igi.org/viewpdf.php?r=795654857,
686-75,Fancy Colour,Fancy Intense Pink,Round,2.1,2.00–2.99ct,VVS2,IDEAL,EX,EX,8.14 X 8.18 X 5.06,61.9,58,1,IGI,660422009,https://api.igi.org/viewpdf.php?r=660422009,
757-166,Fancy Colour,Fancy Pink,Round,2.1,2.00–2.99ct,VVS2,IDEAL,EX,EX,8.2 X 8.26 X 5.1,61.9,55,0.99,IGI,813657983,https://api.igi.org/viewpdf.php?r=813657983,
732-44,White,F,Round,2.04,2.00–2.99ct,VVS2,IDEAL,EX,EX,8.15 X 8.19 X 5.01,61.3,57,1,IGI,762529839,https://api.igi.org/viewpdf.php?r=762529839,
748-82,White,G,Round,2.04,2.00–2.99ct,VS1,IDEAL,EX,EX,8.14 X 8.17 X 5.03,61.6,58,1,IGI,786622131,https://api.igi.org/viewpdf.php?r=786622131,
731-133,White,F,Round,2.04,2.00–2.99ct,VS1,IDEAL,EX,EX,8.26 X 8.29 X 4.94,59.8,58,1,IGI,760578837,https://api.igi.org/viewpdf.php?r=760578837,
741-374,White,G,Round,2.04,2.00–2.99ct,VVS2,IDEAL,EX,EX,8.19 X 8.23 X 4.99,60.9,58,1,IGI,790622288,https://api.igi.org/viewpdf.php?r=790622288,
750-51,White,F,Round,2.04,2.00–2.99ct,VS1,IDEAL,EX,EX,8.1 X 8.15 X 5.02,61.7,57,0.99,IGI,790622101,https://api.igi.org/viewpdf.php?r=790622101,
761-537,White,E,Round,2.04,2.00–2.99ct,VVS2,IDEAL,EX,EX,8.14 X 8.19 X 5.03,61.7,56,0.99,IGI,824615639,https://api.igi.org/viewpdf.php?r=824615639,
746-915,Fancy Colour,Fancy Intense Pink,Round,2.06,2.00–2.99ct,VVS2,IDEAL,EX,EX,8.17 X 8.21 X 5.01,61.2,58,1,IGI,792648557,https://api.igi.org/viewpdf.php?r=792648557,
746-248,Fancy Colour,Fancy Pink,Round,2.06,2.00–2.99ct,VS1,IDEAL,EX,EX,8.12 X 8.15 X 5.02,61.6,59,1,IGI,795648013,https://api.igi.org/viewpdf.php?r=795648013,
747-100,Fancy Colour,Fancy Intense Pink,Round,2.06,2.00–2.99ct,VS2,IDEAL,EX,EX,8.11 X 8.13 X 5.05,62.2,57,1,IGI,795648070,https://api.igi.org/viewpdf.php?r=795648070,
747-207,Fancy Colour,Fancy Vivid Pink,Round,2.06,2.00–2.99ct,VVS2,IDEAL,EX,EX,8.12 X 8.17 X 5.04,61.9,58,0.99,IGI,792648612,https://api.igi.org/viewpdf.php?r=792648612,
761-545,White,E,Round,2.04,2.00–2.99ct,VVS2,IDEAL,EX,EX,8.11 X 8.15 X 5.04,62,57,1,IGI,824615641,https://api.igi.org/viewpdf.php?r=824615641,
740-18,White,F,Round,2.04,2.00–2.99ct,VVS2,IDEAL,EX,EX,8.13 X 8.16 X 5.02,61.7,57,1,IGI,779607346,https://api.igi.org/viewpdf.php?r=779607346,
746-30,White,F,Round,2.04,2.00–2.99ct,VS1,IDEAL,EX,EX,8.18 X 8.21 X 4.98,60.7,57,1,IGI,784678205,https://api.igi.org/viewpdf.php?r=784678205,
740-131,White,F,Round,2.04,2.00–2.99ct,VVS2,IDEAL,EX,EX,8.06 X 8.09 X 5.03,62.2,58,1,IGI,779607345,https://api.igi.org/viewpdf.php?r=779607345,
746-656,Fancy Colour,Fancy Pink,Round,2.05,2.00–2.99ct,VS1,IDEAL,EX,EX,8.12 X 8.15 X 5.02,61.7,58,1,IGI,792648553,https://api.igi.org/viewpdf.php?r=792648553,
760-9,White,F,Round,2.04,2.00–2.99ct,VS1,IDEAL,EX,EX,8.13 X 8.19 X 4.97,60.9,59,0.99,IGI,817675120,https://api.igi.org/viewpdf.php?r=817675120,
747-94,Fancy Colour,Fancy Pink,Round,2.05,2.00–2.99ct,VS1,IDEAL,EX,EX,8.15 X 8.19 X 4.98,61,59,1,IGI,795647986,https://api.igi.org/viewpdf.php?r=795647986,
741-148,White,F,Round,2.04,2.00–2.99ct,VVS2,IDEAL,EX,EX,8.16 X 8.24 X 4.96,60.4,59,0.99,IGI,781626611,https://api.igi.org/viewpdf.php?r=781626611,
748-47,Fancy Colour,Fancy Pink,Round,2.05,2.00–2.99ct,VS2,IDEAL,EX,EX,8.1 X 8.16 X 5.07,62.4,58,0.99,IGI,795648081,https://api.igi.org/viewpdf.php?r=795648081,
746-131,White,G,Round,2.04,2.00–2.99ct,VS1,IDEAL,EX,EX,8.13 X 8.17 X 5.02,61.6,58,1,IGI,786622129,https://api.igi.org/viewpdf.php?r=786622129,
739-396,Fancy Colour,Fancy Pink,Round,2.05,2.00–2.99ct,VVS2,IDEAL,EX,EX,8.17 X 8.2 X 5.02,61.3,58,1,IGI,818696518,https://api.igi.org/viewpdf.php?r=818696518,
750-47,Fancy Colour,Fancy Intense Pink,Round,2.05,2.00–2.99ct,VS1,IDEAL,EX,EX,8.16 X 8.19 X 5.01,61.3,58,1,IGI,802623549,https://api.igi.org/viewpdf.php?r=802623549,
731-1425,White,F,Round,2.04,2.00–2.99ct,VS1,IDEAL,EX,EX,8.22 X 8.27 X 4.96,60.1,58,0.99,IGI,760578836,https://api.igi.org/viewpdf.php?r=760578836,
754-57,White,F,Round,2.04,2.00–2.99ct,VS1,IDEAL,EX,EX,8.14 X 8.17 X 5.01,61.4,58,1,IGI,795654655,https://api.igi.org/viewpdf.php?r=795654655,
753-101,Fancy Colour,Fancy Intense Pink,Round,2.05,2.00–2.99ct,VS1,IDEAL,EX,EX,8.14 X 8.17 X 4.99,61.1,58,1,IGI,807660723,https://api.igi.org/viewpdf.php?r=807660723,
761-7,White,F,Round,2.04,2.00–2.99ct,VVS2,IDEAL,EX,EX,8.19 X 8.21 X 5,61,58,1,IGI,823684129,https://api.igi.org/viewpdf.php?r=823684129,
754-135,Fancy Colour,Fancy Intense Pink,Round,2.05,2.00–2.99ct,VS2,IDEAL,EX,EX,8.13 X 8.15 X 5,61.4,58,1,IGI,802623550,https://api.igi.org/viewpdf.php?r=802623550,
748-29,Fancy Colour,Fancy Pink,Round,2.05,2.00–2.99ct,VVS2,IDEAL,EX,EX,8.15 X 8.17 X 5.01,61.4,58,1,IGI,795648014,https://api.igi.org/viewpdf.php?r=795648014,
748-32,Fancy Colour,Fancy Pink,Round,2.05,2.00–2.99ct,VVS2,IDEAL,EX,EX,8.11 X 8.18 X 5.01,61.6,58,0.99,IGI,795648012,https://api.igi.org/viewpdf.php?r=795648012,
737-28,White,E,Round,2.04,2.00–2.99ct,VVS1,IDEAL,EX,EX,8.11 X 8.15 X 5.04,62,57,1,IGI,768675564,https://api.igi.org/viewpdf.php?r=768675564,
745-3,White,G,Round,2.04,2.00–2.99ct,VS1,IDEAL,EX,EX,8.18 X 8.21 X 4.99,60.8,57,1,IGI,784678240,https://api.igi.org/viewpdf.php?r=784678240,
757-222,Fancy Colour,Fancy Pink,Round,2.05,2.00–2.99ct,VVS2,EX,EX,EX,8.07 X 8.1 X 5.05,62.4,57,1,IGI,813657986,https://api.igi.org/viewpdf.php?r=813657986,
746-303,White,F,Round,2.04,2.00–2.99ct,VS1,IDEAL,EX,EX,8.18 X 8.22 X 5.01,61.1,58,1,IGI,786622348,https://api.igi.org/viewpdf.php?r=786622348,
743-15,White,G,Round,2.04,2.00–2.99ct,VS1,IDEAL,EX,EX,8.11 X 8.14 X 5.05,62.2,56,1,IGI,782690443,https://api.igi.org/viewpdf.php?r=782690443,
746-37,Fancy Colour,Fancy Pink,Round,2.05,2.00–2.99ct,VS2,IDEAL,EX,EX,8.21 X 8.23 X 4.99,60.8,58,1,IGI,792648555,https://api.igi.org/viewpdf.php?r=792648555,
750-8,White,G,Round,2.04,2.00–2.99ct,VVS2,IDEAL,EX,EX,8.21 X 8.24 X 4.96,60.4,59,1,IGI,786622125,https://api.igi.org/viewpdf.php?r=786622125,
746-520,White,F,Round,2.04,2.00–2.99ct,VVS2,IDEAL,EX,EX,8.18 X 8.24 X 5,60.9,56,0.99,IGI,786622132,https://api.igi.org/viewpdf.php?r=786622132,
746-26,Fancy Colour,Fancy Vivid Pink,Round,2.05,2.00–2.99ct,VS1,IDEAL,EX,EX,8.07 X 8.11 X 5.06,62.5,56,1,IGI,792648617,https://api.igi.org/viewpdf.php?r=792648617,
746-290,Fancy Colour,Fancy Intense Pink,Round,2.05,2.00–2.99ct,VS1,IDEAL,EX,EX,8.1 X 8.15 X 5.06,62.4,56,0.99,IGI,795654851,https://api.igi.org/viewpdf.php?r=795654851,
746-258,White,F,Round,2.04,2.00–2.99ct,VS1,IDEAL,EX,EX,8.11 X 8.14 X 5.04,62.1,57,1,IGI,784678156,https://api.igi.org/viewpdf.php?r=784678156,
758-874,White,D,Round,2.04,2.00–2.99ct,VS1,IDEAL,EX,EX,8.11 X 8.14 X 5.04,62,59,1,IGI,816631948,https://api.igi.org/viewpdf.php?r=816631948,
746-781,Fancy Colour,Fancy Pink,Round,2.05,2.00–2.99ct,VS1,IDEAL,EX,EX,8.11 X 8.13 X 5.07,62.4,57,1,IGI,795648078,https://api.igi.org/viewpdf.php?r=795648078,
753-129,White,F,Round,2.04,2.00–2.99ct,VS1,IDEAL,EX,EX,8.08 X 8.12 X 5.05,62.4,58,1,IGI,795647837,https://api.igi.org/viewpdf.php?r=795647837,
746-10,Fancy Colour,Fancy Pink,Round,2.05,2.00–2.99ct,VS1,IDEAL,EX,EX,8.19 X 8.23 X 4.99,60.8,58,1,IGI,795648037,https://api.igi.org/viewpdf.php?r=795648037,
761-437,White,F,Round,2.04,2.00–2.99ct,VVS2,IDEAL,EX,EX,8.13 X 8.17 X 4.97,61,58,1,IGI,823684125,https://api.igi.org/viewpdf.php?r=823684125,
740-444,White,F,Round,2.04,2.00–2.99ct,VVS2,IDEAL,EX,EX,8.16 X 8.23 X 4.98,60.7,58,0.99,IGI,779665157,https://api.igi.org/viewpdf.php?r=779665157,
742-297,White,F,Round,2.04,2.00–2.99ct,VVS2,EX,EX,EX,8.05 X 8.09 X 5.05,62.6,58,1,IGI,782627675,https://api.igi.org/viewpdf.php?r=782627675,
746-307,White,G,Round,2.04,2.00–2.99ct,VVS2,IDEAL,EX,EX,8.11 X 8.15 X 5.03,61.9,59,1,IGI,784678237,https://api.igi.org/viewpdf.php?r=784678237,
745-8,Fancy Colour,Fancy Pink,Round,2.05,2.00–2.99ct,VS1,IDEAL,EX,EX,8.18 X 8.2 X 5,61.1,57,1,IGI,795648079,https://api.igi.org/viewpdf.php?r=795648079,
761-361,White,F,Round,2.04,2.00–2.99ct,VS1,IDEAL,EX,EX,8.1 X 8.13 X 5.03,62,58,1,IGI,823643312,https://api.igi.org/viewpdf.php?r=823643312,
755-6,White,F,Round,2.04,2.00–2.99ct,VS1,IDEAL,EX,EX,8.18 X 8.21 X 4.96,60.5,58,1,IGI,803618161,https://api.igi.org/viewpdf.php?r=803618161,
742-255,Fancy Colour,Fancy Deep Orange,Round,2.05,2.00–2.99ct,VVS2,IDEAL,EX,EX,8.11 X 8.16 X 5.05,62.1,57,0.99,IGI,798602655,https://api.igi.org/viewpdf.php?r=798602655,
748-34,White,G,Round,2.04,2.00–2.99ct,VVS2,IDEAL,EX,EX,8.15 X 8.19 X 5.01,61.3,56,1,IGI,786622126,https://api.igi.org/viewpdf.php?r=786622126,
748-35,Fancy Colour,Fancy Pink,Round,2.05,2.00–2.99ct,VS1,IDEAL,EX,EX,8.12 X 8.16 X 5.06,62.1,57,1,IGI,795647999,https://api.igi.org/viewpdf.php?r=795647999,
743-168,Fancy Colour,Fancy Intense Pink,Round,2.05,2.00–2.99ct,VS1,IDEAL,EX,EX,8.13 X 8.2 X 5.03,61.7,58,0.99,IGI,795647998,https://api.igi.org/viewpdf.php?r=795647998,
748-41,Fancy Colour,Fancy Intense Pink,Round,2.05,2.00–2.99ct,VVS2,IDEAL,EX,EX,8.15 X 8.18 X 5,61.3,58,1,IGI,792648616,https://api.igi.org/viewpdf.php?r=792648616,
729-582,White,F,Round,2.04,2.00–2.99ct,VVS2,IDEAL,EX,EX,8.19 X 8.22 X 4.96,60.4,59,1,IGI,751509987,https://api.igi.org/viewpdf.php?r=751509987,
747-42,Fancy Colour,Fancy Pink,Round,2.05,2.00–2.99ct,VS1,IDEAL,EX,EX,8.13 X 8.16 X 5.03,61.7,58,1,IGI,795648007,https://api.igi.org/viewpdf.php?r=795648007,
760-288,White,F,Round,2.04,2.00–2.99ct,VVS2,IDEAL,EX,EX,8.17 X 8.2 X 4.97,60.8,56,1,IGI,819696663,https://api.igi.org/viewpdf.php?r=819696663,
746-44,Fancy Colour,Fancy Intense Pink,Round,2.05,2.00–2.99ct,VS1,IDEAL,EX,EX,8.08 X 8.15 X 5.04,62.1,58,0.99,IGI,792648615,https://api.igi.org/viewpdf.php?r=792648615,
748-142,Fancy Colour,Fancy Pink,Round,2.05,2.00–2.99ct,VVS2,IDEAL,EX,EX,8.13 X 8.17 X 5.04,61.9,57,1,IGI,795648008,https://api.igi.org/viewpdf.php?r=795648008,
760-7,White,F,Round,2.04,2.00–2.99ct,VS1,IDEAL,EX,EX,8.13 X 8.17 X 5.02,61.7,57,1,IGI,821689323,https://api.igi.org/viewpdf.php?r=821689323,
746-166,Fancy Colour,Fancy Pink,Round,2.05,2.00–2.99ct,VVS2,IDEAL,EX,EX,8.2 X 8.22 X 4.99,60.8,57,1,IGI,792648558,https://api.igi.org/viewpdf.php?r=792648558,
748-51,White,F,Round,2.04,2.00–2.99ct,VVS2,IDEAL,EX,EX,8.08 X 8.12 X 5.03,62.1,58,1,IGI,790622287,https://api.igi.org/viewpdf.php?r=790622287,
761-446,White,E,Round,2.04,2.00–2.99ct,VS1,IDEAL,EX,EX,8.15 X 8.2 X 5,61.2,59,0.99,IGI,824615642,https://api.igi.org/viewpdf.php?r=824615642,
748-6,Fancy Colour,Fancy Intense Pink,Round,2.05,2.00–2.99ct,VS1,IDEAL,EX,EX,8.15 X 8.17 X 5.02,61.5,57,1,IGI,802623605,https://api.igi.org/viewpdf.php?r=802623605,
745-33,Fancy Colour,Fancy Vivid Pink,Round,2.05,2.00–2.99ct,VS1,IDEAL,EX,EX,8.14 X 8.18 X 5.01,61.5,59,1,IGI,792648551,https://api.igi.org/viewpdf.php?r=792648551,
760-545,White,F,Round,2.04,2.00–2.99ct,VS1,IDEAL,EX,EX,8.2 X 8.23 X 4.99,60.7,57,1,IGI,821689296,https://api.igi.org/viewpdf.php?r=821689296,
704-197,Fancy Colour,Fancy Vivid Pink,Round,2.05,2.00–2.99ct,VVS2,IDEAL,EX,EX,8.14 X 8.2 X 5.04,61.8,57,0.99,IGI,719561968,https://api.igi.org/viewpdf.php?r=719561968,
759-38,White,F,Round,2.04,2.00–2.99ct,VVS2,IDEAL,EX,EX,8.24 X 8.32 X 4.97,60.1,57,0.99,IGI,818611970,https://api.igi.org/viewpdf.php?r=818611970,
731-685,White,F,Round,2.04,2.00–2.99ct,VVS2,IDEAL,EX,EX,8.13 X 8.16 X 5.03,61.8,56,1,IGI,756557590,https://api.igi.org/viewpdf.php?r=756557590,
759-216,White,G,Round,2.04,2.00–2.99ct,VVS2,IDEAL,EX,EX,8.11 X 8.15 X 5.01,61.6,58,1,IGI,817675029,https://api.igi.org/viewpdf.php?r=817675029,
704-217,Fancy Colour,Fancy Vivid Pink,Round,2.05,2.00–2.99ct,VVS2,IDEAL,EX,EX,8.1 X 8.13 X 5.03,62,58,1,IGI,719561976,https://api.igi.org/viewpdf.php?r=719561976,
746-428,Fancy Colour,Fancy Intense Pink,Round,2.05,2.00–2.99ct,VVS2,IDEAL,EX,EX,8.08 X 8.13 X 5,61.6,59,0.99,IGI,795648010,https://api.igi.org/viewpdf.php?r=795648010,
747-27,Fancy Colour,Fancy Pink,Round,2.05,2.00–2.99ct,VS1,IDEAL,EX,EX,8.15 X 8.17 X 5.04,61.8,59,1,IGI,792648613,https://api.igi.org/viewpdf.php?r=792648613,
747-31,Fancy Colour,Fancy Intense Pink,Round,2.05,2.00–2.99ct,VS1,IDEAL,EX,EX,8.12 X 8.15 X 5.02,61.7,58,1,IGI,792648614,https://api.igi.org/viewpdf.php?r=792648614,
753-30,White,F,Round,2.04,2.00–2.99ct,VS1,IDEAL,EX,EX,8.24 X 8.27 X 4.94,59.9,59,1,IGI,795654764,https://api.igi.org/viewpdf.php?r=795654764,
760-550,White,F,Round,2.04,2.00–2.99ct,VVS2,IDEAL,EX,EX,8.16 X 8.2 X 4.97,60.8,57,1,IGI,821689295,https://api.igi.org/viewpdf.php?r=821689295,
705-149,Fancy Colour,Fancy Intense Pink,Round,2.05,2.00–2.99ct,VVS2,IDEAL,EX,EX,8.21 X 8.26 X 4.94,60,59,0.99,IGI,720578938,https://api.igi.org/viewpdf.php?r=720578938,
757-121,Fancy Colour,Fancy Intense Pink,Round,2.05,2.00–2.99ct,VS2,IDEAL,EX,EX,8.18 X 8.22 X 4.98,60.7,57,1,IGI,813657988,https://api.igi.org/viewpdf.php?r=813657988,
760-403,White,F,Round,2.04,2.00–2.99ct,VVS2,IDEAL,EX,EX,8.2 X 8.23 X 4.96,60.4,59,1,IGI,819696660,https://api.igi.org/viewpdf.php?r=819696660,
745-5,Fancy Colour,Fancy Intense Pink,Round,2.05,2.00–2.99ct,VS1,IDEAL,EX,EX,8.16 X 8.17 X 5.02,61.5,59,1,IGI,795654852,https://api.igi.org/viewpdf.php?r=795654852,
761-36,White,F,Round,2.04,2.00–2.99ct,VVS2,IDEAL,EX,EX,8.11 X 8.16 X 5.05,62.1,56,0.99,IGI,823643358,https://api.igi.org/viewpdf.php?r=823643358,
751-60,White,F,Round,2.04,2.00–2.99ct,VS1,IDEAL,EX,EX,8.09 X 8.12 X 5.02,61.9,58,1,IGI,790622284,https://api.igi.org/viewpdf.php?r=790622284,
760-136,White,F,Round,2.04,2.00–2.99ct,VVS2,IDEAL,EX,EX,8.2 X 8.25 X 4.96,60.3,58,0.99,IGI,819696659,https://api.igi.org/viewpdf.php?r=819696659,
750-5,White,F,Round,2.04,2.00–2.99ct,VS1,IDEAL,EX,EX,8.11 X 8.15 X 4.99,61.4,58,1,IGI,786622127,https://api.igi.org/viewpdf.php?r=786622127,
755-7,Fancy Colour,Fancy Intense Pink,Round,2.05,2.00–2.99ct,VS1,IDEAL,EX,EX,8.14 X 8.16 X 5.02,61.7,57,1,IGI,813658006,https://api.igi.org/viewpdf.php?r=813658006,
750-88,White,F,Round,2.04,2.00–2.99ct,VS1,IDEAL,EX,EX,8.15 X 8.24 X 4.99,61,58,0.99,IGI,790622110,https://api.igi.org/viewpdf.php?r=790622110,
761-462,White,E,Round,2.04,2.00–2.99ct,VVS2,IDEAL,EX,EX,8.13 X 8.19 X 5,61.3,57,0.99,IGI,824615637,https://api.igi.org/viewpdf.php?r=824615637,
760-601,White,F,Round,2.04,2.00–2.99ct,VVS2,IDEAL,EX,EX,8.11 X 8.17 X 5.04,61.8,58,0.99,IGI,821689294,https://api.igi.org/viewpdf.php?r=821689294,
760-727,White,F,Round,2.04,2.00–2.99ct,VS1,IDEAL,EX,EX,8.17 X 8.2 X 4.96,60.6,57,1,IGI,821689300,https://api.igi.org/viewpdf.php?r=821689300,
746-109,White,F,Round,2.04,2.00–2.99ct,VS1,IDEAL,EX,EX,8.15 X 8.19 X 5.01,61.3,58,1,IGI,784678233,https://api.igi.org/viewpdf.php?r=784678233,
761-226,White,E,Round,2.04,2.00–2.99ct,VS1,IDEAL,EX,EX,8.12 X 8.17 X 5.02,61.5,57,0.99,IGI,824615640,https://api.igi.org/viewpdf.php?r=824615640,
759-214,White,F,Round,2.04,2.00–2.99ct,VVS2,IDEAL,EX,EX,8.11 X 8.16 X 4.99,61.3,59,0.99,IGI,817605891,https://api.igi.org/viewpdf.php?r=817605891,
761-19,White,F,Round,2.04,2.00–2.99ct,VS1,IDEAL,EX,EX,8.12 X 8.16 X 5,61.4,59,1,IGI,823684123,https://api.igi.org/viewpdf.php?r=823684123,
760-768,White,F,Round,2.04,2.00–2.99ct,VS1,IDEAL,EX,EX,8.18 X 8.2 X 4.95,60.4,60,1,IGI,821689298,https://api.igi.org/viewpdf.php?r=821689298,
759-6,White,F,Round,2.04,2.00–2.99ct,VVS2,IDEAL,EX,EX,8.23 X 8.29 X 4.9,59.4,58,0.99,IGI,818611971,https://api.igi.org/viewpdf.php?r=818611971,
760-61,White,F,Round,2.03,2.00–2.99ct,VVS2,IDEAL,EX,EX,8.05 X 8.1 X 5.02,62.2,58,0.99,IGI,821689380,https://api.igi.org/viewpdf.php?r=821689380,
746-438,Fancy Colour,Fancy Intense Pink,Round,2.04,2.00–2.99ct,VVS2,IDEAL,EX,EX,8.18 X 8.22 X 5.01,61.1,57,1,IGI,792648505,https://api.igi.org/viewpdf.php?r=792648505,
745-6,Fancy Colour,Fancy Pink,Round,2.04,2.00–2.99ct,VS1,IDEAL,EX,EX,8.09 X 8.12 X 4.97,61.3,58,1,IGI,795648076,https://api.igi.org/viewpdf.php?r=795648076,
746-29,White,F,Round,2.03,2.00–2.99ct,VVS2,IDEAL,EX,EX,8.12 X 8.15 X 4.99,61.3,59,1,IGI,790622353,https://api.igi.org/viewpdf.php?r=790622353,
737-47,White,F,Round,2.03,2.00–2.99ct,VVS2,IDEAL,EX,EX,8.14 X 8.16 X 5.02,61.6,57,1,IGI,774639269,https://api.igi.org/viewpdf.php?r=774639269,
760-41,White,F,Round,2.03,2.00–2.99ct,VS1,IDEAL,EX,EX,8.13 X 8.19 X 4.98,61,59,0.99,IGI,821689350,https://api.igi.org/viewpdf.php?r=821689350,
746-264,Fancy Colour,Fancy Intense Pink,Round,2.04,2.00–2.99ct,VVS2,IDEAL,EX,EX,8.17 X 8.18 X 5,61.1,58,1,IGI,795647996,https://api.igi.org/viewpdf.php?r=795647996,
759-727,White,F,Round,2.03,2.00–2.99ct,VVS2,IDEAL,EX,EX,8.13 X 8.19 X 4.96,60.8,58,0.99,IGI,818611952,https://api.igi.org/viewpdf.php?r=818611952,
746-24,Fancy Colour,Fancy Intense Pink,Round,2.04,2.00–2.99ct,VS1,IDEAL,EX,EX,8.19 X 8.22 X 5,61,56,1,IGI,795647997,https://api.igi.org/viewpdf.php?r=795647997,
747-64,White,F,Round,2.03,2.00–2.99ct,VVS2,IDEAL,EX,EX,8.14 X 8.17 X 4.99,61.2,58,1,IGI,795647809,https://api.igi.org/viewpdf.php?r=795647809,
746-5,Fancy Colour,Fancy Intense Pink,Round,2.04,2.00–2.99ct,VS1,IDEAL,EX,EX,8.11 X 8.15 X 5.05,62.1,57,1,IGI,795648080,https://api.igi.org/viewpdf.php?r=795648080,
746-262,White,F,Round,2.03,2.00–2.99ct,VVS2,IDEAL,EX,EX,8.21 X 8.23 X 4.99,60.7,57,1,IGI,784678162,https://api.igi.org/viewpdf.php?r=784678162,
737-13,White,F,Round,2.03,2.00–2.99ct,VVS2,IDEAL,EX,EX,8.16 X 8.22 X 4.97,60.7,57,0.99,IGI,774639322,https://api.igi.org/viewpdf.php?r=774639322,
755-46,Fancy Colour,Fancy Intense Pink,Round,2.04,2.00–2.99ct,VVS2,IDEAL,EX,EX,8.08 X 8.14 X 5.01,61.8,59,0.99,IGI,815671307,https://api.igi.org/viewpdf.php?r=815671307,
753-56,White,G,Round,2.03,2.00–2.99ct,VS1,IDEAL,EX,EX,8.26 X 8.28 X 4.91,59.4,58,1,IGI,795654581,https://api.igi.org/viewpdf.php?r=795654581,
761-63,White,D,Round,2.03,2.00–2.99ct,VS1,IDEAL,EX,EX,8.06 X 8.09 X 5.03,62.3,57,1,IGI,823643338,https://api.igi.org/viewpdf.php?r=823643338,
753-3,White,F,Round,2.03,2.00–2.99ct,VS1,IDEAL,EX,EX,8.18 X 8.23 X 4.97,60.5,56,0.99,IGI,795654767,https://api.igi.org/viewpdf.php?r=795654767,
742-254,White,F,Round,2.03,2.00–2.99ct,VVS2,IDEAL,EX,EX,8.1 X 8.14 X 5.04,62.1,56,1,IGI,782627662,https://api.igi.org/viewpdf.php?r=782627662,
760-115,White,F,Round,2.03,2.00–2.99ct,VVS2,IDEAL,EX,EX,8.04 X 8.09 X 5.02,62.3,59,0.99,IGI,821689378,https://api.igi.org/viewpdf.php?r=821689378,
761-464,White,E,Round,2.03,2.00–2.99ct,VVS2,IDEAL,EX,EX,8.18 X 8.22 X 4.94,60.4,59,1,IGI,823684188,https://api.igi.org/viewpdf.php?r=823684188,
743-2,Fancy Colour,Fancy Intense Pink,Round,2.04,2.00–2.99ct,VVS2,IDEAL,EX,EX,8.18 X 8.21 X 4.99,60.9,58,1,IGI,795648071,https://api.igi.org/viewpdf.php?r=795648071,
753-29,Fancy Colour,Fancy Intense Pink,Round,2.04,2.00–2.99ct,VVS2,IDEAL,EX,EX,8.11 X 8.14 X 5.04,62,57,1,IGI,802623546,https://api.igi.org/viewpdf.php?r=802623546,
761-669,White,F,Round,2.03,2.00–2.99ct,VVS2,IDEAL,EX,EX,8.09 X 8.16 X 5.06,62.4,57,0.99,IGI,824615698,https://api.igi.org/viewpdf.php?r=824615698,
758-126,White,D,Round,2.03,2.00–2.99ct,VS2,IDEAL,EX,EX,8.08 X 8.12 X 5.01,61.8,57,1,IGI,815648699,https://api.igi.org/viewpdf.php?r=815648699,
747-38,Fancy Colour,Fancy Pink,Round,2.04,2.00–2.99ct,VS1,IDEAL,EX,EX,8.13 X 8.18 X 5,61.3,58,0.99,IGI,795648074,https://api.igi.org/viewpdf.php?r=795648074,
755-26,White,F,Round,2.03,2.00–2.99ct,VS1,IDEAL,EX,EX,8.23 X 8.27 X 4.93,59.8,58,1,IGI,803617931,https://api.igi.org/viewpdf.php?r=803617931,
760-14,White,F,Round,2.03,2.00–2.99ct,VS1,IDEAL,EX,EX,8.18 X 8.22 X 4.93,60,58,1,IGI,821689384,https://api.igi.org/viewpdf.php?r=821689384,
755-42,White,F,Round,2.03,2.00–2.99ct,VVS2,IDEAL,EX,EX,8.05 X 8.1 X 4.98,61.6,57,0.99,IGI,803617886,https://api.igi.org/viewpdf.php?r=803617886,
746-2,Fancy Colour,Fancy Intense Pink,Round,2.04,2.00–2.99ct,VVS2,IDEAL,EX,EX,8.11 X 8.13 X 5.04,62,57,1,IGI,795648069,https://api.igi.org/viewpdf.php?r=795648069,
746-286,White,F,Round,2.03,2.00–2.99ct,VS1,IDEAL,EX,EX,8.04 X 8.09 X 5.04,62.5,58,0.99,IGI,784678170,https://api.igi.org/viewpdf.php?r=784678170,
754-82,Fancy Colour,Fancy Intense Pink,Round,2.04,2.00–2.99ct,VVS2,IDEAL,EX,EX,8.17 X 8.21 X 4.98,60.9,58,1,IGI,802623542,https://api.igi.org/viewpdf.php?r=802623542,
760-105,White,E,Round,2.03,2.00–2.99ct,VS1,IDEAL,EX,EX,8.22 X 8.29 X 4.95,59.9,59,0.99,IGI,823643327,https://api.igi.org/viewpdf.php?r=823643327,
755-28,White,F,Round,2.03,2.00–2.99ct,VS1,IDEAL,EX,EX,8.08 X 8.14 X 5.01,61.8,57,0.99,IGI,803617914,https://api.igi.org/viewpdf.php?r=803617914,
755-493,White,F,Round,2.03,2.00–2.99ct,VVS2,IDEAL,EX,EX,8.12 X 8.18 X 4.92,60.3,59,0.99,IGI,803617884,https://api.igi.org/viewpdf.php?r=803617884,
754-84,Fancy Colour,Fancy Intense Pink,Round,2.04,2.00–2.99ct,VS2,IDEAL,EX,EX,8.12 X 8.16 X 5.01,61.6,58,1,IGI,807660721,https://api.igi.org/viewpdf.php?r=807660721,
750-41,White,F,Round,2.03,2.00–2.99ct,VS1,IDEAL,EX,EX,8.08 X 8.11 X 5.04,62.3,56,1,IGI,790622352,https://api.igi.org/viewpdf.php?r=790622352,
760-360,White,F,Round,2.03,2.00–2.99ct,VS1,IDEAL,EX,EX,8.15 X 8.2 X 5.02,61.5,56,0.99,IGI,819696671,https://api.igi.org/viewpdf.php?r=819696671,
759-301,White,F,Round,2.03,2.00–2.99ct,VVS2,IDEAL,EX,EX,8.18 X 8.24 X 4.94,60.2,58,0.99,IGI,817675027,https://api.igi.org/viewpdf.php?r=817675027,
746-142,Fancy Colour,Fancy Intense Pink,Round,2.04,2.00–2.99ct,VS1,IDEAL,EX,EX,8.17 X 8.22 X 5,60.9,58,0.99,IGI,818696513,https://api.igi.org/viewpdf.php?r=818696513,
741-19,Fancy Colour,Fancy Pink,Round,2.04,2.00–2.99ct,VS1,IDEAL,EX,EX,8.12 X 8.15 X 5,61.5,58,1,IGI,792648479,https://api.igi.org/viewpdf.php?r=792648479,
761-238,White,E,Round,2.03,2.00–2.99ct,VS1,IDEAL,EX,EX,8.1 X 8.15 X 5.03,62,56,0.99,IGI,823643355,https://api.igi.org/viewpdf.php?r=823643355,
759-3,White,F,Round,2.03,2.00–2.99ct,VVS2,IDEAL,EX,EX,8.14 X 8.16 X 5,61.4,57,1,IGI,817675119,https://api.igi.org/viewpdf.php?r=817675119,
747-213,White,F,Round,2.03,2.00–2.99ct,VVS2,IDEAL,EX,EX,8.06 X 8.11 X 5.05,62.5,57,0.99,IGI,786622134,https://api.igi.org/viewpdf.php?r=786622134,
741-126,White,F,Round,2.03,2.00–2.99ct,VVS2,IDEAL,EX,EX,8.16 X 8.2 X 4.96,60.6,57,1,IGI,780643420,https://api.igi.org/viewpdf.php?r=780643420,
743-385,White,F,Round,2.03,2.00–2.99ct,VVS2,IDEAL,EX,EX,8.08 X 8.13 X 5,61.7,58,0.99,IGI,782690437,https://api.igi.org/viewpdf.php?r=782690437,
761-534,White,E,Round,2.03,2.00–2.99ct,VS1,IDEAL,EX,EX,8.11 X 8.15 X 5.04,62,55,1,IGI,823684127,https://api.igi.org/viewpdf.php?r=823684127,
746-295,Fancy Colour,Fancy Intense Pink,Round,2.04,2.00–2.99ct,VVS2,IDEAL,EX,EX,8.14 X 8.17 X 5.01,61.4,57,1,IGI,792648501,https://api.igi.org/viewpdf.php?r=792648501,
746-59,Fancy Colour,Fancy Intense Pink,Round,2.04,2.00–2.99ct,VS1,IDEAL,EX,EX,8.17 X 8.21 X 4.99,60.9,58,1,IGI,792648556,https://api.igi.org/viewpdf.php?r=792648556,
749-73,Fancy Colour,Fancy Intense Pink,Round,2.04,2.00–2.99ct,VS1,IDEAL,EX,EX,8.11 X 8.15 X 4.97,61.1,58,1,IGI,802623544,https://api.igi.org/viewpdf.php?r=802623544,
755-1,Fancy Colour,Fancy Intense Pink,Round,2.04,2.00–2.99ct,VS1,IDEAL,EX,EX,8.13 X 8.16 X 5,61.3,58,1,IGI,813657987,https://api.igi.org/viewpdf.php?r=813657987,
738-369,White,F,Round,2.03,2.00–2.99ct,VS1,IDEAL,EX,EX,8.23 X 8.26 X 4.97,60.3,57,1,IGI,779607422,https://api.igi.org/viewpdf.php?r=779607422,
760-392,White,F,Round,2.03,2.00–2.99ct,VS1,IDEAL,EX,EX,8.08 X 8.13 X 5.04,62.2,59,0.99,IGI,821689383,https://api.igi.org/viewpdf.php?r=821689383,
759-590,White,F,Round,2.03,2.00–2.99ct,VVS2,IDEAL,EX,EX,8.12 X 8.19 X 4.99,61.2,59,0.99,IGI,818611943,https://api.igi.org/viewpdf.php?r=818611943,
747-282,White,G,Round,2.03,2.00–2.99ct,VVS2,IDEAL,EX,EX,8.18 X 8.22 X 4.98,60.7,58,1,IGI,786622341,https://api.igi.org/viewpdf.php?r=786622341,
742-64,White,F,Round,2.03,2.00–2.99ct,VVS2,IDEAL,EX,EX,8.06 X 8.09 X 5.03,62.2,58,1,IGI,781626036,https://api.igi.org/viewpdf.php?r=781626036,
746-42,Fancy Colour,Fancy Intense Pink,Round,2.04,2.00–2.99ct,VS1,IDEAL,EX,EX,8.1 X 8.15 X 5,61.5,58,0.99,IGI,795647995,https://api.igi.org/viewpdf.php?r=795647995,
761-40,White,F,Round,2.03,2.00–2.99ct,VS1,IDEAL,EX,EX,8.18 X 8.2 X 4.95,60.4,59,1,IGI,823643354,https://api.igi.org/viewpdf.php?r=823643354,
704-13,Fancy Colour,Fancy Vivid Pink,Round,2.04,2.00–2.99ct,VVS2,IDEAL,EX,EX,8.08 X 8.1 X 5.02,62,59,1,IGI,694566555,https://api.igi.org/viewpdf.php?r=694566555,
739-299,White,E,Round,2.03,2.00–2.99ct,VVS2,IDEAL,EX,EX,8.21 X 8.25 X 4.92,59.8,59,1,IGI,779665161,https://api.igi.org/viewpdf.php?r=779665161,
744-872,Fancy Colour,Fancy Intense Pink,Round,2.04,2.00–2.99ct,VS1,IDEAL,EX,EX,8.19 X 8.23 X 4.97,60.6,59,1,IGI,802623541,https://api.igi.org/viewpdf.php?r=802623541,
754-96,White,F,Round,2.03,2.00–2.99ct,VS1,IDEAL,EX,EX,8.14 X 8.17 X 4.98,61,59,1,IGI,795654749,https://api.igi.org/viewpdf.php?r=795654749,
746-173,White,F,Round,2.03,2.00–2.99ct,VS1,IDEAL,EX,EX,8.08 X 8.13 X 5,61.7,56,0.99,IGI,786622344,https://api.igi.org/viewpdf.php?r=786622344,
746-265,Fancy Colour,Fancy Pink,Round,2.04,2.00–2.99ct,VVS2,IDEAL,EX,EX,8.15 X 8.19 X 4.99,61.1,57,1,IGI,792648552,https://api.igi.org/viewpdf.php?r=792648552,
760-35,White,F,Round,2.03,2.00–2.99ct,VS1,IDEAL,EX,EX,8.12 X 8.18 X 5,61.4,58,0.99,IGI,819696622,https://api.igi.org/viewpdf.php?r=819696622,
744-64,Fancy Colour,Fancy Intense Pink,Round,2.04,2.00–2.99ct,VS1,IDEAL,EX,EX,8.08 X 8.12 X 5.02,61.9,58,1,IGI,802623540,https://api.igi.org/viewpdf.php?r=802623540,
743-103,White,F,Round,2.03,2.00–2.99ct,VVS2,IDEAL,EX,EX,8.11 X 8.15 X 4.98,61.3,57,1,IGI,784678288,https://api.igi.org/viewpdf.php?r=784678288,
744-4,Fancy Colour,Fancy Intense Pink,Round,2.04,2.00–2.99ct,VVS2,IDEAL,EX,EX,8.2 X 8.23 X 4.92,59.9,59,1,IGI,815671306,https://api.igi.org/viewpdf.php?r=815671306,
761-327,White,D,Round,2.03,2.00–2.99ct,VVS2,IDEAL,EX,EX,8.12 X 8.15 X 5.04,61.9,57,1,IGI,823643268,https://api.igi.org/viewpdf.php?r=823643268,
760-477,White,F,Round,2.03,2.00–2.99ct,VS1,IDEAL,EX,EX,8.2 X 8.22 X 4.95,60.3,58,1,IGI,819696625,https://api.igi.org/viewpdf.php?r=819696625,
747-258,Fancy Colour,Fancy Intense Pink,Round,2.04,2.00–2.99ct,VS1,IDEAL,EX,EX,8.19 X 8.22 X 4.96,60.5,57,1,IGI,807660734,https://api.igi.org/viewpdf.php?r=807660734,
743-62,White,F,Round,2.03,2.00–2.99ct,VVS2,IDEAL,EX,EX,8.11 X 8.17 X 5.02,61.8,57,0.99,IGI,784678287,https://api.igi.org/viewpdf.php?r=784678287,
755-203,Fancy Colour,Fancy Intense Pink,Round,2.04,2.00–2.99ct,VVS2,IDEAL,EX,EX,8.14 X 8.17 X 4.99,61.3,58,1,IGI,813658020,https://api.igi.org/viewpdf.php?r=813658020,
746-306,White,F,Round,2.02,2.00–2.99ct,VVS2,IDEAL,EX,EX,8.03 X 8.08 X 5.01,62.2,59,0.99,IGI,784678263,https://api.igi.org/viewpdf.php?r=784678263,
761-159,White,F,Round,2.02,2.00–2.99ct,VS1,IDEAL,EX,EX,8.18 X 8.23 X 4.91,59.9,59,0.99,IGI,823684185,https://api.igi.org/viewpdf.php?r=823684185,
759-143,White,F,Round,2.02,2.00–2.99ct,VS1,IDEAL,EX,EX,8.03 X 8.09 X 5.03,62.4,57,0.99,IGI,817605913,https://api.igi.org/viewpdf.php?r=817605913,
761-434,White,E,Round,2.02,2.00–2.99ct,VVS2,IDEAL,EX,EX,8.14 X 8.16 X 4.95,60.7,59,1,IGI,823643329,https://api.igi.org/viewpdf.php?r=823643329,
746-778,Fancy Colour,Fancy Intense Pink,Round,2.04,2.00–2.99ct,VVS2,IDEAL,EX,EX,8.14 X 8.18 X 5.06,62,55,1,IGI,792648560,https://api.igi.org/viewpdf.php?r=792648560,
746-28,Fancy Colour,Fancy Intense Pink,Round,2.04,2.00–2.99ct,VVS2,IDEAL,EX,EX,8.12 X 8.14 X 5.04,62,57,1,IGI,795647988,https://api.igi.org/viewpdf.php?r=795647988,
699-133,Fancy Colour,Fancy Vivid Pink,Round,2.04,2.00–2.99ct,VVS2,IDEAL,EX,EX,8.13 X 8.17 X 4.98,61.1,59,1,IGI,690513602,https://api.igi.org/viewpdf.php?r=690513602,
760-43,White,F,Round,2.02,2.00–2.99ct,VVS2,EX,EX,EX,8.01 X 8.04 X 5.01,62.4,58,1,IGI,821689307,https://api.igi.org/viewpdf.php?r=821689307,
761-546,White,E,Round,2.02,2.00–2.99ct,VVS2,IDEAL,EX,EX,8.12 X 8.15 X 4.94,60.7,58,1,IGI,823643336,https://api.igi.org/viewpdf.php?r=823643336,
761-315,White,E,Round,2.02,2.00–2.99ct,VS1,IDEAL,EX,EX,8.07 X 8.12 X 5,61.7,57,0.99,IGI,824615694,https://api.igi.org/viewpdf.php?r=824615694,
761-49,White,E,Round,2.02,2.00–2.99ct,VS1,IDEAL,EX,EX,8.14 X 8.17 X 4.96,60.8,59,1,IGI,823643335,https://api.igi.org/viewpdf.php?r=823643335,
720-17,Fancy Colour,Fancy Intense Pink,Round,2.04,2.00–2.99ct,VVS2,IDEAL,EX,EX,8.09 X 8.15 X 5.01,61.7,57,0.99,IGI,739506234,https://api.igi.org/viewpdf.php?r=739506234,
756-151,Fancy Colour,Fancy Vivid Pink,Round,2.04,2.00–2.99ct,VS1,IDEAL,EX,EX,8.18 X 8.23 X 4.96,60.5,58,0.99,IGI,813657985,https://api.igi.org/viewpdf.php?r=813657985,
761-326,White,E,Round,2.02,2.00–2.99ct,VS1,IDEAL,EX,EX,8.16 X 8.19 X 4.93,60.3,59,1,IGI,823684100,https://api.igi.org/viewpdf.php?r=823684100,
761-127,White,E,Round,2.02,2.00–2.99ct,VS1,IDEAL,EX,EX,8.14 X 8.16 X 5,61.3,58,1,IGI,823643331,https://api.igi.org/viewpdf.php?r=823643331,
740-308,White,F,Round,2.02,2.00–2.99ct,VVS2,IDEAL,EX,EX,8.13 X 8.16 X 4.96,60.9,56,1,IGI,782627665,https://api.igi.org/viewpdf.php?r=782627665,
759-302,White,F,Round,2.02,2.00–2.99ct,VVS2,EX,EX,EX,8.17 X 8.23 X 4.99,60.9,59,0.99,IGI,818611948,https://api.igi.org/viewpdf.php?r=818611948,
761-161,White,E,Round,2.02,2.00–2.99ct,VS1,IDEAL,EX,EX,8.18 X 8.22 X 4.95,60.3,59,1,IGI,823643294,https://api.igi.org/viewpdf.php?r=823643294,
761-283,White,E,Round,2.02,2.00–2.99ct,VS1,IDEAL,EX,EX,8.16 X 8.19 X 4.94,60.4,56,1,IGI,823684097,https://api.igi.org/viewpdf.php?r=823684097,
761-64,White,E,Round,2.02,2.00–2.99ct,VVS2,IDEAL,EX,EX,8.14 X 8.17 X 4.96,60.8,58,1,IGI,823643333,https://api.igi.org/viewpdf.php?r=823643333,
746-537,White,F,Round,2.02,2.00–2.99ct,VVS2,IDEAL,EX,EX,8.12 X 8.16 X 4.96,61,57,1,IGI,786622358,https://api.igi.org/viewpdf.php?r=786622358,
761-448,White,E,Round,2.02,2.00–2.99ct,VS1,IDEAL,EX,EX,8.18 X 8.22 X 4.97,60.5,58,1,IGI,823684101,https://api.igi.org/viewpdf.php?r=823684101,
751-92,White,F,Round,2.02,2.00–2.99ct,VVS2,IDEAL,EX,EX,8.09 X 8.14 X 5.02,61.9,58,0.99,IGI,795654836,https://api.igi.org/viewpdf.php?r=795654836,
761-66,White,F,Round,2.02,2.00–2.99ct,VS1,IDEAL,EX,EX,8.07 X 8.1 X 5.02,62,58,1,IGI,823643332,https://api.igi.org/viewpdf.php?r=823643332,
746-383,White,G,Round,2.02,2.00–2.99ct,VS1,IDEAL,EX,EX,8.08 X 8.12 X 5.03,62.1,57,1,IGI,784678264,https://api.igi.org/viewpdf.php?r=784678264,
738-682,Fancy Colour,Fancy Intense Pink,Round,2.04,2.00–2.99ct,VS1,IDEAL,EX,EX,8.06 X 8.12 X 5.03,62.2,57,0.99,IGI,779607495,https://api.igi.org/viewpdf.php?r=779607495,
748-40,Fancy Colour,Fancy Pink,Round,2.04,2.00–2.99ct,VVS2,IDEAL,EX,EX,8.16 X 8.18 X 4.99,61,57,1,IGI,795648011,https://api.igi.org/viewpdf.php?r=795648011,
759-548,White,F,Round,2.02,2.00–2.99ct,VS1,IDEAL,EX,EX,8.18 X 8.23 X 4.97,60.7,57,0.99,IGI,818611946,https://api.igi.org/viewpdf.php?r=818611946,
748-77,Fancy Colour,Fancy Intense Pink,Round,2.04,2.00–2.99ct,VVS2,IDEAL,EX,EX,8.14 X 8.18 X 5,61.3,56,1,IGI,802623565,https://api.igi.org/viewpdf.php?r=802623565,
747-134,Fancy Colour,Fancy Pink,Round,2.04,2.00–2.99ct,VVS2,IDEAL,EX,EX,8.21 X 8.25 X 4.95,60.1,58,1,IGI,795648009,https://api.igi.org/viewpdf.php?r=795648009,
746-102,White,F,Round,2.02,2.00–2.99ct,VS1,IDEAL,EX,EX,8.11 X 8.15 X 4.97,61.1,58,1,IGI,786622346,https://api.igi.org/viewpdf.php?r=786622346,
754-20,White,G,Round,2.02,2.00–2.99ct,VS1,IDEAL,EX,EX,8.14 X 8.17 X 4.94,60.6,57,1,IGI,795654546,https://api.igi.org/viewpdf.php?r=795654546,
760-23,White,E,Round,2.02,2.00–2.99ct,VS1,IDEAL,EX,EX,8.05 X 8.11 X 5.01,62,59,0.99,IGI,821689302,https://api.igi.org/viewpdf.php?r=821689302,
761-164,White,E,Round,2.02,2.00–2.99ct,VS1,IDEAL,EX,EX,8.18 X 8.21 X 4.97,60.6,58,1,IGI,823684099,https://api.igi.org/viewpdf.php?r=823684099,
742-257,White,F,Round,2.02,2.00–2.99ct,VVS2,IDEAL,EX,EX,8.08 X 8.11 X 5,61.8,56,1,IGI,782690415,https://api.igi.org/viewpdf.php?r=782690415,
746-548,Fancy Colour,Fancy Intense Pink,Round,2.04,2.00–2.99ct,VVS2,IDEAL,EX,EX,8.16 X 8.22 X 5.03,61.4,56,0.99,IGI,792648559,https://api.igi.org/viewpdf.php?r=792648559,
743-63,White,F,Round,2.02,2.00–2.99ct,VVS2,IDEAL,EX,EX,8.12 X 8.16 X 5.04,61.9,57,1,IGI,784678267,https://api.igi.org/viewpdf.php?r=784678267,
742-12,White,F,Round,2.02,2.00–2.99ct,VVS2,IDEAL,EX,EX,8.15 X 8.16 X 4.95,60.6,60,1,IGI,784678317,https://api.igi.org/viewpdf.php?r=784678317,
698-73,Fancy Colour,Fancy Vivid Pink,Round,2.04,2.00–2.99ct,VVS2,IDEAL,EX,EX,8.15 X 8.21 X 4.99,61.1,58,0.99,IGI,683579942,https://api.igi.org/viewpdf.php?r=683579942,
761-5,White,E,Round,2.01,2.00–2.99ct,VS1,IDEAL,EX,EX,8.18 X 8.23 X 4.92,59.9,58,0.99,IGI,823684156,https://api.igi.org/viewpdf.php?r=823684156,
737-25,White,G,Round,2.01,2.00–2.99ct,VVS2,EX,EX,EX,7.99 X 8.04 X 5.05,63,57,0.99,IGI,768675550,https://api.igi.org/viewpdf.php?r=768675550,
761-214,White,F,Round,2.01,2.00–2.99ct,VVS2,IDEAL,EX,EX,8.06 X 8.1 X 4.99,61.8,58,1,IGI,823684179,https://api.igi.org/viewpdf.php?r=823684179,
753-108,Fancy Colour,Fancy Intense Pink,Round,2.04,2.00–2.99ct,VVS2,IDEAL,EX,EX,8.11 X 8.13 X 5.01,61.6,59,1,IGI,802623548,https://api.igi.org/viewpdf.php?r=802623548,
756-201,Fancy Colour,Fancy Pink,Round,2.04,2.00–2.99ct,VVS2,IDEAL,EX,EX,8.15 X 8.18 X 4.98,61,58,1,IGI,813658019,https://api.igi.org/viewpdf.php?r=813658019,
761-6,White,E,Round,2.01,2.00–2.99ct,VS1,IDEAL,EX,EX,8.12 X 8.17 X 4.99,61.3,57,0.99,IGI,823684177,https://api.igi.org/viewpdf.php?r=823684177,
746-60,Fancy Colour,Fancy Intense Pink,Round,2.04,2.00–2.99ct,VVS2,IDEAL,EX,EX,8.13 X 8.16 X 4.99,61.3,58,1,IGI,795648083,https://api.igi.org/viewpdf.php?r=795648083,
746-27,Fancy Colour,Fancy Intense Pink,Round,2.04,2.00–2.99ct,VVS2,IDEAL,EX,EX,8.16 X 8.2 X 4.96,60.6,58,1,IGI,795648036,https://api.igi.org/viewpdf.php?r=795648036,
761-9,White,E,Round,2.01,2.00–2.99ct,VS1,IDEAL,EX,EX,8.13 X 8.19 X 4.94,60.7,57,0.99,IGI,823643296,https://api.igi.org/viewpdf.php?r=823643296,
746-713,Fancy Colour,Fancy Vivid Pink,Round,2.04,2.00–2.99ct,VS1,IDEAL,EX,EX,8.1 X 8.16 X 5.04,62.1,57,0.99,IGI,792648554,https://api.igi.org/viewpdf.php?r=792648554,
751-18,White,F,Round,2.01,2.00–2.99ct,VS1,IDEAL,EX,EX,8.07 X 8.11 X 4.93,60.9,59,1,IGI,790622339,https://api.igi.org/viewpdf.php?r=790622339,
744-2,Fancy Colour,Fancy Pink,Round,2.04,2.00–2.99ct,VS1,IDEAL,EX,EX,8.04 X 8.08 X 5.03,62.4,57,1,IGI,813658021,https://api.igi.org/viewpdf.php?r=813658021,
746-133,Fancy Colour,Fancy Intense Pink,Round,2.04,2.00–2.99ct,VVS2,IDEAL,EX,EX,8.17 X 8.2 X 5,61.1,57,1,IGI,795648015,https://api.igi.org/viewpdf.php?r=795648015,
754-111,White,F,Round,2.01,2.00–2.99ct,VS1,IDEAL,EX,EX,8.19 X 8.25 X 4.87,59.4,61,0.99,IGI,795654554,https://api.igi.org/viewpdf.php?r=795654554,
754-9,White,F,Round,2.01,2.00–2.99ct,VS1,IDEAL,EX,EX,8.11 X 8.14 X 4.98,61.2,56,1,IGI,795654539,https://api.igi.org/viewpdf.php?r=795654539,
750-94,Fancy Colour,Fancy Intense Pink,Round,2.04,2.00–2.99ct,VS1,IDEAL,EX,EX,8.14 X 8.16 X 5,61.3,57,1,IGI,802623543,https://api.igi.org/viewpdf.php?r=802623543,
746-165,Fancy Colour,Fancy Intense Pink,Round,2.03,2.00–2.99ct,VVS2,IDEAL,EX,EX,8.09 X 8.16 X 5.02,61.8,57,0.99,IGI,795648025,https://api.igi.org/viewpdf.php?r=795648025,
743-4,Fancy Colour,Fancy Intense Pink,Round,2.03,2.00–2.99ct,VS2,IDEAL,EX,EX,8.06 X 8.09 X 5.04,62.4,58,1,IGI,792648474,https://api.igi.org/viewpdf.php?r=792648474,
748-23,Fancy Colour,Fancy Intense Pink,Round,2.03,2.00–2.99ct,VS1,IDEAL,EX,EX,8.07 X 8.11 X 5.01,61.9,57,1,IGI,792648478,https://api.igi.org/viewpdf.php?r=792648478,
760-433,White,F,Round,2.01,2.00–2.99ct,VS1,IDEAL,EX,EX,8.06 X 8.11 X 4.99,61.7,59,0.99,IGI,821689276,https://api.igi.org/viewpdf.php?r=821689276,
747-210,White,F,Round,2.01,2.00–2.99ct,VS1,IDEAL,EX,EX,8.13 X 8.16 X 4.89,60,59,1,IGI,790622302,https://api.igi.org/viewpdf.php?r=790622302,
759-723,White,F,Round,2.01,2.00–2.99ct,VVS2,IDEAL,EX,EX,8.07 X 8.09 X 4.97,61.6,56,1,IGI,818611643,https://api.igi.org/viewpdf.php?r=818611643,
761-744,White,F,Round,2.01,2.00–2.99ct,SI1,IDEAL,EX,EX,8.16 X 8.2 X 4.9,59.9,59,1,IGI,824615634,https://api.igi.org/viewpdf.php?r=824615634,
753-13,White,F,Round,2.01,2.00–2.99ct,VS1,IDEAL,EX,EX,8.14 X 8.18 X 4.94,60.6,59,1,IGI,795647826,https://api.igi.org/viewpdf.php?r=795647826,
747-14,Fancy Colour,Fancy Intense Pink,Round,2.03,2.00–2.99ct,VS1,IDEAL,EX,EX,8.13 X 8.16 X 5,61.3,57,1,IGI,807660739,https://api.igi.org/viewpdf.php?r=807660739,
739-162,White,G,Round,2.01,2.00–2.99ct,VVS2,IDEAL,EX,EX,8.12 X 8.17 X 5,61.3,56,0.99,IGI,779665167,https://api.igi.org/viewpdf.php?r=779665167,
760-405,White,F,Round,2.01,2.00–2.99ct,VVS2,IDEAL,EX,EX,8.14 X 8.18 X 4.89,59.9,59,1,IGI,821689275,https://api.igi.org/viewpdf.php?r=821689275,
761-242,White,E,Round,2.01,2.00–2.99ct,VS2,IDEAL,EX,EX,8.06 X 8.11 X 5.02,62.1,56,0.99,IGI,823684158,https://api.igi.org/viewpdf.php?r=823684158,
734-22,White,E,Round,2.01,2.00–2.99ct,VVS1,IDEAL,EX,EX,8.14 X 8.18 X 4.92,60.4,59,1,IGI,762529988,https://api.igi.org/viewpdf.php?r=762529988,
748-7,Fancy Colour,Fancy Pink,Round,2.03,2.00–2.99ct,VS1,IDEAL,EX,EX,8.16 X 8.2 X 5,61.1,57,1,IGI,795647992,https://api.igi.org/viewpdf.php?r=795647992,
761-458,White,E,Round,2.01,2.00–2.99ct,VVS2,IDEAL,EX,EX,8.18 X 8.22 X 4.95,60.3,58,1,IGI,824615699,https://api.igi.org/viewpdf.php?r=824615699,
760-49,White,F,Round,2.01,2.00–2.99ct,VVS2,IDEAL,EX,EX,8.13 X 8.2 X 4.98,61,57,0.99,IGI,823643295,https://api.igi.org/viewpdf.php?r=823643295,
761-540,White,F,Round,2.01,2.00–2.99ct,VS1,IDEAL,EX,EX,8.04 X 8.11 X 5,61.9,57,0.99,IGI,824615701,https://api.igi.org/viewpdf.php?r=824615701,
747-166,Fancy Colour,Fancy Intense Pink,Round,2.03,2.00–2.99ct,VS1,IDEAL,EX,EX,8.13 X 8.18 X 4.96,60.8,59,0.99,IGI,802623586,https://api.igi.org/viewpdf.php?r=802623586,
760-448,White,F,Round,2.01,2.00–2.99ct,VS1,IDEAL,EX,EX,8.07 X 8.1 X 5.02,62.1,56,1,IGI,821689279,https://api.igi.org/viewpdf.php?r=821689279,
757-123,Fancy Colour,Fancy Vivid Pink,Pear,2.03,2.00–2.99ct,VVS2,,EX,EX,11.49 X 7.03 X 4.37,62.2,61,1.63,IGI,813658009,https://api.igi.org/viewpdf.php?r=813658009,
761-544,White,E,Round,2.01,2.00–2.99ct,VS1,IDEAL,EX,EX,8.13 X 8.18 X 4.92,60.4,58,0.99,IGI,824615702,https://api.igi.org/viewpdf.php?r=824615702,
761-222,White,E,Round,2.01,2.00–2.99ct,VVS2,IDEAL,EX,EX,8.08 X 8.11 X 5.03,62.2,55,1,IGI,823643290,https://api.igi.org/viewpdf.php?r=823643290,
698-222,Fancy Colour,Fancy Vivid Pink,Round,2.03,2.00–2.99ct,VVS2,IDEAL,EX,VG,8.09 X 8.14 X 5.02,61.9,57,0.99,IGI,683579948,https://api.igi.org/viewpdf.php?r=683579948,
761-679,White,E,Round,2.01,2.00–2.99ct,VS1,IDEAL,EX,EX,8.13 X 8.16 X 4.98,61.2,57,1,IGI,823684159,https://api.igi.org/viewpdf.php?r=823684159,
761-668,White,E,Round,2.01,2.00–2.99ct,VS1,IDEAL,EX,EX,8.06 X 8.1 X 4.97,61.6,56,1,IGI,823684161,https://api.igi.org/viewpdf.php?r=823684161,
747-89,Fancy Colour,Fancy Intense Pink,Round,2.03,2.00–2.99ct,VS1,IDEAL,EX,EX,8.12 X 8.2 X 5,61.3,58,0.99,IGI,792648473,https://api.igi.org/viewpdf.php?r=792648473,
746-11,White,G,Round,2.01,2.00–2.99ct,VS1,IDEAL,EX,EX,8.12 X 8.16 X 4.96,60.9,58,1,IGI,784678261,https://api.igi.org/viewpdf.php?r=784678261,
747-10,Fancy Colour,Fancy Pink,Round,2.03,2.00–2.99ct,VS1,IDEAL,EX,EX,8.18 X 8.22 X 4.98,60.7,57,1,IGI,792648510,https://api.igi.org/viewpdf.php?r=792648510,
760-334,White,D,Round,2.01,2.00–2.99ct,VS1,IDEAL,EX,EX,8.04 X 8.1 X 5,61.8,59,0.99,IGI,819696574,https://api.igi.org/viewpdf.php?r=819696574,
746-99,Fancy Colour,Fancy Pink,Round,2.03,2.00–2.99ct,VS2,IDEAL,EX,EX,8.11 X 8.15 X 4.97,61.2,58,1,IGI,792648471,https://api.igi.org/viewpdf.php?r=792648471,
742-513,White,F,Round,2.01,2.00–2.99ct,VVS2,EX,EX,EX,8.02 X 8.07 X 5.04,62.6,58,0.99,IGI,782627632,https://api.igi.org/viewpdf.php?r=782627632,
760-476,White,F,Round,2.01,2.00–2.99ct,VS1,IDEAL,EX,EX,8.19 X 8.23 X 4.95,60.3,57,1,IGI,819696638,https://api.igi.org/viewpdf.php?r=819696638,
747-147,White,G,Round,2.01,2.00–2.99ct,VS1,IDEAL,EX,EX,8.13 X 8.19 X 4.98,61.1,58,0.99,IGI,786622100,https://api.igi.org/viewpdf.php?r=786622100,
756-208,Fancy Colour,Fancy Intense Pink,Round,2.03,2.00–2.99ct,VVS2,IDEAL,EX,EX,8.09 X 8.16 X 5.04,62.2,56,0.99,IGI,813658018,https://api.igi.org/viewpdf.php?r=813658018,
760-73,White,E,Round,2.01,2.00–2.99ct,VS1,IDEAL,EX,EX,8.11 X 8.14 X 5,61.6,56,1,IGI,819696641,https://api.igi.org/viewpdf.php?r=819696641,
757-86,Fancy Colour,Fancy Light Pink,Round,2.03,2.00–2.99ct,VVS2,IDEAL,EX,EX,8.12 X 8.15 X 4.96,60.9,59,1,IGI,813658007,https://api.igi.org/viewpdf.php?r=813658007,
761-318,White,F,Round,2.01,2.00–2.99ct,VS1,IDEAL,EX,EX,8.12 X 8.17 X 4.94,60.6,58,0.99,IGI,823643293,https://api.igi.org/viewpdf.php?r=823643293,
741-75,White,F,Round,2.01,2.00–2.99ct,VVS2,IDEAL,EX,EX,8.12 X 8.15 X 5.03,61.9,56,1,IGI,781626628,https://api.igi.org/viewpdf.php?r=781626628,
750-113,Fancy Colour,Fancy Intense Pink,Round,2.03,2.00–2.99ct,VS1,IDEAL,EX,EX,8.13 X 8.17 X 4.98,61,58,1,IGI,807660732,https://api.igi.org/viewpdf.php?r=807660732,
759-562,White,G,Round,2.01,2.00–2.99ct,VS1,IDEAL,EX,EX,8.19 X 8.23 X 4.86,59.2,60,1,IGI,818611639,https://api.igi.org/viewpdf.php?r=818611639,
V1-8,White,F,Round,2.01,2.00–2.99ct,VS1,IDEAL,EX,EX,8.11 X 8.17 X 4.95,60.9,59,0.99,IGI,779607417,https://api.igi.org/viewpdf.php?r=779607417,
750-54,White,F,Round,2.01,2.00–2.99ct,VS1,IDEAL,EX,EX,8.17 X 8.2 X 4.94,60.3,58,1,IGI,795654535,https://api.igi.org/viewpdf.php?r=795654535,
746-167,Fancy Colour,Fancy Pink,Round,2.03,2.00–2.99ct,VS1,IDEAL,EX,EX,8.17 X 8.2 X 4.97,60.7,59,1,IGI,792648504,https://api.igi.org/viewpdf.php?r=792648504,
761-1,White,F,Round,2.01,2.00–2.99ct,VVS2,IDEAL,EX,EX,8.14 X 8.17 X 4.94,60.5,59,1,IGI,823684180,https://api.igi.org/viewpdf.php?r=823684180,
746-249,Fancy Colour,Fancy Intense Pink,Round,2.03,2.00–2.99ct,VS1,IDEAL,EX,EX,8.15 X 8.18 X 4.97,60.9,58,1,IGI,792648506,https://api.igi.org/viewpdf.php?r=792648506,
746-82,White,F,Round,2.01,2.00–2.99ct,VVS2,EX,EX,EX,8.14 X 8.17 X 5.01,61.4,58,1,IGI,784678318,https://api.igi.org/viewpdf.php?r=784678318,
761-232,White,E,Round,2.01,2.00–2.99ct,VS1,IDEAL,EX,EX,8.03 X 8.11 X 4.99,61.8,57,0.99,IGI,823684092,https://api.igi.org/viewpdf.php?r=823684092,
743-6,Fancy Colour,Fancy Intense Pink,Round,2.03,2.00–2.99ct,VS2,IDEAL,EX,EX,8.1 X 8.13 X 5.04,62.1,56,1,IGI,792648477,https://api.igi.org/viewpdf.php?r=792648477,
760-194,White,F,Round,2.01,2.00–2.99ct,VS1,IDEAL,EX,EX,8.05 X 8.09 X 5.03,62.3,56,1,IGI,821689290,https://api.igi.org/viewpdf.php?r=821689290,
742-260,White,F,Round,2.01,2.00–2.99ct,VVS1,IDEAL,EX,EX,8.07 X 8.1 X 5.03,62.2,58,1,IGI,782690416,https://api.igi.org/viewpdf.php?r=782690416,
746-719,White,G,Round,2.01,2.00–2.99ct,VS1,IDEAL,EX,EX,8.15 X 8.19 X 4.99,61.1,57,1,IGI,786622121,https://api.igi.org/viewpdf.php?r=786622121,
747-9,White,G,Round,2.01,2.00–2.99ct,VS1,IDEAL,EX,EX,8.18 X 8.2 X 4.94,60.3,59,1,IGI,790622310,https://api.igi.org/viewpdf.php?r=790622310,
755-34,White,F,Round,2.01,2.00–2.99ct,VVS2,IDEAL,EX,EX,8.12 X 8.16 X 4.98,61.2,60,1,IGI,803617938,https://api.igi.org/viewpdf.php?r=803617938,
761-439,White,E,Round,2.01,2.00–2.99ct,VS1,IDEAL,EX,EX,8.13 X 8.16 X 4.98,61.1,56,1,IGI,823684160,https://api.igi.org/viewpdf.php?r=823684160,
747-67,Fancy Colour,Fancy Pink,Round,2.03,2.00–2.99ct,VS1,IDEAL,EX,EX,8.12 X 8.15 X 4.99,61.2,57,1,IGI,802623545,https://api.igi.org/viewpdf.php?r=802623545,
748-79,Fancy Colour,Fancy Intense Pink,Round,2.03,2.00–2.99ct,VVS2,IDEAL,EX,EX,8.2 X 8.23 X 4.93,60,59,1,IGI,792648480,https://api.igi.org/viewpdf.php?r=792648480,
748-86,White,G,Round,2.01,2.00–2.99ct,VVS2,IDEAL,EX,EX,8.14 X 8.19 X 4.93,60.4,57,0.99,IGI,786694157,https://api.igi.org/viewpdf.php?r=786694157,
746-972,Fancy Colour,Fancy Intense Pink,Round,2.03,2.00–2.99ct,VVS2,IDEAL,EX,EX,8.06 X 8.1 X 5.04,62.3,58,1,IGI,792648508,https://api.igi.org/viewpdf.php?r=792648508,
760-539,White,F,Round,2.01,2.00–2.99ct,VS1,IDEAL,EX,EX,8.1 X 8.16 X 4.98,61.2,58,0.99,IGI,821689272,https://api.igi.org/viewpdf.php?r=821689272,
761-58,White,E,Round,2.01,2.00–2.99ct,VS1,EX,EX,EX,8.05 X 8.1 X 5.05,62.6,57,0.99,IGI,823684087,https://api.igi.org/viewpdf.php?r=823684087,
746-933,White,F,Round,2.01,2.00–2.99ct,VS1,IDEAL,EX,EX,8.18 X 8.23 X 4.94,60.2,56,0.99,IGI,784678311,https://api.igi.org/viewpdf.php?r=784678311,
746-658,Fancy Colour,Fancy Intense Pink,Round,2.03,2.00–2.99ct,VVS2,IDEAL,EX,EX,8.11 X 8.19 X 4.98,61.2,57,0.99,IGI,792648502,https://api.igi.org/viewpdf.php?r=792648502,
747-135,White,F,Round,2.01,2.00–2.99ct,VS1,IDEAL,EX,EX,8.11 X 8.15 X 4.97,61.1,58,1,IGI,790622309,https://api.igi.org/viewpdf.php?r=790622309,
747-144,Fancy Colour,Fancy Pink,Round,2.03,2.00–2.99ct,VVS2,IDEAL,EX,EX,8.2 X 8.24 X 4.91,59.8,58,1,IGI,802623567,https://api.igi.org/viewpdf.php?r=802623567,
761-671,White,E,Round,2.01,2.00–2.99ct,VVS2,IDEAL,EX,EX,8.1 X 8.17 X 5.02,61.8,56,0.99,IGI,824615700,https://api.igi.org/viewpdf.php?r=824615700,
751-39,Fancy Colour,Fancy Intense Pink,Round,2.03,2.00–2.99ct,VS1,IDEAL,EX,EX,8.14 X 8.18 X 5.03,61.7,57,1,IGI,802623589,https://api.igi.org/viewpdf.php?r=802623589,
746-157,Fancy Colour,Fancy Intense Pink,Round,2.03,2.00–2.99ct,VVS2,IDEAL,EX,EX,8.08 X 8.14 X 4.99,61.6,57,0.99,IGI,795647966,https://api.igi.org/viewpdf.php?r=795647966,
747-92,Fancy Colour,Fancy Intense Pink,Round,2.03,2.00–2.99ct,VVS2,IDEAL,EX,EX,8.13 X 8.17 X 4.99,61.2,59,1,IGI,807660735,https://api.igi.org/viewpdf.php?r=807660735,
760-168,White,F,Round,2.01,2.00–2.99ct,VS1,IDEAL,EX,EX,8.01 X 8.08 X 5.01,62.3,60,0.99,IGI,818696477,https://api.igi.org/viewpdf.php?r=818696477,
745-4,Fancy Colour,Fancy Intense Pink,Round,2.03,2.00–2.99ct,VVS2,IDEAL,EX,EX,8.11 X 8.13 X 5.01,61.6,56,1,IGI,792648509,https://api.igi.org/viewpdf.php?r=792648509,
761-166,White,E,Round,2.01,2.00–2.99ct,VVS2,IDEAL,EX,EX,8.17 X 8.2 X 4.98,60.8,57,1,IGI,823684178,https://api.igi.org/viewpdf.php?r=823684178,
751-29,White,F,Round,2.01,2.00–2.99ct,VS1,EX,EX,EX,8.14 X 8.16 X 4.95,60.7,56,1,IGI,790622258,https://api.igi.org/viewpdf.php?r=790622258,
750-15,Fancy Colour,Fancy Pink,Round,2.03,2.00–2.99ct,VVS2,IDEAL,EX,EX,8.07 X 8.11 X 5.01,62,57,1,IGI,802623568,https://api.igi.org/viewpdf.php?r=802623568,
760-172,White,F,Round,2.01,2.00–2.99ct,VS1,IDEAL,EX,EX,8.13 X 8.17 X 4.93,60.5,57,1,IGI,818611967,https://api.igi.org/viewpdf.php?r=818611967,
746-100,White,G,Round,2.01,2.00–2.99ct,VS2,IDEAL,EX,EX,8.05 X 8.08 X 4.96,61.4,60,1,IGI,786622353,https://api.igi.org/viewpdf.php?r=786622353,
747-11,Fancy Colour,Fancy Pink,Round,2.02,2.00–2.99ct,VS1,IDEAL,EX,EX,8.13 X 8.16 X 4.98,61.1,59,1,IGI,795648073,https://api.igi.org/viewpdf.php?r=795648073,
757-113,Fancy Colour,Fancy Intense Pink,Round,2.02,2.00–2.99ct,SI1,IDEAL,EX,EX,8.13 X 8.17 X 4.98,61.1,58,1,IGI,813658013,https://api.igi.org/viewpdf.php?r=813658013,
761-457,White,E,Round,2.01,2.00–2.99ct,VS1,IDEAL,EX,EX,8.13 X 8.17 X 4.98,61.1,56,1,IGI,823684189,https://api.igi.org/viewpdf.php?r=823684189,
750-38,White,G,Round,2.01,2.00–2.99ct,VVS2,IDEAL,EX,EX,8.13 X 8.17 X 4.96,60.9,59,1,IGI,790622308,https://api.igi.org/viewpdf.php?r=790622308,
755-202,White,F,Round,2.01,2.00–2.99ct,VVS2,EX,EX,EX,8.01 X 8.05 X 5.03,62.6,58,1,IGI,803617892,https://api.igi.org/viewpdf.php?r=803617892,
742-13,White,F,Round,2.01,2.00–2.99ct,VVS2,IDEAL,EX,EX,8.02 X 8.08 X 4.98,61.9,58,0.99,IGI,782627631,https://api.igi.org/viewpdf.php?r=782627631,
756-204,Fancy Colour,Fancy Intense Pink,Round,2.02,2.00–2.99ct,VVS2,IDEAL,EX,EX,8.08 X 8.11 X 5.03,62.2,57,1,IGI,813658022,https://api.igi.org/viewpdf.php?r=813658022,
746-288,Fancy Colour,Fancy Intense Pink,Round,2.02,2.00–2.99ct,VVS2,IDEAL,EX,EX,8.16 X 8.2 X 4.97,60.8,57,1,IGI,795647968,https://api.igi.org/viewpdf.php?r=795647968,
747-146,Fancy Colour,Fancy Intense Pink,Round,2.02,2.00–2.99ct,VS1,IDEAL,EX,EX,8.19 X 8.23 X 4.93,60.1,59,1,IGI,802623579,https://api.igi.org/viewpdf.php?r=802623579,
760-543,White,G,Round,2.01,2.00–2.99ct,VS1,IDEAL,EX,EX,8.16 X 8.23 X 4.9,59.8,59,0.99,IGI,821689280,https://api.igi.org/viewpdf.php?r=821689280,
747-96,Fancy Colour,Fancy Intense Pink,Round,2.02,2.00–2.99ct,VS1,IDEAL,EX,EX,8.1 X 8.13 X 4.99,61.5,59,1,IGI,807660726,https://api.igi.org/viewpdf.php?r=807660726,
746-46,Fancy Colour,Fancy Pink,Round,2.02,2.00–2.99ct,VVS2,IDEAL,EX,EX,8.06 X 8.12 X 5.02,62,58,0.99,IGI,792648538,https://api.igi.org/viewpdf.php?r=792648538,
705-13,Fancy Colour,Fancy Vivid Pink,Round,2.02,2.00–2.99ct,VS1,IDEAL,EX,EX,8.13 X 8.16 X 4.99,61.3,58,1,IGI,719563570,https://api.igi.org/viewpdf.php?r=719563570,
745-146,White,F,Round,2,2.00–2.99ct,VS1,IDEAL,EX,EX,8.06 X 8.1 X 4.98,61.6,59,1,IGI,784678253,https://api.igi.org/viewpdf.php?r=784678253,
746-532,Fancy Colour,Fancy Intense Pink,Round,2.02,2.00–2.99ct,VVS2,IDEAL,EX,EX,8.09 X 8.12 X 5,61.6,57,1,IGI,792648507,https://api.igi.org/viewpdf.php?r=792648507,
746-47,Fancy Colour,Fancy Intense Pink,Round,2.02,2.00–2.99ct,VS1,IDEAL,EX,EX,8.14 X 8.16 X 4.95,60.7,59,1,IGI,795647969,https://api.igi.org/viewpdf.php?r=795647969,
761-31,White,E,Round,2,2.00–2.99ct,VS1,EX,EX,EX,8.09 X 8.16 X 4.98,61.2,59,0.99,IGI,823684095,https://api.igi.org/viewpdf.php?r=823684095,
746-928,White,G,Round,2,2.00–2.99ct,VVS2,EX,EX,EX,8.19 X 8.23 X 4.87,59.3,59,1,IGI,784678251,https://api.igi.org/viewpdf.php?r=784678251,
761-529,White,E,Round,2,2.00–2.99ct,VS2,IDEAL,EX,EX,8.08 X 8.14 X 4.94,61,58,0.99,IGI,823643256,https://api.igi.org/viewpdf.php?r=823643256,
740-205,White,F,Round,2,2.00–2.99ct,VVS2,IDEAL,EX,EX,8.13 X 8.2 X 4.94,60.6,58,0.99,IGI,779607430,https://api.igi.org/viewpdf.php?r=779607430,
761-285,White,E,Round,2,2.00–2.99ct,VS1,IDEAL,EX,EX,8.08 X 8.11 X 5,61.8,56,1,IGI,823684088,https://api.igi.org/viewpdf.php?r=823684088,
755-19,Fancy Colour,Fancy Intense Pink,Round,2.02,2.00–2.99ct,VS1,IDEAL,EX,EX,8.17 X 8.21 X 4.95,60.4,59,1,IGI,813658002,https://api.igi.org/viewpdf.php?r=813658002,
743-96,Fancy Colour,Fancy Intense Pink,Round,2.02,2.00–2.99ct,VVS2,IDEAL,EX,EX,8.14 X 8.17 X 4.98,61,59,1,IGI,792648533,https://api.igi.org/viewpdf.php?r=792648533,
746-920,Fancy Colour,Fancy Intense Pink,Round,2.02,2.00–2.99ct,VS1,IDEAL,EX,EX,8.18 X 8.22 X 4.93,60.1,58,1,IGI,795647971,https://api.igi.org/viewpdf.php?r=795647971,
746-531,White,G,Round,2,2.00–2.99ct,VS1,EX,EX,EX,8.07 X 8.11 X 4.99,61.7,59,1,IGI,786622120,https://api.igi.org/viewpdf.php?r=786622120,
751-3,White,E,Round,2,2.00–2.99ct,VVS2,EX,EX,EX,8.16 X 8.19 X 4.87,59.6,60,1,IGI,790622198,https://api.igi.org/viewpdf.php?r=790622198,
746-17,Fancy Colour,Fancy Pink,Round,2.02,2.00–2.99ct,VVS2,IDEAL,EX,EX,8.08 X 8.11 X 5.01,61.9,57,1,IGI,792648536,https://api.igi.org/viewpdf.php?r=792648536,
743-183,Fancy Colour,Fancy Pink,Round,2.02,2.00–2.99ct,VS1,IDEAL,EX,EX,8.06 X 8.13 X 4.98,61.5,57,0.99,IGI,792648534,https://api.igi.org/viewpdf.php?r=792648534,
748-1,Fancy Colour,Fancy Intense Pink,Round,2.02,2.00–2.99ct,VS1,IDEAL,EX,EX,8.11 X 8.15 X 5,61.6,57,1,IGI,802623587,https://api.igi.org/viewpdf.php?r=802623587,
760-443,White,F,Round,2,2.00–2.99ct,VS2,EX,EX,VG,8.08 X 8.11 X 4.92,60.8,61,1,IGI,821689319,https://api.igi.org/viewpdf.php?r=821689319,
761-360,White,F,Round,2,2.00–2.99ct,VVS2,IDEAL,EX,EX,8.12 X 8.19 X 4.93,60.5,60,0.99,IGI,823684089,https://api.igi.org/viewpdf.php?r=823684089,
761-246,White,F,Round,2,2.00–2.99ct,VS1,IDEAL,EX,EX,8.04 X 8.09 X 4.99,61.9,56,0.99,IGI,823684096,https://api.igi.org/viewpdf.php?r=823684096,
745-86,Fancy Colour,Fancy Pink,Round,2.02,2.00–2.99ct,VS1,IDEAL,EX,EX,8.07 X 8.11 X 5,61.8,57,1,IGI,792648532,https://api.igi.org/viewpdf.php?r=792648532,
760-812,White,E,Round,2,2.00–2.99ct,VS1,EX,EX,EX,8.1 X 8.16 X 4.93,60.7,61,0.99,IGI,823643307,https://api.igi.org/viewpdf.php?r=823643307,
746-150,White,F,Round,2,2.00–2.99ct,VVS2,EX,EX,EX,7.97 X 8.03 X 5.04,63,57,0.99,IGI,784678202,https://api.igi.org/viewpdf.php?r=784678202,
743-28,White,G,Round,2,2.00–2.99ct,VS1,EX,EX,EX,8.07 X 8.11 X 4.99,61.8,59,1,IGI,784678338,https://api.igi.org/viewpdf.php?r=784678338,
747-69,Fancy Colour,Fancy Intense Pink,Round,2.02,2.00–2.99ct,VS1,IDEAL,EX,EX,8.1 X 8.15 X 4.98,61.2,58,0.99,IGI,807660742,https://api.igi.org/viewpdf.php?r=807660742,
753-14,Fancy Colour,Fancy Vivid Blue,Round,2.02,2.00–2.99ct,VS2,IDEAL,EX,EX,8.11 X 8.18 X 4.95,60.8,59,0.99,IGI,815671298,https://api.igi.org/viewpdf.php?r=815671298,
761-60,White,E,Round,2,2.00–2.99ct,VS1,IDEAL,EX,EX,8.14 X 8.19 X 4.92,60.3,59,0.99,IGI,823643267,https://api.igi.org/viewpdf.php?r=823643267,
761-17,White,E,Round,2,2.00–2.99ct,VVS2,IDEAL,EX,EX,8.12 X 8.15 X 4.84,59.5,60,1,IGI,823684111,https://api.igi.org/viewpdf.php?r=823684111,
761-230,White,E,Round,2,2.00–2.99ct,VS1,IDEAL,EX,EX,8.2 X 8.22 X 4.92,59.9,59,1,IGI,823643260,https://api.igi.org/viewpdf.php?r=823643260,
736-308,White,F,Round,2,2.00–2.99ct,VVS2,IDEAL,EX,EX,8.13 X 8.17 X 4.88,59.9,58,1,IGI,768675549,https://api.igi.org/viewpdf.php?r=768675549,
751-83,Fancy Colour,Fancy Intense Pink,Round,2.02,2.00–2.99ct,VS1,IDEAL,EX,EX,8.05 X 8.08 X 4.99,61.8,57,1,IGI,802623588,https://api.igi.org/viewpdf.php?r=802623588,
747-12,Fancy Colour,Fancy Intense Pink,Round,2.02,2.00–2.99ct,VVS2,IDEAL,EX,EX,8.18 X 8.21 X 4.94,60.3,59,1,IGI,802623581,https://api.igi.org/viewpdf.php?r=802623581,
746-35,Fancy Colour,Fancy Intense Pink,Round,2.02,2.00–2.99ct,VS1,IDEAL,EX,EX,8.09 X 8.15 X 5.01,61.7,56,0.99,IGI,792648539,https://api.igi.org/viewpdf.php?r=792648539,
746-83,Fancy Colour,Fancy Intense Pink,Round,2.02,2.00–2.99ct,VVS2,IDEAL,EX,EX,8.07 X 8.11 X 5.03,62.2,58,1,IGI,795647970,https://api.igi.org/viewpdf.php?r=795647970,
760-173,White,F,Round,2,2.00–2.99ct,VVS2,IDEAL,EX,EX,8.19 X 8.24 X 4.92,59.9,59,0.99,IGI,818696475,https://api.igi.org/viewpdf.php?r=818696475,
759-463,White,F,Round,2,2.00–2.99ct,VVS2,EX,EX,EX,8.11 X 8.16 X 4.88,60,58,0.99,IGI,817675018,https://api.igi.org/viewpdf.php?r=817675018,
747-208,Fancy Colour,Fancy Intense Pink,Round,2.02,2.00–2.99ct,VVS2,IDEAL,EX,EX,8.03 X 8.09 X 5.03,62.4,57,0.99,IGI,802623584,https://api.igi.org/viewpdf.php?r=802623584,
760-72,White,E,Round,2,2.00–2.99ct,SI1,IDEAL,EX,EX,8.04 X 8.08 X 5,62,57,1,IGI,821689312,https://api.igi.org/viewpdf.php?r=821689312,
754-42,White,F,Round,2,2.00–2.99ct,VS1,IDEAL,EX,EX,8.12 X 8.15 X 4.9,60.3,59,1,IGI,795654498,https://api.igi.org/viewpdf.php?r=795654498,
739-394,White,G,Round,2,2.00–2.99ct,VVS2,EX,EX,EX,8.08 X 8.11 X 5.04,62.3,58,1,IGI,779665189,https://api.igi.org/viewpdf.php?r=779665189,
746-160,Fancy Colour,Fancy Intense Pink,Round,2.01,2.00–2.99ct,VS1,IDEAL,EX,EX,8.09 X 8.15 X 4.96,61.1,59,0.99,IGI,792648530,https://api.igi.org/viewpdf.php?r=792648530,
748-78,Fancy Colour,Fancy Intense Pink,Round,2.01,2.00–2.99ct,VS1,IDEAL,EX,EX,8.13 X 8.15 X 5.02,61.7,56,1,IGI,802623512,https://api.igi.org/viewpdf.php?r=802623512,
759-577,White,D,Round,2,2.00–2.99ct,VS1,IDEAL,EX,EX,8.11 X 8.17 X 4.94,60.7,58,0.99,IGI,819696640,https://api.igi.org/viewpdf.php?r=819696640,
741-308,White,F,Round,2,2.00–2.99ct,VS1,IDEAL,EX,EX,8.13 X 8.2 X 4.95,60.6,58,0.99,IGI,782690474,https://api.igi.org/viewpdf.php?r=782690474,
754-33,Fancy Colour,Fancy Vivid Blue,Round,2.01,2.00–2.99ct,VVS2,IDEAL,EX,EX,8.04 X 8.07 X 4.97,61.8,57,1,IGI,815671301,https://api.igi.org/viewpdf.php?r=815671301,
759-632,White,F,Round,2,2.00–2.99ct,VS1,IDEAL,EX,EX,8.06 X 8.13 X 4.94,61,56,0.99,IGI,818696478,https://api.igi.org/viewpdf.php?r=818696478,
746-283,Fancy Colour,Fancy Intense Pink,Round,2.01,2.00–2.99ct,VVS2,IDEAL,EX,EX,8.07 X 8.1 X 4.98,61.5,58,1,IGI,792648611,https://api.igi.org/viewpdf.php?r=792648611,
760-446,White,E,Round,2,2.00–2.99ct,VVS2,IDEAL,EX,EX,8.06 X 8.12 X 4.98,61.5,58,0.99,IGI,821689316,https://api.igi.org/viewpdf.php?r=821689316,
751-95,Fancy Colour,Fancy Vivid Blue,Round,2.01,2.00–2.99ct,VS1,IDEAL,EX,EX,8.08 X 8.12 X 4.96,61.2,57,1,IGI,815671300,https://api.igi.org/viewpdf.php?r=815671300,
746-425,White,F,Round,2,2.00–2.99ct,VS1,EX,EX,EX,8.01 X 8.06 X 5,62.2,58,0.99,IGI,784678297,https://api.igi.org/viewpdf.php?r=784678297,
748-145,White,F,Round,2,2.00–2.99ct,VS1,IDEAL,EX,EX,8.14 X 8.16 X 4.93,60.5,58,1,IGI,790622194,https://api.igi.org/viewpdf.php?r=790622194,
755-325,White,G,Round,2,2.00–2.99ct,VVS2,IDEAL,EX,EX,8.13 X 8.16 X 4.95,60.8,58,1,IGI,803617923,https://api.igi.org/viewpdf.php?r=803617923,
761-286,White,E,Round,2,2.00–2.99ct,VS1,IDEAL,EX,EX,8.13 X 8.16 X 4.92,60.4,58,1,IGI,823684090,https://api.igi.org/viewpdf.php?r=823684090,
760-335,White,E,Round,2,2.00–2.99ct,VS1,IDEAL,EX,EX,8.06 X 8.13 X 5.03,62.2,55,0.99,IGI,821689344,https://api.igi.org/viewpdf.php?r=821689344,
761-449,White,E,Round,2,2.00–2.99ct,VS2,EX,EX,EX,8.1 X 8.11 X 5.06,62.4,55,1,IGI,823643363,https://api.igi.org/viewpdf.php?r=823643363,
759-725,White,F,Round,2,2.00–2.99ct,VS1,IDEAL,EX,EX,8.04 X 8.1 X 4.92,60.9,57,0.99,IGI,819696644,https://api.igi.org/viewpdf.php?r=819696644,
745-42,Fancy Colour,Fancy Intense Pink,Round,2.01,2.00–2.99ct,VS1,IDEAL,EX,EX,8.07 X 8.14 X 5,61.8,57,0.99,IGI,795648024,https://api.igi.org/viewpdf.php?r=795648024,
746-777,White,F,Round,2,2.00–2.99ct,VS1,EX,EX,EX,8.03 X 8.08 X 5.06,62.8,57,0.99,IGI,784678260,https://api.igi.org/viewpdf.php?r=784678260,
745-39,White,G,Round,2,2.00–2.99ct,VVS2,EX,EX,EX,8.03 X 8.09 X 5.04,62.5,58,0.99,IGI,784678257,https://api.igi.org/viewpdf.php?r=784678257,
746-510,Fancy Colour,Fancy Pink,Round,2.01,2.00–2.99ct,VVS2,IDEAL,EX,EX,8.04 X 8.08 X 5.03,62.4,58,1,IGI,795654853,https://api.igi.org/viewpdf.php?r=795654853,
745-7,Fancy Colour,Fancy Pink,Round,2.01,2.00–2.99ct,VS1,IDEAL,EX,EX,8.05 X 8.1 X 5.04,62.3,56,0.99,IGI,795648047,https://api.igi.org/viewpdf.php?r=795648047,
755-496,Fancy Colour,Fancy Vivid Pink,Round,2.01,2.00–2.99ct,VS1,IDEAL,EX,EX,8.08 X 8.12 X 4.96,61.2,58,1,IGI,813657990,https://api.igi.org/viewpdf.php?r=813657990,
743-518,Fancy Colour,Fancy Intense Pink,Round,2.01,2.00–2.99ct,VS1,IDEAL,EX,EX,8.18 X 8.21 X 4.89,59.7,59,1,IGI,792648523,https://api.igi.org/viewpdf.php?r=792648523,
746-108,White,F,Round,2,2.00–2.99ct,VVS2,IDEAL,EX,EX,8.14 X 8.18 X 4.91,60.2,59,1,IGI,784678296,https://api.igi.org/viewpdf.php?r=784678296,
761-535,White,E,Round,2,2.00–2.99ct,VS1,IDEAL,EX,EX,8.11 X 8.18 X 4.9,60.2,59,0.99,IGI,824615650,https://api.igi.org/viewpdf.php?r=824615650,
747-37,Fancy Colour,Fancy Pink,Round,2.01,2.00–2.99ct,VS1,IDEAL,EX,EX,8.02 X 8.08 X 5,62.1,57,0.99,IGI,792648576,https://api.igi.org/viewpdf.php?r=792648576,
741-150,White,F,Round,2,2.00–2.99ct,VS1,VG,EX,VG,8.18 X 8.21 X 4.86,59.2,59,1,IGI,790622190,https://api.igi.org/viewpdf.php?r=790622190,
747-23,Fancy Colour,Fancy Intense Pink,Round,2.01,2.00–2.99ct,SI1,IDEAL,EX,EX,8.19 X 8.23 X 4.87,59.3,59,1,IGI,802623578,https://api.igi.org/viewpdf.php?r=802623578,
744-28,Fancy Colour,Fancy Pink,Round,2.01,2.00–2.99ct,VS1,EX,EX,EX,8.19 X 8.24 X 4.85,59,62,0.99,IGI,807660738,https://api.igi.org/viewpdf.php?r=807660738,
753-31,White,F,Round,2,2.00–2.99ct,VVS2,IDEAL,EX,EX,8.01 X 8.08 X 5,62.1,55,0.99,IGI,795654644,https://api.igi.org/viewpdf.php?r=795654644,
743-387,Fancy Colour,Fancy Intense Pink,Round,2.01,2.00–2.99ct,VS1,IDEAL,EX,EX,8.12 X 8.14 X 4.98,61.3,56,1,IGI,792648524,https://api.igi.org/viewpdf.php?r=792648524,
746-803,Fancy Colour,Fancy Intense Pink,Round,2.01,2.00–2.99ct,VS1,IDEAL,EX,EX,8.19 X 8.23 X 4.94,60.2,58,1,IGI,795647974,https://api.igi.org/viewpdf.php?r=795647974,
760-520,White,F,Round,2,2.00–2.99ct,VVS2,EX,EX,EX,8.12 X 8.17 X 4.97,61,56,0.99,IGI,821689311,https://api.igi.org/viewpdf.php?r=821689311,
746-14,Fancy Colour,Fancy Intense Pink,Round,2.01,2.00–2.99ct,VVS2,IDEAL,EX,EX,8.05 X 8.09 X 4.99,61.8,56,1,IGI,792648575,https://api.igi.org/viewpdf.php?r=792648575,
746-837R,Fancy Colour,Fancy Pink,Round,2.01,2.00–2.99ct,VS1,IDEAL,EX,EX,8.06 X 8.11 X 4.99,61.6,58,0.99,IGI,792648531,https://api.igi.org/viewpdf.php?r=792648531,
753-34,White,F,Round,2,2.00–2.99ct,VS1,IDEAL,EX,EX,8.13 X 8.17 X 4.88,59.8,58,1,IGI,795654641,https://api.igi.org/viewpdf.php?r=795654641,
761-782,White,E,Round,2,2.00–2.99ct,VS2,EX,EX,EX,7.99 X 8.04 X 5.05,62.9,57,0.99,IGI,824615692,https://api.igi.org/viewpdf.php?r=824615692,
742-264,White,F,Round,2,2.00–2.99ct,VS1,IDEAL,EX,EX,8.04 X 8.08 X 4.92,61,59,1,IGI,782690451,https://api.igi.org/viewpdf.php?r=782690451,
750-67,White,F,Round,2,2.00–2.99ct,VVS2,IDEAL,EX,EX,8.06 X 8.09 X 4.95,61.3,57,1,IGI,790622333,https://api.igi.org/viewpdf.php?r=790622333,
761-275,White,E,Round,2,2.00–2.99ct,VS1,IDEAL,EX,EX,8.14 X 8.17 X 4.95,60.7,56,1,IGI,823643263,https://api.igi.org/viewpdf.php?r=823643263,
759-300,White,F,Round,2,2.00–2.99ct,VS1,IDEAL,EX,EX,8.07 X 8.13 X 4.95,61.2,58,0.99,IGI,818611941,https://api.igi.org/viewpdf.php?r=818611941,
746-260,Fancy Colour,Fancy Vivid Pink,Round,2.01,2.00–2.99ct,VVS2,IDEAL,EX,EX,8.09 X 8.14 X 4.97,61.3,59,0.99,IGI,792648526,https://api.igi.org/viewpdf.php?r=792648526,
760-170,White,G,Round,2,2.00–2.99ct,VS1,EX,EX,EX,8.09 X 8.17 X 4.86,59.7,61,0.99,IGI,819696588,https://api.igi.org/viewpdf.php?r=819696588,
760-571,White,F,Round,2,2.00–2.99ct,VS1,IDEAL,EX,EX,8.12 X 8.16 X 4.93,60.5,56,1,IGI,823643360,https://api.igi.org/viewpdf.php?r=823643360,
759-31,White,F,Round,2,2.00–2.99ct,VS1,VG,EX,EX,7.91 X 7.95 X 4.95,62.4,59,0.99,IGI,821689286,https://api.igi.org/viewpdf.php?r=821689286,
746-516,Fancy Colour,Fancy Intense Pink,Round,2.01,2.00–2.99ct,VS1,IDEAL,EX,EX,8.15 X 8.2 X 4.91,60.1,57,0.99,IGI,795647967,https://api.igi.org/viewpdf.php?r=795647967,
761-229,White,E,Round,2,2.00–2.99ct,VS1,IDEAL,EX,EX,8.06 X 8.12 X 5.01,61.9,56,0.99,IGI,823684176,https://api.igi.org/viewpdf.php?r=823684176,
760-681,White,F,Round,2,2.00–2.99ct,VS1,EX,EX,EX,8.11 X 8.14 X 4.91,60.5,57,1,IGI,823643259,https://api.igi.org/viewpdf.php?r=823643259,
761-28,White,E,Round,2,2.00–2.99ct,VVS2,IDEAL,EX,EX,8.18 X 8.21 X 4.88,59.5,60,1,IGI,823643266,https://api.igi.org/viewpdf.php?r=823643266,
760-540,White,F,Round,1.99,1.00–1.99ct,VVS2,IDEAL,EX,EX,8.08 X 8.11 X 4.9,60.6,58,1,IGI,823643370,https://api.igi.org/viewpdf.php?r=823643370,
755-509,White,E,Round,1.99,1.00–1.99ct,VVS2,EX,EX,EX,8.07 X 8.14 X 4.92,60.7,61,0.99,IGI,813658031,https://api.igi.org/viewpdf.php?r=813658031,
759-499,White,F,Round,1.99,1.00–1.99ct,VVS2,EX,EX,EX,8.04 X 8.09 X 5.05,62.7,55,0.99,IGI,823643368,https://api.igi.org/viewpdf.php?r=823643368,
758-506,White,E,Round,1.94,1.00–1.99ct,VS1,EX,EX,EX,8.13 X 8.21 X 4.8,58.7,60,0.99,IGI,817675020,https://api.igi.org/viewpdf.php?r=817675020,
754-124,Fancy Colour,Fancy Intense Pink,Round,2.01,2.00–2.99ct,VVS2,EX,VG,EX,8.2 X 8.23 X 4.85,59,60,1,IGI,802623513,https://api.igi.org/viewpdf.php?r=802623513,
751-34,White,E,Round,1.93,1.00–1.99ct,VVS2,IDEAL,EX,EX,7.96 X 7.99 X 4.94,62,57,1,IGI,795654504,https://api.igi.org/viewpdf.php?r=795654504,
748-28,Fancy Colour,Fancy Pink,Round,2.01,2.00–2.99ct,VVS2,IDEAL,EX,EX,8.02 X 8.06 X 5,62.3,59,1,IGI,795647989,https://api.igi.org/viewpdf.php?r=795647989,
754-76,White,F,Round,1.92,1.00–1.99ct,VVS2,IDEAL,EX,EX,8.05 X 8.08 X 4.87,60.4,57,1,IGI,803618145,https://api.igi.org/viewpdf.php?r=803618145,
746-169,Fancy Colour,Fancy Vivid Pink,Round,2.01,2.00–2.99ct,VS1,IDEAL,EX,EX,8.12 X 8.19 X 5,61.4,58,0.99,IGI,792648573,https://api.igi.org/viewpdf.php?r=792648573,
741-133,White,D,Round,1.92,1.00–1.99ct,VVS2,IDEAL,EX,EX,8.08 X 8.14 X 4.79,59.2,59,0.99,IGI,782627681,https://api.igi.org/viewpdf.php?r=782627681,
750-120,Fancy Colour,Fancy Intense Pink,Round,2.01,2.00–2.99ct,VS1,IDEAL,EX,EX,8.11 X 8.15 X 4.99,61.3,58,1,IGI,802623528,https://api.igi.org/viewpdf.php?r=802623528,
761-783,White,E,Round,1.91,1.00–1.99ct,VS1,EX,EX,EX,8.01 X 8.09 X 4.93,61.3,57,0.99,IGI,823684163,https://api.igi.org/viewpdf.php?r=823684163,
742-573,White,D,Round,1.9,1.00–1.99ct,VVS2,IDEAL,EX,EX,7.85 X 7.9 X 4.91,62.4,59,0.99,IGI,784678211,https://api.igi.org/viewpdf.php?r=784678211,
755-24,White,F,Round,1.86,1.00–1.99ct,VVS2,IDEAL,EX,EX,7.87 X 7.93 X 4.82,61,58,0.99,IGI,803618143,https://api.igi.org/viewpdf.php?r=803618143,
754-92,White,F,Round,1.86,1.00–1.99ct,VS2,IDEAL,EX,EX,7.82 X 7.86 X 4.86,62,57,0.99,IGI,795654506,https://api.igi.org/viewpdf.php?r=795654506,
742-382,White,F,Round,1.86,1.00–1.99ct,VVS2,IDEAL,EX,EX,7.88 X 7.94 X 4.84,61.2,59,0.99,IGI,786622383,https://api.igi.org/viewpdf.php?r=786622383,
742-9,White,F,Round,1.86,1.00–1.99ct,VVS2,IDEAL,EX,EX,7.81 X 7.87 X 4.89,62.3,58,0.99,IGI,784678361,https://api.igi.org/viewpdf.php?r=784678361,
746-147,White,G,Round,1.85,1.00–1.99ct,VVS2,IDEAL,EX,EX,7.85 X 7.88 X 4.83,61.4,57,1,IGI,784678362,https://api.igi.org/viewpdf.php?r=784678362,
746-927,Fancy Colour,Fancy Pink,Round,2.01,2.00–2.99ct,VVS2,IDEAL,EX,EX,8.04 X 8.08 X 5.04,62.5,57,1,IGI,792648529,https://api.igi.org/viewpdf.php?r=792648529,
751-2,White,F,Round,1.85,1.00–1.99ct,VVS2,IDEAL,EX,EX,7.85 X 7.88 X 4.83,61.4,58,1,IGI,795654728,https://api.igi.org/viewpdf.php?r=795654728,
735-67,White,F,Round,1.85,1.00–1.99ct,VS1,IDEAL,EX,EX,7.93 X 7.97 X 4.82,60.7,59,0.99,IGI,769654989,https://api.igi.org/viewpdf.php?r=769654989,
746-130,Fancy Colour,Fancy Pink,Round,2.01,2.00–2.99ct,VS1,IDEAL,EX,EX,8.07 X 8.1 X 4.91,60.7,59,1,IGI,807660740,https://api.igi.org/viewpdf.php?r=807660740,
732-7,White,F,Round,1.85,1.00–1.99ct,VVS2,IDEAL,EX,EX,7.97 X 8 X 4.77,59.8,57,1,IGI,771661645,https://api.igi.org/viewpdf.php?r=771661645,
751-11,White,D,Round,1.85,1.00–1.99ct,VVS2,IDEAL,EX,EX,7.88 X 7.91 X 4.82,61,57,1,IGI,790622378,https://api.igi.org/viewpdf.php?r=790622378,
761-225,White,E,Round,1.85,1.00–1.99ct,VS1,IDEAL,EX,EX,7.9 X 7.95 X 4.82,60.8,59,0.99,IGI,823643305,https://api.igi.org/viewpdf.php?r=823643305,
746-171,Fancy Colour,Fancy Intense Pink,Round,2.01,2.00–2.99ct,VS1,IDEAL,EX,EX,8.06 X 8.12 X 4.99,61.6,57,0.99,IGI,795647973,https://api.igi.org/viewpdf.php?r=795647973,
738-42,White,F,Round,1.84,1.00–1.99ct,VVS2,IDEAL,EX,EX,7.79 X 7.85 X 4.82,61.5,59,0.99,IGI,768675546,https://api.igi.org/viewpdf.php?r=768675546,
753-33,White,F,Round,1.83,1.00–1.99ct,VS2,IDEAL,EX,EX,7.92 X 7.97 X 4.77,60.1,58,0.99,IGI,795654730,https://api.igi.org/viewpdf.php?r=795654730,
754-154,White,F,Round,1.83,1.00–1.99ct,VS2,IDEAL,EX,EX,7.8 X 7.83 X 4.88,62.5,56,1,IGI,795654726,https://api.igi.org/viewpdf.php?r=795654726,
755-20,White,E,Round,1.83,1.00–1.99ct,VVS2,IDEAL,EX,EX,7.86 X 7.89 X 4.8,60.9,58,1,IGI,803618147,https://api.igi.org/viewpdf.php?r=803618147,
742-516,White,E,Round,1.83,1.00–1.99ct,VVS2,IDEAL,EX,EX,7.94 X 7.97 X 4.78,60.2,57,1,IGI,786622384,https://api.igi.org/viewpdf.php?r=786622384,
737-11,White,D,Round,1.82,1.00–1.99ct,VS1,IDEAL,EX,EX,7.88 X 7.91 X 4.77,60.4,59,1,IGI,779607425,https://api.igi.org/viewpdf.php?r=779607425,
749-371,White,D,Round,1.81,1.00–1.99ct,VS1,IDEAL,EX,EX,7.89 X 7.92 X 4.79,60.6,58,1,IGI,790622377,https://api.igi.org/viewpdf.php?r=790622377,
749-66,White,D,Round,1.81,1.00–1.99ct,VS1,IDEAL,EX,EX,7.84 X 7.87 X 4.79,61,58,1,IGI,790622314,https://api.igi.org/viewpdf.php?r=790622314,
750-89,Fancy Colour,Fancy Intense Pink,Round,2.01,2.00–2.99ct,VS1,IDEAL,EX,EX,8.05 X 8.09 X 4.93,61.1,59,1,IGI,802623577,https://api.igi.org/viewpdf.php?r=802623577,
747-136,Fancy Colour,Fancy Intense Pink,Round,2.01,2.00–2.99ct,VS2,IDEAL,EX,EX,8.2 X 8.27 X 4.86,59.2,59,0.99,IGI,802623511,https://api.igi.org/viewpdf.php?r=802623511,
759-138,White,F,Round,1.8,1.00–1.99ct,VS1,IDEAL,EX,EX,7.74 X 7.8 X 4.81,62,56,0.99,IGI,819696595,https://api.igi.org/viewpdf.php?r=819696595,
734-58,White,D,Round,1.8,1.00–1.99ct,VVS2,EX,EX,EX,7.7 X 7.76 X 4.82,62.3,57,0.99,IGI,764610883,https://api.igi.org/viewpdf.php?r=764610883,
735-68,White,D,Round,1.79,1.00–1.99ct,VVS2,IDEAL,EX,EX,7.8 X 7.83 X 4.76,60.9,58,1,IGI,774639265,https://api.igi.org/viewpdf.php?r=774639265,
750-98,White,F,Round,1.78,1.00–1.99ct,VS1,IDEAL,EX,EX,7.78 X 7.82 X 4.71,60.4,59,0.99,IGI,790622295,https://api.igi.org/viewpdf.php?r=790622295,
748-10,White,E,Round,1.77,1.00–1.99ct,VS1,IDEAL,EX,EX,7.78 X 7.82 X 4.78,61.3,56,0.99,IGI,790622396,https://api.igi.org/viewpdf.php?r=790622396,
760-217,White,E,Round,1.73,1.00–1.99ct,VVS2,IDEAL,EX,EX,7.74 X 7.78 X 4.74,61,56,0.99,IGI,821689348,https://api.igi.org/viewpdf.php?r=821689348,
760-404,White,F,Round,1.71,1.00–1.99ct,VVS2,EX,EX,EX,7.56 X 7.59 X 4.78,63.1,58,1,IGI,823643301,https://api.igi.org/viewpdf.php?r=823643301,
755-21,Fancy Colour,Fancy Intense Pink,Round,2,2.00–2.99ct,VVS2,IDEAL,EX,EX,8.11 X 8.15 X 4.95,60.9,60,1,IGI,813657991,https://api.igi.org/viewpdf.php?r=813657991,
746-388,White,E,Round,1.7,1.00–1.99ct,VS1,IDEAL,EX,EX,7.66 X 7.7 X 4.76,62,53,0.99,IGI,790622311,https://api.igi.org/viewpdf.php?r=790622311,
759-267,White,E,Round,1.7,1.00–1.99ct,VS1,IDEAL,EX,EX,7.62 X 7.69 X 4.73,61.9,56,0.99,IGI,818611940,https://api.igi.org/viewpdf.php?r=818611940,
748-43,Fancy Colour,Fancy Intense Pink,Round,2,2.00–2.99ct,VS1,IDEAL,EX,EX,8.06 X 8.12 X 4.98,61.6,56,0.99,IGI,792648594,https://api.igi.org/viewpdf.php?r=792648594,
760-67,White,F,Round,1.7,1.00–1.99ct,VS1,IDEAL,EX,EX,7.67 X 7.72 X 4.67,60.7,59,0.99,IGI,821689343,https://api.igi.org/viewpdf.php?r=821689343,
759-17,White,E,Round,1.7,1.00–1.99ct,VS1,EX,EX,EX,7.56 X 7.6 X 4.77,63,54,0.99,IGI,819696658,https://api.igi.org/viewpdf.php?r=819696658,
751-91,White,F,Round,1.7,1.00–1.99ct,VS1,EX,EX,EX,7.81 X 7.85 X 4.58,58.5,60,0.99,IGI,795654558,https://api.igi.org/viewpdf.php?r=795654558,
745-40,Fancy Colour,Fancy Intense Pink,Round,2,2.00–2.99ct,VS1,EX,EX,EX,8.17 X 8.2 X 4.83,59,62,1,IGI,819615742,https://api.igi.org/viewpdf.php?r=819615742,
748-24,White,F,Round,1.62,1.00–1.99ct,VVS2,IDEAL,EX,EX,7.48 X 7.53 X 4.66,62.1,57,0.99,IGI,790622126,https://api.igi.org/viewpdf.php?r=790622126,
751-4,White,F,Round,1.6,1.00–1.99ct,VS1,IDEAL,EX,EX,7.46 X 7.49 X 4.62,61.9,59,1,IGI,790622127,https://api.igi.org/viewpdf.php?r=790622127,
748-146,Fancy Colour,Fancy Intense Pink,Round,2,2.00–2.99ct,VS2,IDEAL,EX,EX,8.13 X 8.16 X 4.95,60.7,57,1,IGI,795648033,https://api.igi.org/viewpdf.php?r=795648033,
746-289,Fancy Colour,Fancy Pink,Round,2,2.00–2.99ct,VS1,IDEAL,EX,EX,8.07 X 8.1 X 4.94,61,57,1,IGI,792648599,https://api.igi.org/viewpdf.php?r=792648599,
736-303,White,D,Round,1.59,1.00–1.99ct,VVS2,EX,EX,EX,7.57 X 7.61 X 4.6,60.7,59,0.99,IGI,774639260,https://api.igi.org/viewpdf.php?r=774639260,
740-272,White,F,Round,1.57,1.00–1.99ct,VVS2,IDEAL,EX,EX,7.47 X 7.52 X 4.56,60.8,59,0.99,IGI,779665133,https://api.igi.org/viewpdf.php?r=779665133,
759-515,White,F,Round,1.56,1.00–1.99ct,VS1,IDEAL,EX,EX,7.49 X 7.53 X 4.52,60.2,58,0.99,IGI,819696657,https://api.igi.org/viewpdf.php?r=819696657,
750-46,Fancy Colour,Fancy Intense Pink,Round,2,2.00–2.99ct,VS1,IDEAL,VG,EX,8.05 X 8.12 X 4.97,61.5,58,0.99,IGI,802623520,https://api.igi.org/viewpdf.php?r=802623520,
741-42,White,F,Round,1.56,1.00–1.99ct,VVS2,IDEAL,EX,EX,7.39 X 7.44 X 4.6,62,58,0.99,IGI,780643143,https://api.igi.org/viewpdf.php?r=780643143,
761-274,White,E,Round,1.55,1.00–1.99ct,VS1,IDEAL,EX,EX,7.36 X 7.43 X 4.57,61.8,58,0.99,IGI,823684164,https://api.igi.org/viewpdf.php?r=823684164,
759-299,White,G,Round,1.55,1.00–1.99ct,VVS2,IDEAL,EX,EX,7.5 X 7.53 X 4.52,60.1,57,1,IGI,818611938,https://api.igi.org/viewpdf.php?r=818611938,
731-1366,White,E,Round,1.55,1.00–1.99ct,SI1,IDEAL,EX,EX,7.47 X 7.5 X 4.56,60.9,58,1,IGI,762529885,https://api.igi.org/viewpdf.php?r=762529885,
731-122,White,G,Round,1.55,1.00–1.99ct,VS1,IDEAL,EX,EX,7.43 X 7.46 X 4.57,61.4,57,1,IGI,762529880,https://api.igi.org/viewpdf.php?r=762529880,
730-325,White,F,Round,1.55,1.00–1.99ct,VVS1,IDEAL,EX,EX,7.52 X 7.56 X 4.49,59.6,59,0.99,IGI,756529325,https://api.igi.org/viewpdf.php?r=756529325,
760-732,White,E,Round,1.55,1.00–1.99ct,VS1,EX,EX,EX,7.49 X 7.53 X 4.56,60.7,56,0.99,IGI,823643311,https://api.igi.org/viewpdf.php?r=823643311,
743-106,White,F,Round,1.54,1.00–1.99ct,VVS2,IDEAL,EX,EX,7.39 X 7.42 X 4.57,61.7,56,1,IGI,782690444,https://api.igi.org/viewpdf.php?r=782690444,
760-573,White,F,Round,1.54,1.00–1.99ct,VS1,IDEAL,EX,EX,7.5 X 7.56 X 4.49,59.7,59,0.99,IGI,821689345,https://api.igi.org/viewpdf.php?r=821689345,
731-168,White,F,Round,1.54,1.00–1.99ct,VVS2,IDEAL,EX,EX,7.42 X 7.45 X 4.58,61.6,56,1,IGI,760578824,https://api.igi.org/viewpdf.php?r=760578824,
746-156,White,G,Round,1.54,1.00–1.99ct,VVS2,IDEAL,EX,EX,7.51 X 7.53 X 4.55,60.5,57,1,IGI,786622145,https://api.igi.org/viewpdf.php?r=786622145,
753-72,White,D,Round,1.54,1.00–1.99ct,VVS2,IDEAL,EX,EX,7.46 X 7.49 X 4.52,60.5,59,1,IGI,795654612,https://api.igi.org/viewpdf.php?r=795654612,
743-175,White,D,Round,1.54,1.00–1.99ct,VVS2,IDEAL,EX,EX,7.41 X 7.43 X 4.52,60.8,59,1,IGI,784678371,https://api.igi.org/viewpdf.php?r=784678371,
747-29,Fancy Colour,Fancy Intense Pink,Round,2,2.00–2.99ct,VS1,IDEAL,EX,EX,8.08 X 8.15 X 4.96,61.1,59,0.99,IGI,795648049,https://api.igi.org/viewpdf.php?r=795648049,
745-43,Fancy Colour,Fancy Pink,Round,2,2.00–2.99ct,VS1,IDEAL,EX,EX,8.06 X 8.13 X 4.97,61.4,57,0.99,IGI,792648592,https://api.igi.org/viewpdf.php?r=792648592,
746-164,Fancy Colour,Fancy Intense Pink,Round,2,2.00–2.99ct,VS1,IDEAL,EX,EX,8.03 X 8.05 X 4.99,62,55,1,IGI,792648574,https://api.igi.org/viewpdf.php?r=792648574,
742-427,Fancy Colour,Fancy Pink,Round,2,2.00–2.99ct,VS1,IDEAL,EX,EX,8.17 X 8.19 X 4.87,59.6,60,1,IGI,792648610,https://api.igi.org/viewpdf.php?r=792648610,
745-60R,Fancy Colour,Fancy Pink,Round,2,2.00–2.99ct,VS1,IDEAL,EX,EX,8.14 X 8.19 X 4.92,60.3,59,0.99,IGI,LG795648053,https://api.igi.org/viewpdf.php?r=LG795648053,
738-44,White,E,Round,1.54,1.00–1.99ct,VVS2,IDEAL,EX,EX,7.46 X 7.51 X 4.52,60.4,57,0.99,IGI,768675541,https://api.igi.org/viewpdf.php?r=768675541,
746-49,Fancy Colour,Fancy Intense Pink,Round,2,2.00–2.99ct,VVS2,EX,EX,EX,7.98 X 8.05 X 5.06,63,57,0.99,IGI,795648039,https://api.igi.org/viewpdf.php?r=795648039,
742-221,White,E,Round,1.54,1.00–1.99ct,VVS1,IDEAL,EX,EX,7.47 X 7.5 X 4.53,60.6,59,1,IGI,784678373,https://api.igi.org/viewpdf.php?r=784678373,
761-440,White,F,Round,1.53,1.00–1.99ct,VS1,IDEAL,EX,EX,7.32 X 7.38 X 4.58,62.3,57,0.99,IGI,824615685,https://api.igi.org/viewpdf.php?r=824615685,
744-509,White,F,Round,1.53,1.00–1.99ct,VS1,IDEAL,EX,EX,7.33 X 7.38 X 4.58,62.3,58,0.99,IGI,795647813,https://api.igi.org/viewpdf.php?r=795647813,
755-270,Fancy Colour,Fancy Intense Pink,Round,2,2.00–2.99ct,SI1,EX,EX,EX,8 X 8.08 X 5.06,63,55,0.99,IGI,815671304,https://api.igi.org/viewpdf.php?r=815671304,
732-402,White,D,Round,1.53,1.00–1.99ct,VVS2,IDEAL,EX,EX,7.48 X 7.51 X 4.51,60.2,59,1,IGI,764610890,https://api.igi.org/viewpdf.php?r=764610890,
750-122,White,F,Round,1.53,1.00–1.99ct,VS1,IDEAL,EX,EX,7.34 X 7.39 X 4.57,61.9,58,0.99,IGI,790622300,https://api.igi.org/viewpdf.php?r=790622300,
748-39,Fancy Colour,Fancy Intense Pink,Round,2,2.00–2.99ct,VVS2,EX,EX,EX,8.18 X 8.22 X 4.83,58.9,62,1,IGI,792648593,https://api.igi.org/viewpdf.php?r=792648593,
734-65,White,D,Round,1.53,1.00–1.99ct,VVS2,IDEAL,EX,EX,7.46 X 7.52 X 4.47,59.5,60,0.99,IGI,774639291,https://api.igi.org/viewpdf.php?r=774639291,
746-551,White,F,Round,1.53,1.00–1.99ct,VS1,IDEAL,EX,EX,7.43 X 7.46 X 4.57,61.4,57,1,IGI,786622351,https://api.igi.org/viewpdf.php?r=786622351,
754-130,White,F,Round,1.53,1.00–1.99ct,VVS2,IDEAL,EX,EX,7.39 X 7.43 X 4.53,61.1,58,0.99,IGI,795654610,https://api.igi.org/viewpdf.php?r=795654610,
734-92,White,D,Round,1.53,1.00–1.99ct,VVS2,IDEAL,EX,EX,7.43 X 7.5 X 4.56,61,57,0.99,IGI,774639292,https://api.igi.org/viewpdf.php?r=774639292,
751-71,White,G,Round,1.53,1.00–1.99ct,VS1,IDEAL,EX,EX,7.38 X 7.4 X 4.56,61.7,58,1,IGI,795654763,https://api.igi.org/viewpdf.php?r=795654763,
761-447,White,E,Round,1.53,1.00–1.99ct,VS1,IDEAL,EX,EX,7.37 X 7.41 X 4.56,61.7,56,0.99,IGI,823643339,https://api.igi.org/viewpdf.php?r=823643339,
746-427,Fancy Colour,Fancy Intense Pink,Round,2,2.00–2.99ct,VS1,IDEAL,EX,EX,8.01 X 8.05 X 5.02,62.5,57,1,IGI,795648029,https://api.igi.org/viewpdf.php?r=795648029,
737-577,White,F,Round,1.53,1.00–1.99ct,VS1,IDEAL,EX,EX,7.41 X 7.45 X 4.55,61.2,56,0.99,IGI,779607442,https://api.igi.org/viewpdf.php?r=779607442,
747-80,Fancy Colour,Fancy Pink,Round,2,2.00–2.99ct,VVS2,EX,VG,EX,8.18 X 8.22 X 4.89,59.7,58,1,IGI,802623516,https://api.igi.org/viewpdf.php?r=802623516,
746-431,Fancy Colour,Fancy Intense Pink,Round,2,2.00–2.99ct,VVS2,IDEAL,EX,EX,8.13 X 8.17 X 4.94,60.7,59,1,IGI,795648030,https://api.igi.org/viewpdf.php?r=795648030,
760-393,White,E,Round,1.53,1.00–1.99ct,VS1,EX,EX,EX,7.31 X 7.36 X 4.6,62.7,57,0.99,IGI,823643282,https://api.igi.org/viewpdf.php?r=823643282,
737-575,Fancy Colour,Fancy Intense Pink,Round,2,2.00–2.99ct,VS1,IDEAL,EX,EX,8.13 X 8.17 X 4.93,60.6,57,1,IGI,779607498,https://api.igi.org/viewpdf.php?r=779607498,
742-70,White,D,Round,1.53,1.00–1.99ct,VVS2,EX,EX,EX,7.29 X 7.34 X 4.58,62.6,59,0.99,IGI,780643146,https://api.igi.org/viewpdf.php?r=780643146,
735-489,White,D,Round,1.53,1.00–1.99ct,VVS2,IDEAL,EX,EX,7.34 X 7.38 X 4.56,62,58,0.99,IGI,769654935,https://api.igi.org/viewpdf.php?r=769654935,
746-649,Fancy Colour,Fancy Intense Pink,Round,2,2.00–2.99ct,VVS2,IDEAL,EX,EX,8.05 X 8.14 X 5.03,62,57,0.99,IGI,792648579,https://api.igi.org/viewpdf.php?r=792648579,
746-517,Fancy Colour,Fancy Pink,Round,2,2.00–2.99ct,VVS2,IDEAL,EX,EX,8.18 X 8.22 X 4.93,60.1,56,1,IGI,795648032,https://api.igi.org/viewpdf.php?r=795648032,
738-39,White,D,Round,1.53,1.00–1.99ct,VVS2,IDEAL,EX,EX,7.35 X 7.39 X 4.58,62.2,58,0.99,IGI,779607451,https://api.igi.org/viewpdf.php?r=779607451,
745-1,Fancy Colour,Fancy Pink,Round,2,2.00–2.99ct,VS1,IDEAL,EX,EX,8.06 X 8.14 X 4.98,61.4,55,0.99,IGI,792648591,https://api.igi.org/viewpdf.php?r=792648591,
746-98,Fancy Colour,Fancy Pink,Round,2,2.00–2.99ct,VVS2,EX,EX,EX,8.04 X 8.12 X 4.93,61.2,57,0.99,IGI,795648052,https://api.igi.org/viewpdf.php?r=795648052,
757-71,Fancy Colour,Fancy Intense Pink,Round,2,2.00–2.99ct,VVS2,IDEAL,EX,EX,8.12 X 8.15 X 4.94,60.7,59,1,IGI,813657992,https://api.igi.org/viewpdf.php?r=813657992,
757-159,Fancy Colour,Fancy Intense Pink,Round,2,2.00–2.99ct,VS1,IDEAL,EX,EX,8.11 X 8.16 X 4.93,60.6,60,0.99,IGI,815671302,https://api.igi.org/viewpdf.php?r=815671302,
754-47,Fancy Colour,Fancy Pink,Round,2,2.00–2.99ct,VVS2,IDEAL,EX,EX,8.09 X 8.17 X 4.93,60.6,59,0.99,IGI,802623524,https://api.igi.org/viewpdf.php?r=802623524,
756-209,Fancy Colour,Fancy Vivid Pink,Round,2,2.00–2.99ct,VVS2,EX,EX,EX,8.1 X 8.16 X 4.83,59.3,61,0.99,IGI,813657994,https://api.igi.org/viewpdf.php?r=813657994,
746-36,Fancy Colour,Fancy Intense Pink,Round,2,2.00–2.99ct,VVS2,IDEAL,EX,EX,8.12 X 8.17 X 4.96,60.9,56,0.99,IGI,795648051,https://api.igi.org/viewpdf.php?r=795648051,
754-44,Fancy Colour,Fancy Vivid Blue,Round,2,2.00–2.99ct,VS1,IDEAL,EX,EX,8.14 X 8.17 X 4.92,60.3,58,1,IGI,815671299,https://api.igi.org/viewpdf.php?r=815671299,
756-250,Fancy Colour,Fancy Intense Pink,Round,2,2.00–2.99ct,VS2,EX,EX,EX,8.14 X 8.17 X 4.84,59.4,59,1,IGI,813657993,https://api.igi.org/viewpdf.php?r=813657993,
758-164,White,D,Round,1.52,1.00–1.99ct,VS1,IDEAL,EX,EX,7.45 X 7.5 X 4.5,60.2,58,0.99,IGI,815648661,https://api.igi.org/viewpdf.php?r=815648661,
761-121,White,E,Round,1.52,1.00–1.99ct,VS1,IDEAL,EX,EX,7.39 X 7.41 X 4.58,61.9,56,1,IGI,823643257,https://api.igi.org/viewpdf.php?r=823643257,
746-125,Fancy Colour,Fancy Pink,Round,2,2.00–2.99ct,VVS2,IDEAL,EX,EX,8.08 X 8.14 X 4.94,60.9,57,0.99,IGI,795647975,https://api.igi.org/viewpdf.php?r=795647975,
744-26,White,D,Round,1.52,1.00–1.99ct,VVS2,IDEAL,EX,EX,7.37 X 7.4 X 4.51,61.1,60,1,IGI,803618177,https://api.igi.org/viewpdf.php?r=803618177,
759-229,White,E,Round,1.52,1.00–1.99ct,VS1,IDEAL,EX,EX,7.43 X 7.49 X 4.46,59.7,59,0.99,IGI,821689349,https://api.igi.org/viewpdf.php?r=821689349,
739-559,White,D,Round,1.52,1.00–1.99ct,VVS2,IDEAL,EX,EX,7.43 X 7.46 X 4.51,60.5,59,1,IGI,779665139,https://api.igi.org/viewpdf.php?r=779665139,
746-238,Fancy Colour,Fancy Intense Pink,Round,2,2.00–2.99ct,VS1,EX,EX,EX,8.18 X 8.21 X 4.88,59.5,57,1,IGI,792648571,https://api.igi.org/viewpdf.php?r=792648571,
751-545,White,G,Round,1.52,1.00–1.99ct,VS1,IDEAL,EX,EX,7.38 X 7.44 X 4.52,60.9,58,0.99,IGI,795654755,https://api.igi.org/viewpdf.php?r=795654755,
756-252,White,F,Round,1.52,1.00–1.99ct,VS1,IDEAL,EX,EX,7.39 X 7.43 X 4.54,61.3,56,0.99,IGI,803618071,https://api.igi.org/viewpdf.php?r=803618071,
751-122,Fancy Colour,Fancy Pink,Round,2,2.00–2.99ct,VS1,EX,EX,EX,8.11 X 8.17 X 4.88,59.9,62,0.99,IGI,802623521,https://api.igi.org/viewpdf.php?r=802623521,
755-490,White,F,Round,1.52,1.00–1.99ct,VVS2,IDEAL,EX,EX,7.35 X 7.41 X 4.49,60.9,59,0.99,IGI,803618179,https://api.igi.org/viewpdf.php?r=803618179,
746-511,White,F,Round,1.52,1.00–1.99ct,VVS2,IDEAL,EX,EX,7.38 X 7.41 X 4.56,61.6,56,1,IGI,784678377,https://api.igi.org/viewpdf.php?r=784678377,
746-242,Fancy Colour,Fancy Intense Pink,Round,2,2.00–2.99ct,VS1,IDEAL,EX,EX,8.1 X 8.15 X 4.95,60.9,59,0.99,IGI,795648031,https://api.igi.org/viewpdf.php?r=795648031,
761-325,White,F,Round,1.52,1.00–1.99ct,VVS2,IDEAL,EX,EX,7.34 X 7.4 X 4.59,62.4,57,0.99,IGI,824615683,https://api.igi.org/viewpdf.php?r=824615683,
740-278,White,F,Round,1.52,1.00–1.99ct,VVS2,IDEAL,EX,EX,7.41 X 7.46 X 4.48,60.2,60,0.99,IGI,779607444,https://api.igi.org/viewpdf.php?r=779607444,
753-54,White,G,Round,1.52,1.00–1.99ct,VS1,IDEAL,EX,EX,7.4 X 7.44 X 4.53,61.1,58,0.99,IGI,795654756,https://api.igi.org/viewpdf.php?r=795654756,
755-29,Fancy Colour,Fancy Intense Pink,Round,2,2.00–2.99ct,VS1,EX,EX,EX,8.03 X 8.11 X 4.92,60.9,59,0.99,IGI,813657989,https://api.igi.org/viewpdf.php?r=813657989,
738-8,Fancy Colour,Fancy Intense Pink,Round,2,2.00–2.99ct,VS1,IDEAL,EX,EX,8.09 X 8.15 X 4.89,60.3,60,0.99,IGI,782627696,https://api.igi.org/viewpdf.php?r=782627696,
751-96,White,F,Round,1.52,1.00–1.99ct,VS1,IDEAL,EX,EX,7.42 X 7.46 X 4.5,60.6,59,0.99,IGI,795654761,https://api.igi.org/viewpdf.php?r=795654761,
735-405,White,D,Round,1.52,1.00–1.99ct,VVS2,IDEAL,EX,EX,7.45 X 7.5 X 4.5,60.2,59,0.99,IGI,769654938,https://api.igi.org/viewpdf.php?r=769654938,
746-926,Fancy Colour,Fancy Intense Pink,Round,2,2.00–2.99ct,VS1,IDEAL,EX,EX,8.12 X 8.16 X 4.87,59.8,59,1,IGI,792648597,https://api.igi.org/viewpdf.php?r=792648597,
744-52,White,D,Round,1.52,1.00–1.99ct,VVS2,IDEAL,EX,EX,7.29 X 7.35 X 4.57,62.3,58,0.99,IGI,803618173,https://api.igi.org/viewpdf.php?r=803618173,
747-209,Fancy Colour,Fancy Intense Pink,Round,2,2.00–2.99ct,VS1,EX,EX,EX,8.19 X 8.24 X 4.86,59.2,59,0.99,IGI,807660743,https://api.igi.org/viewpdf.php?r=807660743,
751-13,White,F,Round,1.51,1.00–1.99ct,VS1,IDEAL,EX,EX,7.36 X 7.42 X 4.5,60.9,59,0.99,IGI,795654594,https://api.igi.org/viewpdf.php?r=795654594,
746-25,Fancy Colour,Fancy Pink,Round,2,2.00–2.99ct,VS2,IDEAL,EX,EX,8.03 X 8.07 X 5,62.1,59,1,IGI,795648040,https://api.igi.org/viewpdf.php?r=795648040,
759-517,White,G,Round,1.51,1.00–1.99ct,VS1,IDEAL,EX,EX,7.39 X 7.43 X 4.47,60.3,58,0.99,IGI,818696493,https://api.igi.org/viewpdf.php?r=818696493,
734-68,White,D,Round,1.51,1.00–1.99ct,VS1,IDEAL,EX,EX,7.43 X 7.44 X 4.45,59.8,60,1,IGI,769654927,https://api.igi.org/viewpdf.php?r=769654927,
755-515,Fancy Colour,Fancy Vivid Pink,Oval,2,2.00–2.99ct,VVS2,,EX,EX,10.07 X 7.24 X 4.38,60.5,63,1.39,IGI,815671311,https://api.igi.org/viewpdf.php?r=815671311,
746-509,Fancy Colour,Fancy Intense Pink,Round,2,2.00–2.99ct,VS1,IDEAL,EX,EX,8.1 X 8.16 X 4.96,60.9,56,0.99,IGI,795647990,https://api.igi.org/viewpdf.php?r=795647990,
752-17,White,F,Round,1.51,1.00–1.99ct,VS1,EX,EX,EX,7.47 X 7.5 X 4.4,58.8,60,1,IGI,803618137,https://api.igi.org/viewpdf.php?r=803618137,
704-100,Fancy Colour,Fancy Intense Pink,Round,1.99,1.00–1.99ct,VVS2,IDEAL,EX,EX,8.15 X 8.23 X 4.89,59.8,59,0.99,IGI,719561971,https://api.igi.org/viewpdf.php?r=719561971,
747-143,Fancy Colour,Fancy Pink,Round,1.99,1.00–1.99ct,VVS2,EX,EX,EX,8.19 X 8.25 X 4.83,58.8,60,0.99,IGI,813657995,https://api.igi.org/viewpdf.php?r=813657995,
751-100,Fancy Colour,Fancy Pink,Round,1.99,1.00–1.99ct,VS2,IDEAL,EX,EX,8.05 X 8.11 X 4.95,61.3,58,0.99,IGI,813657997,https://api.igi.org/viewpdf.php?r=813657997,
730-319,White,F,Round,1.51,1.00–1.99ct,VVS2,IDEAL,EX,EX,7.37 X 7.41 X 4.54,61.4,56,0.99,IGI,756529304,https://api.igi.org/viewpdf.php?r=756529304,
734-54,White,D,Round,1.51,1.00–1.99ct,VVS2,IDEAL,EX,EX,7.47 X 7.5 X 4.44,59.3,57,1,IGI,769654845,https://api.igi.org/viewpdf.php?r=769654845,
755-204,Fancy Colour,Fancy Intense Pink,Round,1.99,1.00–1.99ct,VS1,IDEAL,EX,EX,8.17 X 8.23 X 4.86,59.4,58,0.99,IGI,813657996,https://api.igi.org/viewpdf.php?r=813657996,
746-714,Fancy Colour,Fancy Intense Pink,Round,1.99,1.00–1.99ct,VS2,IDEAL,EX,EX,8.07 X 8.1 X 5.01,62,55,1,IGI,795648048,https://api.igi.org/viewpdf.php?r=795648048,
752-5,White,E,Round,1.51,1.00–1.99ct,VVS2,IDEAL,EX,EX,7.36 X 7.39 X 4.52,61.4,59,1,IGI,803618056,https://api.igi.org/viewpdf.php?r=803618056,
698-156,Fancy Colour,Fancy Intense Pink,Round,1.98,1.00–1.99ct,VVS2,IDEAL,EX,EX,8.07 X 8.1 X 4.91,60.7,59,1,IGI,690513566,https://api.igi.org/viewpdf.php?r=690513566,
704-10,Fancy Colour,Fancy Intense Pink,Round,1.96,1.00–1.99ct,VVS2,IDEAL,EX,EX,8 X 8.04 X 4.96,61.8,54,1,IGI,720579069,https://api.igi.org/viewpdf.php?r=720579069,
740-281,Fancy Colour,Fancy Deep Orange,Round,1.94,1.00–1.99ct,VVS2,EX,EX,EX,7.97 X 8.05 X 4.85,60.5,60,0.99,IGI,798602658,https://api.igi.org/viewpdf.php?r=798602658,
760-600,White,D,Round,1.51,1.00–1.99ct,VVS1,IDEAL,EX,EX,7.42 X 7.47 X 4.45,59.9,59,0.99,IGI,823643246,https://api.igi.org/viewpdf.php?r=823643246,
751-26,White,F,Round,1.51,1.00–1.99ct,VS1,EX,EX,EX,7.43 X 7.46 X 4.46,60,59,1,IGI,790622440,https://api.igi.org/viewpdf.php?r=790622440,
747-91,Fancy Colour,Fancy Intense Pink,Round,1.92,1.00–1.99ct,VVS2,IDEAL,EX,EX,7.96 X 7.99 X 4.88,61.2,59,1,IGI,795648028,https://api.igi.org/viewpdf.php?r=795648028,
750-84,White,F,Round,1.51,1.00–1.99ct,VVS2,IDEAL,EX,EX,7.39 X 7.42 X 4.51,61,59,1,IGI,790622371,https://api.igi.org/viewpdf.php?r=790622371,
761-317,White,E,Round,1.51,1.00–1.99ct,VVS2,IDEAL,EX,EX,7.3 X 7.35 X 4.55,62.1,56,0.99,IGI,823684110,https://api.igi.org/viewpdf.php?r=823684110,
760-501,White,F,Round,1.51,1.00–1.99ct,VVS2,IDEAL,EX,EX,7.38 X 7.45 X 4.49,60.5,57,0.99,IGI,821689333,https://api.igi.org/viewpdf.php?r=821689333,
730-589,White,E,Round,1.51,1.00–1.99ct,VVS2,EX,EX,EX,7.48 X 7.53 X 4.46,59.4,58,0.99,IGI,756529298,https://api.igi.org/viewpdf.php?r=756529298,
733-128,White,D,Round,1.5,1.00–1.99ct,VS1,IDEAL,EX,EX,7.33 X 7.37 X 4.43,60.2,59,0.99,IGI,769654840,https://api.igi.org/viewpdf.php?r=769654840,
753-488,White,D,Round,1.5,1.00–1.99ct,VS1,EX,EX,EX,7.3 X 7.33 X 4.52,61.8,61,1,IGI,795647764,https://api.igi.org/viewpdf.php?r=795647764,
735-229,White,D,Round,1.5,1.00–1.99ct,VS1,EX,EX,EX,7.43 X 7.47 X 4.45,59.7,63,0.99,IGI,771661550,https://api.igi.org/viewpdf.php?r=771661550,
750-145,White,F,Round,1.5,1.00–1.99ct,VS1,IDEAL,EX,EX,7.37 X 7.42 X 4.49,60.6,55,0.99,IGI,790622318,https://api.igi.org/viewpdf.php?r=790622318,
760-195,White,F,Round,1.5,1.00–1.99ct,VS1,IDEAL,EX,EX,7.33 X 7.37 X 4.48,61,58,0.99,IGI,818696494,https://api.igi.org/viewpdf.php?r=818696494,
759-79,White,F,Round,1.5,1.00–1.99ct,VS1,IDEAL,EX,EX,7.3 X 7.36 X 4.55,62.1,57,0.99,IGI,817605905,https://api.igi.org/viewpdf.php?r=817605905,
744-319,White,D,Round,1.5,1.00–1.99ct,VS1,IDEAL,EX,EX,7.44 X 7.46 X 4.44,59.6,58,1,IGI,803618133,https://api.igi.org/viewpdf.php?r=803618133,
730-350,White,G,Round,1.5,1.00–1.99ct,VS1,IDEAL,EX,EX,7.47 X 7.52 X 4.4,58.7,60,0.99,IGI,756529303,https://api.igi.org/viewpdf.php?r=756529303,
747-24,White,G,Round,1.5,1.00–1.99ct,VS1,IDEAL,EX,EX,7.34 X 7.39 X 4.49,60.9,59,0.99,IGI,786622373,https://api.igi.org/viewpdf.php?r=786622373,
742-327,White,D,Round,1.5,1.00–1.99ct,VVS2,EX,EX,VG,7.23 X 7.28 X 4.54,62.7,58,0.99,IGI,781626041,https://api.igi.org/viewpdf.php?r=781626041,
751-115,White,F,Round,1.5,1.00–1.99ct,VS1,EX,EX,EX,7.42 X 7.48 X 4.37,58.6,61,0.99,IGI,795654459,https://api.igi.org/viewpdf.php?r=795654459,
756-48,Fancy Colour,Fancy Intense Pink,Round,1.85,1.00–1.99ct,VS2,IDEAL,EX,EX,7.94 X 7.98 X 4.81,60.3,59,0.99,IGI,813658012,https://api.igi.org/viewpdf.php?r=813658012,
754-120,White,F,Round,1.5,1.00–1.99ct,VS1,IDEAL,EX,EX,7.44 X 7.5 X 4.48,60,59,0.99,IGI,795647765,https://api.igi.org/viewpdf.php?r=795647765,
744-7,White,F,Round,1.5,1.00–1.99ct,VVS2,IDEAL,EX,EX,7.45 X 7.49 X 4.41,59,59,0.99,IGI,795654465,https://api.igi.org/viewpdf.php?r=795654465,
760-642,White,F,Round,1.5,1.00–1.99ct,VVS2,IDEAL,EX,EX,7.31 X 7.35 X 4.51,61.6,57,0.99,IGI,823684105,https://api.igi.org/viewpdf.php?r=823684105,
759-595,White,D,Round,1.5,1.00–1.99ct,VS2,EX,EX,EX,7.44 X 7.5 X 4.36,58.4,63,0.99,IGI,818611651,https://api.igi.org/viewpdf.php?r=818611651,
746-255,White,G,Round,1.5,1.00–1.99ct,VVS2,EX,EX,EX,7.31 X 7.39 X 4.43,60.3,61,0.99,IGI,790622294,https://api.igi.org/viewpdf.php?r=790622294,
744-510,White,F,Round,1.5,1.00–1.99ct,VVS2,IDEAL,EX,EX,7.4 X 7.44 X 4.47,60.3,59,0.99,IGI,795654462,https://api.igi.org/viewpdf.php?r=795654462,
746-33,Fancy Colour,Fancy Intense Pink,Round,1.84,1.00–1.99ct,VVS2,IDEAL,VG,EX,7.87 X 7.9 X 4.82,61.2,59,1,IGI,802623527,https://api.igi.org/viewpdf.php?r=802623527,
738-572,White,D,Round,1.5,1.00–1.99ct,VS1,IDEAL,EX,EX,7.45 X 7.47 X 4.51,60.5,56,1,IGI,779607473,https://api.igi.org/viewpdf.php?r=779607473,
742-536,White,F,Round,1.5,1.00–1.99ct,VVS2,EX,EX,EX,7.34 X 7.39 X 4.45,60.4,61,0.99,IGI,782627682,https://api.igi.org/viewpdf.php?r=782627682,
751-731,White,F,Round,1.5,1.00–1.99ct,VS1,EX,EX,EX,7.29 X 7.33 X 4.6,62.8,54,0.99,IGI,790622345,https://api.igi.org/viewpdf.php?r=790622345,
745-9,Fancy Colour,Fancy Pink,Round,1.83,1.00–1.99ct,VVS2,IDEAL,EX,EX,7.95 X 8 X 4.76,59.7,57,0.99,IGI,795648027,https://api.igi.org/viewpdf.php?r=795648027,
753-926,White,E,Round,1.5,1.00–1.99ct,VVS2,EX,EX,EX,7.26 X 7.32 X 4.5,61.7,61,0.99,IGI,803618054,https://api.igi.org/viewpdf.php?r=803618054,
743-169,White,F,Round,1.5,1.00–1.99ct,VS1,EX,EX,EX,7.24 X 7.27 X 4.57,63.1,56,1,IGI,784678172,https://api.igi.org/viewpdf.php?r=784678172,
758-281,White,E,Round,1.5,1.00–1.99ct,VVS2,EX,EX,EX,7.27 X 7.31 X 4.46,61.2,61,0.99,IGI,815648712,https://api.igi.org/viewpdf.php?r=815648712,
760-572,White,F,Round,1.5,1.00–1.99ct,VS1,IDEAL,EX,EX,7.3 X 7.37 X 4.48,61.2,58,0.99,IGI,821689331,https://api.igi.org/viewpdf.php?r=821689331,
738-56,White,D,Round,1.5,1.00–1.99ct,VS1,IDEAL,EX,EX,7.34 X 7.4 X 4.46,60.4,60,0.99,IGI,779607475,https://api.igi.org/viewpdf.php?r=779607475,
760-402,White,F,Round,1.5,1.00–1.99ct,VS1,IDEAL,EX,EX,7.33 X 7.36 X 4.57,62.2,56,1,IGI,823643248,https://api.igi.org/viewpdf.php?r=823643248,
760-108,White,D,Round,1.5,1.00–1.99ct,VS2,IDEAL,EX,EX,7.31 X 7.36 X 4.53,61.8,58,0.99,IGI,819696652,https://api.igi.org/viewpdf.php?r=819696652,
759-215,White,G,Round,1.5,1.00–1.99ct,VS1,EX,EX,EX,7.28 X 7.32 X 4.58,62.9,54,0.99,IGI,817675025,https://api.igi.org/viewpdf.php?r=817675025,
760-167,White,F,Round,1.5,1.00–1.99ct,VS1,IDEAL,EX,EX,7.36 X 7.43 X 4.5,60.8,60,0.99,IGI,818696495,https://api.igi.org/viewpdf.php?r=818696495,
741-82,White,D,Round,1.45,1.00–1.99ct,VS1,IDEAL,EX,EX,7.25 X 7.28 X 4.49,61.9,57,1,IGI,786622374,https://api.igi.org/viewpdf.php?r=786622374,
746-251,Fancy Colour,Fancy Pink,Round,1.81,1.00–1.99ct,VS1,IDEAL,EX,EX,7.81 X 7.85 X 4.79,61.2,59,0.99,IGI,802623529,https://api.igi.org/viewpdf.php?r=802623529,
750-141,White,E,Round,1.44,1.00–1.99ct,VS2,IDEAL,EX,EX,7.24 X 7.27 X 4.49,61.8,56,1,IGI,795654461,https://api.igi.org/viewpdf.php?r=795654461,
746-936,Fancy Colour,Fancy Pink,Round,1.81,1.00–1.99ct,VVS2,IDEAL,EX,EX,7.88 X 7.92 X 4.77,60.4,59,0.99,IGI,792648607,https://api.igi.org/viewpdf.php?r=792648607,
746-137,Fancy Colour,Fancy Pink,Round,1.8,1.00–1.99ct,VS1,IDEAL,EX,EX,7.86 X 7.89 X 4.77,60.6,58,1,IGI,792648606,https://api.igi.org/viewpdf.php?r=792648606,
750-684,White,F,Round,1.44,1.00–1.99ct,VS1,IDEAL,EX,EX,7.3 X 7.33 X 4.4,60.1,58,1,IGI,790622349,https://api.igi.org/viewpdf.php?r=790622349,
761-541,White,E,Round,1.43,1.00–1.99ct,VVS2,IDEAL,EX,EX,7.34 X 7.4 X 4.34,58.9,58,0.99,IGI,823684191,https://api.igi.org/viewpdf.php?r=823684191,
745-87,White,F,Round,1.4,1.00–1.99ct,VS1,IDEAL,EX,EX,7.15 X 7.2 X 4.44,61.9,58,0.99,IGI,782690409,https://api.igi.org/viewpdf.php?r=782690409,
750-109,Fancy Colour,Fancy Intense Pink,Round,1.75,1.00–1.99ct,VS1,IDEAL,EX,EX,7.72 X 7.76 X 4.76,61.5,58,0.99,IGI,802623598,https://api.igi.org/viewpdf.php?r=802623598,
746-253R,Fancy Colour,Fancy Pink,Round,1.75,1.00–1.99ct,VS1,IDEAL,EX,EX,7.69 X 7.73 X 4.81,62.4,57,0.99,IGI,792648605,https://api.igi.org/viewpdf.php?r=792648605,
739-293,Fancy Colour,Fancy Light Pink,Round,1.74,1.00–1.99ct,VVS2,IDEAL,EX,EX,7.73 X 7.76 X 4.78,61.7,58,1,IGI,790622476,https://api.igi.org/viewpdf.php?r=790622476,
738-45,White,D,Round,1.4,1.00–1.99ct,VVS2,EX,EX,EX,7.36 X 7.42 X 4.29,58.1,61,0.99,IGI,779607362,https://api.igi.org/viewpdf.php?r=779607362,
747-205,White,F,Round,1.4,1.00–1.99ct,VS1,IDEAL,EX,EX,7.09 X 7.14 X 4.44,62.5,57,0.99,IGI,786694182,https://api.igi.org/viewpdf.php?r=786694182,
746-655,Fancy Colour,Fancy Pink,Round,1.71,1.00–1.99ct,VS1,IDEAL,EX,EX,7.69 X 7.71 X 4.71,61.1,58,1,IGI,795654850,https://api.igi.org/viewpdf.php?r=795654850,
746-266,White,F,Round,1.38,1.00–1.99ct,VS1,IDEAL,EX,EX,7.07 X 7.12 X 4.41,62.1,57,0.99,IGI,784678177,https://api.igi.org/viewpdf.php?r=784678177,
749-79,Fancy Colour,Fancy Intense Pink,Round,1.7,1.00–1.99ct,VVS2,EX,EX,EX,7.79 X 7.83 X 4.58,58.7,61,0.99,IGI,802623593,https://api.igi.org/viewpdf.php?r=802623593,
729-716,White,F,Round,1.38,1.00–1.99ct,VS1,IDEAL,EX,EX,7.16 X 7.19 X 4.41,61.4,57,1,IGI,760578847,https://api.igi.org/viewpdf.php?r=760578847,
754-40,Fancy Colour,Fancy Pink,Round,1.7,1.00–1.99ct,VVS2,IDEAL,EX,EX,7.62 X 7.7 X 4.69,61.2,60,0.99,IGI,802623595,https://api.igi.org/viewpdf.php?r=802623595,
737-317,White,D,Round,1.37,1.00–1.99ct,VS1,EX,EX,EX,7.23 X 7.29 X 4.33,59.6,59,0.99,IGI,780643127,https://api.igi.org/viewpdf.php?r=780643127,
738-26,White,F,Round,1.34,1.00–1.99ct,VVS2,EX,EX,EX,7.14 X 7.17 X 4.35,60.8,59,1,IGI,780643122,https://api.igi.org/viewpdf.php?r=780643122,
760-607,White,E,Round,1.34,1.00–1.99ct,VS1,EX,EX,EX,7.01 X 7.05 X 4.4,62.7,57,0.99,IGI,823643241,https://api.igi.org/viewpdf.php?r=823643241,
746-523,Fancy Colour,Fancy Pink,Round,1.69,1.00–1.99ct,VVS2,IDEAL,EX,EX,7.73 X 7.76 X 4.61,59.5,58,1,IGI,795648035,https://api.igi.org/viewpdf.php?r=795648035,
749-62R,Fancy Colour,Fancy Pink,Round,1.66,1.00–1.99ct,VVS2,IDEAL,EX,EX,7.64 X 7.67 X 4.66,60.9,57,1,IGI,795648064,https://api.igi.org/viewpdf.php?r=795648064,
749-41,White,E,Round,1.31,1.00–1.99ct,VS2,IDEAL,EX,EX,7.09 X 7.12 X 4.31,60.7,58,1,IGI,790622346,https://api.igi.org/viewpdf.php?r=790622346,
748-80,Fancy Colour,Fancy Pink,Round,1.6,1.00–1.99ct,VS1,IDEAL,EX,EX,7.55 X 7.59 X 4.55,60.2,58,0.99,IGI,795648065,https://api.igi.org/viewpdf.php?r=795648065,
750-80,White,F,Round,1.31,1.00–1.99ct,VS2,IDEAL,EX,EX,7.1 X 7.12 X 4.29,60.4,59,1,IGI,795654463,https://api.igi.org/viewpdf.php?r=795654463,
751-27,White,D,Round,1.3,1.00–1.99ct,VS1,EX,EX,EX,7.08 X 7.12 X 4.27,60.1,57,0.99,IGI,790622348,https://api.igi.org/viewpdf.php?r=790622348,
R-2,Fancy Colour,Fancy Intense Pink,Pear,1.58,1.00–1.99ct,VS1,,EX,EX,11.34 X 7.27 X 2.69,37,61,1.56,IGI,802623596,https://api.igi.org/viewpdf.php?r=802623596,
744-322,White,D,Round,1.29,1.00–1.99ct,VVS2,IDEAL,EX,EX,7.02 X 7.07 X 4.26,60.4,59,0.99,IGI,803617877,https://api.igi.org/viewpdf.php?r=803617877,
732-403,White,D,Round,1.23,1.00–1.99ct,VVS2,IDEAL,EX,EX,6.99 X 7.03 X 4.13,58.9,59,0.99,IGI,764652821,https://api.igi.org/viewpdf.php?r=764652821,
740-305,White,D,Round,1.23,1.00–1.99ct,VS1,IDEAL,EX,EX,6.96 X 7 X 4.17,59.7,59,0.99,IGI,779607363,https://api.igi.org/viewpdf.php?r=779607363,
746-835,Fancy Colour,Fancy Pink,Round,1.56,1.00–1.99ct,VS2,IDEAL,EX,EX,7.43 X 7.45 X 4.58,61.5,58,1,IGI,792648517,https://api.igi.org/viewpdf.php?r=792648517,
729-569,Fancy Colour,Fancy Vivid Pink,Pear,1.56,1.00–1.99ct,VS1,,EX,EX,10.87 X 6.71 X 3.72,55.4,63,1.62,IGI,768675787,https://api.igi.org/viewpdf.php?r=768675787,
760-504,White,E,Round,1.22,1.00–1.99ct,VVS2,IDEAL,EX,EX,6.93 X 6.96 X 4.17,60,57,1,IGI,823643245,https://api.igi.org/viewpdf.php?r=823643245,
705-128,Fancy Colour,Fancy Vivid Pink,Round,1.55,1.00–1.99ct,VVS2,IDEAL,EX,EX,7.41 X 7.45 X 4.58,61.7,58,0.99,IGI,720579033,https://api.igi.org/viewpdf.php?r=720579033,
736-74,White,D,Round,1.22,1.00–1.99ct,VVS2,IDEAL,EX,EX,6.98 X 7.01 X 4.16,59.4,59,1,IGI,771661623,https://api.igi.org/viewpdf.php?r=771661623,
763-11,White,E,Round,1.22,1.00–1.99ct,VVS2,IDEAL,EX,EX,6.85 X 6.88 X 4.24,61.8,57,1,IGI,823684103,https://api.igi.org/viewpdf.php?r=823684103,
702-248,Fancy Colour,Fancy Vivid Pink,Round,1.55,1.00–1.99ct,VVS2,IDEAL,EX,EX,7.43 X 7.47 X 4.54,61,58,0.99,IGI,694566483,https://api.igi.org/viewpdf.php?r=694566483,
702-160,Fancy Colour,Fancy Vivid Pink,Round,1.55,1.00–1.99ct,VS1,IDEAL,EX,EX,7.42 X 7.48 X 4.55,61.1,58,0.99,IGI,694566508,https://api.igi.org/viewpdf.php?r=694566508,
704-131,Fancy Colour,Fancy Vivid Pink,Round,1.55,1.00–1.99ct,VVS2,IDEAL,EX,EX,7.48 X 7.52 X 4.5,59.9,59,0.99,IGI,694566512,https://api.igi.org/viewpdf.php?r=694566512,
759-654,White,D,Round,1.21,1.00–1.99ct,VS1,IDEAL,EX,EX,6.95 X 6.97 X 4.14,59.5,60,1,IGI,818611648,https://api.igi.org/viewpdf.php?r=818611648,
760-406,White,E,Round,1.21,1.00–1.99ct,VS1,IDEAL,EX,EX,6.83 X 6.89 X 4.17,60.8,59,0.99,IGI,819696583,https://api.igi.org/viewpdf.php?r=819696583,
746-294,Fancy Colour,Fancy Intense Pink,Round,1.55,1.00–1.99ct,VS2,IDEAL,EX,EX,7.43 X 7.47 X 4.59,61.6,57,0.99,IGI,802623580,https://api.igi.org/viewpdf.php?r=802623580,
750-61,White,D,Round,1.21,1.00–1.99ct,VS1,IDEAL,EX,EX,6.81 X 6.83 X 4.24,62.1,59,1,IGI,790622344,https://api.igi.org/viewpdf.php?r=790622344,
748-89,Fancy Colour,Fancy Intense Pink,Round,1.55,1.00–1.99ct,VS1,IDEAL,EX,EX,7.44 X 7.46 X 4.58,61.5,57,1,IGI,802623599,https://api.igi.org/viewpdf.php?r=802623599,
702-81,Fancy Colour,Fancy Vivid Pink,Round,1.55,1.00–1.99ct,VVS2,IDEAL,EX,EX,7.38 X 7.4 X 4.58,62,58,1,IGI,694566509,https://api.igi.org/viewpdf.php?r=694566509,
746-113,White,F,Round,1.21,1.00–1.99ct,VS2,IDEAL,EX,EX,6.85 X 6.89 X 4.22,61.3,56,0.99,IGI,784678277,https://api.igi.org/viewpdf.php?r=784678277,
R-3A,Fancy Colour,Fancy Intense Pink,Pear Rose Cut,1.55,1.00–1.99ct,VVS2,,EX,EX,11.26 X 7.03 X 2.72,38.7,59,1.6,IGI,802623597,https://api.igi.org/viewpdf.php?r=802623597,
742-100,White,F,Round,1.2,1.00–1.99ct,VS1,IDEAL,EX,EX,6.75 X 6.8 X 4.23,62.3,57,0.99,IGI,784678274,https://api.igi.org/viewpdf.php?r=784678274,
746-161,Fancy Colour,Fancy Intense Pink,Round,1.55,1.00–1.99ct,VVS2,IDEAL,EX,EX,7.37 X 7.44 X 4.57,61.6,59,0.99,IGI,792648601,https://api.igi.org/viewpdf.php?r=792648601,
750-92,White,F,Round,1.2,1.00–1.99ct,VS1,IDEAL,EX,EX,6.87 X 6.92 X 4.18,60.7,56,0.99,IGI,795654464,https://api.igi.org/viewpdf.php?r=795654464,
702-76,Fancy Colour,Fancy Vivid Pink,Round,1.55,1.00–1.99ct,VVS2,IDEAL,EX,EX,7.43 X 7.45 X 4.55,61.2,59,1,IGI,694566484,https://api.igi.org/viewpdf.php?r=694566484,
742-128,White,E,Round,1.17,1.00–1.99ct,VVS1,IDEAL,EX,EX,6.72 X 6.77 X 4.16,61.7,59,0.99,IGI,782690408,https://api.igi.org/viewpdf.php?r=782690408,
751-184,White,E,Round,1.14,1.00–1.99ct,VVS2,IDEAL,EX,EX,6.69 X 6.74 X 4.13,61.4,58,0.99,IGI,790622278,https://api.igi.org/viewpdf.php?r=790622278,
748-72,Fancy Colour,Fancy Pink,Round,1.55,1.00–1.99ct,VVS2,IDEAL,EX,EX,7.45 X 7.5 X 4.52,60.4,58,0.99,IGI,792648514,https://api.igi.org/viewpdf.php?r=792648514,
749-52,Fancy Colour,Fancy Pink,Round,1.55,1.00–1.99ct,VVS2,IDEAL,EX,EX,7.44 X 7.48 X 4.59,61.6,57,0.99,IGI,792648602,https://api.igi.org/viewpdf.php?r=792648602,
746-50,Fancy Colour,Fancy Pink,Round,1.55,1.00–1.99ct,VS1,IDEAL,EX,EX,7.41 X 7.45 X 4.58,61.7,58,0.99,IGI,792648520,https://api.igi.org/viewpdf.php?r=792648520,
748-45,Fancy Colour,Fancy Intense Pink,Round,1.55,1.00–1.99ct,VVS2,IDEAL,EX,EX,7.47 X 7.49 X 4.56,61,57,1,IGI,792648604,https://api.igi.org/viewpdf.php?r=792648604,
750-686,White,E,Round,1.13,1.00–1.99ct,VS1,IDEAL,EX,EX,6.64 X 6.67 X 4.15,62.3,57,1,IGI,790622210,https://api.igi.org/viewpdf.php?r=790622210,
751-549,White,E,Round,1.12,1.00–1.99ct,VS1,IDEAL,EX,EX,6.65 X 6.7 X 4.12,61.8,57,0.99,IGI,790622275,https://api.igi.org/viewpdf.php?r=790622275,
702-102,Fancy Colour,Fancy Vivid Pink,Round,1.55,1.00–1.99ct,VVS2,IDEAL,EX,EX,7.41 X 7.47 X 4.57,61.5,58,0.99,IGI,694566510,https://api.igi.org/viewpdf.php?r=694566510,
749-49,Fancy Colour,Fancy Intense Pink,Round,1.55,1.00–1.99ct,VS1,IDEAL,EX,EX,7.36 X 7.42 X 4.59,62.1,58,0.99,IGI,792648603,https://api.igi.org/viewpdf.php?r=792648603,
751-157,White,F,Round,1.12,1.00–1.99ct,VS1,IDEAL,EX,EX,6.64 X 6.67 X 4.12,62,57,1,IGI,790622376,https://api.igi.org/viewpdf.php?r=790622376,
743-95,Fancy Colour,Fancy Pink,Round,1.54,1.00–1.99ct,VVS2,IDEAL,EX,EX,7.42 X 7.46 X 4.53,61,59,0.99,IGI,792648515,https://api.igi.org/viewpdf.php?r=792648515,
750-91,Fancy Colour,Fancy Pink,Round,1.54,1.00–1.99ct,VS1,IDEAL,EX,EX,7.42 X 7.47 X 4.53,60.9,58,0.99,IGI,802623583,https://api.igi.org/viewpdf.php?r=802623583,
751-97,White,F,Round,1.11,1.00–1.99ct,VS1,IDEAL,EX,EX,6.65 X 6.7 X 4.07,61,59,0.99,IGI,790622274,https://api.igi.org/viewpdf.php?r=790622274,
753-60,White,F,Round,1.06,1.00–1.99ct,VVS2,IDEAL,EX,EX,6.56 X 6.6 X 4,60.8,59,0.99,IGI,795647774,https://api.igi.org/viewpdf.php?r=795647774,
746-555,Fancy Colour,Fancy Pink,Round,1.54,1.00–1.99ct,VS1,IDEAL,EX,EX,7.37 X 7.42 X 4.58,61.9,58,0.99,IGI,795648063,https://api.igi.org/viewpdf.php?r=795648063,
762-179,White,D,Round,1.05,1.00–1.99ct,VS2,EX,EX,EX,6.48 X 6.5 X 4.06,62.7,56,1,IGI,823684135,https://api.igi.org/viewpdf.php?r=823684135,
750-138,Fancy Colour,Fancy Intense Pink,Round,1.54,1.00–1.99ct,VVS2,IDEAL,VG,EX,7.45 X 7.48 X 4.55,61,58,1,IGI,807660716,https://api.igi.org/viewpdf.php?r=807660716,
742-29,White,F,Round,1.05,1.00–1.99ct,VVS2,IDEAL,EX,EX,6.48 X 6.54 X 4.01,61.6,58,0.99,IGI,782627686,https://api.igi.org/viewpdf.php?r=782627686,
748-71,Fancy Colour,Fancy Intense Pink,Round,1.54,1.00–1.99ct,VS1,IDEAL,EX,EX,7.34 X 7.4 X 4.56,61.8,59,0.99,IGI,795654858,https://api.igi.org/viewpdf.php?r=795654858,
732-10,White,F,Round,1.05,1.00–1.99ct,VS1,IDEAL,EX,EX,6.52 X 6.55 X 4.01,61.4,58,1,IGI,756529231,https://api.igi.org/viewpdf.php?r=756529231,
731-162,White,G,Round,1.05,1.00–1.99ct,VS1,IDEAL,EX,EX,6.54 X 6.57 X 4,61,59,1,IGI,760578436,https://api.igi.org/viewpdf.php?r=760578436,
729-105,White,F,Round,1.05,1.00–1.99ct,VS1,IDEAL,EX,EX,6.52 X 6.58 X 4.03,61.6,56,0.99,IGI,751509966,https://api.igi.org/viewpdf.php?r=751509966,
748-87,Fancy Colour,Fancy Intense Pink,Round,1.54,1.00–1.99ct,VS2,IDEAL,EX,EX,7.41 X 7.45 X 4.57,61.5,56,0.99,IGI,807660737,https://api.igi.org/viewpdf.php?r=807660737,
755-205,White,F,Round,1.05,1.00–1.99ct,VVS2,IDEAL,EX,EX,6.44 X 6.51 X 4.04,62.4,57,0.99,IGI,803618109,https://api.igi.org/viewpdf.php?r=803618109,
746-442,Fancy Colour,Fancy Vivid Pink,Round,1.54,1.00–1.99ct,VVS2,IDEAL,EX,EX,7.39 X 7.45 X 4.57,61.6,58,0.99,IGI,792648519,https://api.igi.org/viewpdf.php?r=792648519,
746-43,Fancy Colour,Fancy Intense Pink,Round,1.54,1.00–1.99ct,VVS2,IDEAL,EX,EX,7.41 X 7.45 X 4.57,61.4,59,0.99,IGI,818696515,https://api.igi.org/viewpdf.php?r=818696515,
745-32,Fancy Colour,Fancy Pink,Round,1.54,1.00–1.99ct,VS1,IDEAL,EX,EX,7.39 X 7.41 X 4.61,62.2,56,1,IGI,792648518,https://api.igi.org/viewpdf.php?r=792648518,
746-919,White,F,Round,1.05,1.00–1.99ct,VS1,IDEAL,EX,EX,6.54 X 6.58 X 3.97,60.5,58,0.99,IGI,786694145,https://api.igi.org/viewpdf.php?r=786694145,
753-146,White,F,Round,1.05,1.00–1.99ct,VS1,IDEAL,EX,EX,6.53 X 6.56 X 4,61.2,58,1,IGI,795647851,https://api.igi.org/viewpdf.php?r=795647851,
732-276,White,F,Round,1.05,1.00–1.99ct,VS1,IDEAL,EX,EX,6.54 X 6.56 X 4.01,61.3,57,1,IGI,756529246,https://api.igi.org/viewpdf.php?r=756529246,
746-541,White,F,Round,1.05,1.00–1.99ct,VS1,IDEAL,EX,EX,6.57 X 6.59 X 3.99,60.7,58,1,IGI,786622365,https://api.igi.org/viewpdf.php?r=786622365,
753-52,White,F,Round,1.05,1.00–1.99ct,VS1,IDEAL,EX,EX,6.53 X 6.55 X 4.02,61.5,58,1,IGI,795647780,https://api.igi.org/viewpdf.php?r=795647780,
753-48,White,F,Round,1.05,1.00–1.99ct,VS1,IDEAL,EX,EX,6.49 X 6.5 X 4.03,62.1,59,1,IGI,795654625,https://api.igi.org/viewpdf.php?r=795654625,
753-69,White,F,Round,1.05,1.00–1.99ct,VS1,IDEAL,EX,EX,6.49 X 6.51 X 4.03,62,59,1,IGI,795654828,https://api.igi.org/viewpdf.php?r=795654828,
754-138,Fancy Colour,Fancy Intense Pink,Round,1.54,1.00–1.99ct,VS1,IDEAL,EX,EX,7.41 X 7.44 X 4.57,61.5,58,1,IGI,802623585,https://api.igi.org/viewpdf.php?r=802623585,
761-456,White,E,Round,1.05,1.00–1.99ct,VS2,IDEAL,VG,EX,6.55 X 6.6 X 4.01,61,58,0.99,IGI,824615643,https://api.igi.org/viewpdf.php?r=824615643,
753-26,White,F,Round,1.05,1.00–1.99ct,VS1,IDEAL,EX,EX,6.5 X 6.54 X 4.04,61.9,58,0.99,IGI,795654618,https://api.igi.org/viewpdf.php?r=795654618,
759-530,White,E,Round,1.05,1.00–1.99ct,VS1,IDEAL,EX,EX,6.5 X 6.54 X 3.97,60.9,58,0.99,IGI,819696577,https://api.igi.org/viewpdf.php?r=819696577,
746-39,Fancy Colour,Fancy Pink,Round,1.53,1.00–1.99ct,VVS2,IDEAL,EX,EX,7.46 X 7.51 X 4.53,60.5,57,0.99,IGI,795648060,https://api.igi.org/viewpdf.php?r=795648060,
749-59,Fancy Colour,Fancy Vivid Pink,Round,1.53,1.00–1.99ct,VS1,IDEAL,EX,EX,7.34 X 7.38 X 4.58,62.1,57,0.99,IGI,792648512,https://api.igi.org/viewpdf.php?r=792648512,
738-30,White,F,Round,1.05,1.00–1.99ct,VVS2,IDEAL,EX,EX,6.59 X 6.62 X 4,60.5,57,1,IGI,776696036,https://api.igi.org/viewpdf.php?r=776696036,
762-87,White,D,Round,1.05,1.00–1.99ct,VS1,IDEAL,EX,EX,6.55 X 6.59 X 4.01,61,57,0.99,IGI,824615689,https://api.igi.org/viewpdf.php?r=824615689,
746-257,White,F,Round,1.05,1.00–1.99ct,VS1,IDEAL,EX,EX,6.54 X 6.57 X 4.01,61.1,57,1,IGI,784678356,https://api.igi.org/viewpdf.php?r=784678356,
750-12,White,F,Round,1.05,1.00–1.99ct,VS1,IDEAL,EX,EX,6.56 X 6.58 X 3.99,60.7,58,1,IGI,786694146,https://api.igi.org/viewpdf.php?r=786694146,
754-95,Fancy Colour,Fancy Intense Pink,Round,1.53,1.00–1.99ct,VS1,IDEAL,EX,EX,7.36 X 7.39 X 4.59,62.3,57,1,IGI,802623582,https://api.igi.org/viewpdf.php?r=802623582,
731-1429,White,F,Round,1.05,1.00–1.99ct,VS1,IDEAL,EX,EX,6.54 X 6.56 X 3.98,60.8,58,1,IGI,760578841,https://api.igi.org/viewpdf.php?r=760578841,
762-177,White,D,Round,1.05,1.00–1.99ct,VS1,IDEAL,EX,EX,6.47 X 6.52 X 4.01,61.8,58,0.99,IGI,824615662,https://api.igi.org/viewpdf.php?r=824615662,
747-206,Fancy Colour,Fancy Intense Pink,Round,1.53,1.00–1.99ct,VS1,IDEAL,EX,EX,7.33 X 7.35 X 4.57,62.2,59,1,IGI,802623558,https://api.igi.org/viewpdf.php?r=802623558,
730-5,White,F,Round,1.05,1.00–1.99ct,VS1,IDEAL,EX,EX,6.5 X 6.53 X 4.03,61.9,58,1,IGI,756529233,https://api.igi.org/viewpdf.php?r=756529233,
751-62,White,G,Round,1.05,1.00–1.99ct,VVS2,IDEAL,EX,EX,6.56 X 6.59 X 3.98,60.5,57,1,IGI,795654829,https://api.igi.org/viewpdf.php?r=795654829,
748-36,White,F,Round,1.05,1.00–1.99ct,VVS2,IDEAL,EX,EX,6.5 X 6.52 X 4.03,61.8,58,1,IGI,786622361,https://api.igi.org/viewpdf.php?r=786622361,
746-1040,White,F,Round,1.05,1.00–1.99ct,VS1,IDEAL,EX,EX,6.55 X 6.59 X 3.99,60.8,57,0.99,IGI,786694147,https://api.igi.org/viewpdf.php?r=786694147,
754-704,White,F,Round,1.05,1.00–1.99ct,VVS2,IDEAL,EX,EX,6.53 X 6.57 X 3.98,60.9,58,0.99,IGI,795654714,https://api.igi.org/viewpdf.php?r=795654714,
751-49,White,F,Round,1.05,1.00–1.99ct,VS1,IDEAL,EX,EX,6.44 X 6.49 X 4.04,62.5,58,0.99,IGI,790622405,https://api.igi.org/viewpdf.php?r=790622405,
748-73,Fancy Colour,Fancy Pink,Round,1.53,1.00–1.99ct,VS1,IDEAL,EX,EX,7.42 X 7.46 X 4.52,60.7,58,0.99,IGI,795648043,https://api.igi.org/viewpdf.php?r=795648043,
760-439,White,E,Round,1.05,1.00–1.99ct,VS1,IDEAL,EX,EX,6.52 X 6.57 X 4.01,61.3,58,0.99,IGI,823643323,https://api.igi.org/viewpdf.php?r=823643323,
753-491,White,F,Round,1.05,1.00–1.99ct,VS1,IDEAL,EX,EX,6.47 X 6.5 X 4.03,62.2,58,1,IGI,795647857,https://api.igi.org/viewpdf.php?r=795647857,
754-8,White,F,Round,1.05,1.00–1.99ct,VVS2,IDEAL,EX,EX,6.48 X 6.57 X 4.03,62,58,0.99,IGI,795654622,https://api.igi.org/viewpdf.php?r=795654622,
732-208,White,F,Round,1.05,1.00–1.99ct,VS1,IDEAL,EX,EX,6.54 X 6.56 X 4.01,61.3,59,1,IGI,756529361,https://api.igi.org/viewpdf.php?r=756529361,
762-3,White,D,Round,1.05,1.00–1.99ct,VS2,IDEAL,EX,EX,6.59 X 6.63 X 3.97,60.1,57,0.99,IGI,824615661,https://api.igi.org/viewpdf.php?r=824615661,
747-66,White,F,Round,1.05,1.00–1.99ct,VVS2,IDEAL,EX,EX,6.53 X 6.55 X 4.01,61.3,59,1,IGI,790622402,https://api.igi.org/viewpdf.php?r=790622402,
757-41,Fancy Colour,Fancy Vivid Pink,Pear,1.52,1.00–1.99ct,VS1,,EX,EX,10.89 X 6.41 X 3.87,60.4,58,1.7,IGI,816632009,https://api.igi.org/viewpdf.php?r=816632009,
729-878,White,F,Round,1.05,1.00–1.99ct,VS1,IDEAL,EX,EX,6.52 X 6.57 X 4.03,61.6,56,0.99,IGI,751509968,https://api.igi.org/viewpdf.php?r=751509968,
753-130,White,F,Round,1.05,1.00–1.99ct,VS1,IDEAL,EX,EX,6.51 X 6.55 X 4.01,61.5,58,0.99,IGI,795654833,https://api.igi.org/viewpdf.php?r=795654833,
749-48,Fancy Colour,Fancy Intense Pink,Round,1.52,1.00–1.99ct,VS1,IDEAL,EX,EX,7.35 X 7.41 X 4.59,62.3,57,0.99,IGI,795648059,https://api.igi.org/viewpdf.php?r=795648059,
753-51,White,F,Round,1.05,1.00–1.99ct,VVS2,IDEAL,EX,EX,6.43 X 6.48 X 4.04,62.6,58,0.99,IGI,795654830,https://api.igi.org/viewpdf.php?r=795654830,
730-365,White,F,Round,1.05,1.00–1.99ct,VS1,IDEAL,EX,EX,6.49 X 6.51 X 4.02,61.9,58,1,IGI,751509964,https://api.igi.org/viewpdf.php?r=751509964,
751-735,White,F,Round,1.05,1.00–1.99ct,VS1,IDEAL,EX,EX,6.53 X 6.55 X 4.01,61.3,57,1,IGI,790622454,https://api.igi.org/viewpdf.php?r=790622454,
751-392,White,F,Round,1.05,1.00–1.99ct,VVS2,IDEAL,EX,EX,6.58 X 6.64 X 3.96,60,59,0.99,IGI,795654826,https://api.igi.org/viewpdf.php?r=795654826,
759-531,White,F,Round,1.05,1.00–1.99ct,VVS2,IDEAL,EX,EX,6.52 X 6.55 X 4.04,61.8,58,1,IGI,819696579,https://api.igi.org/viewpdf.php?r=819696579,
748-76,White,F,Round,1.05,1.00–1.99ct,VS1,IDEAL,EX,EX,6.52 X 6.55 X 4.02,61.6,58,1,IGI,786622366,https://api.igi.org/viewpdf.php?r=786622366,
749-64,Fancy Colour,Fancy Pink,Round,1.52,1.00–1.99ct,VVS2,IDEAL,EX,EX,7.4 X 7.44 X 4.53,61.1,59,0.99,IGI,792648626,https://api.igi.org/viewpdf.php?r=792648626,
687-52R,Fancy Colour,Fancy Pink,Round,1.52,1.00–1.99ct,VS1,IDEAL,EX,EX,7.39 X 7.43 X 4.49,60.6,58,0.99,IGI,659409072,https://api.igi.org/viewpdf.php?r=659409072,
746-785,White,F,Round,1.05,1.00–1.99ct,VS1,IDEAL,EX,EX,6.56 X 6.59 X 3.97,60.4,57,1,IGI,786622364,https://api.igi.org/viewpdf.php?r=786622364,
699-182,Fancy Colour,Fancy Vivid Pink,Round,1.52,1.00–1.99ct,VVS2,IDEAL,EX,EX,7.44 X 7.46 X 4.47,60,60,1,IGI,687511106,https://api.igi.org/viewpdf.php?r=687511106,
731-742,White,F,Round,1.05,1.00–1.99ct,VS1,IDEAL,EX,EX,6.48 X 6.5 X 4.02,62,59,1,IGI,760578842,https://api.igi.org/viewpdf.php?r=760578842,
760-505,White,F,Round,1.05,1.00–1.99ct,VS1,IDEAL,EX,EX,6.53 X 6.56 X 3.98,60.8,59,1,IGI,821689334,https://api.igi.org/viewpdf.php?r=821689334,
759-60,White,D,Round,1.05,1.00–1.99ct,VS1,IDEAL,EX,EX,6.56 X 6.61 X 3.99,60.6,58,0.99,IGI,823684133,https://api.igi.org/viewpdf.php?r=823684133,
754-134,White,F,Round,1.05,1.00–1.99ct,VVS2,IDEAL,EX,EX,6.56 X 6.6 X 3.98,60.5,58,0.99,IGI,795654621,https://api.igi.org/viewpdf.php?r=795654621,
750-123,Fancy Colour,Fancy Intense Pink,Round,1.52,1.00–1.99ct,VVS2,IDEAL,EX,EX,7.36 X 7.41 X 4.52,61.2,58,0.99,IGI,802623606,https://api.igi.org/viewpdf.php?r=802623606,
753-126,White,F,Round,1.05,1.00–1.99ct,VS1,IDEAL,EX,EX,6.59 X 6.61 X 3.98,60.2,58,1,IGI,795654624,https://api.igi.org/viewpdf.php?r=795654624,
754-55,White,F,Round,1.05,1.00–1.99ct,VS1,IDEAL,EX,EX,6.51 X 6.53 X 4.01,61.5,59,1,IGI,795654734,https://api.igi.org/viewpdf.php?r=795654734,
753-485,White,F,Round,1.05,1.00–1.99ct,VVS2,IDEAL,EX,EX,6.54 X 6.58 X 3.99,60.8,59,0.99,IGI,795647853,https://api.igi.org/viewpdf.php?r=795647853,
754-72,White,F,Round,1.05,1.00–1.99ct,VS1,IDEAL,EX,EX,6.6 X 6.62 X 3.95,59.8,60,1,IGI,795654716,https://api.igi.org/viewpdf.php?r=795654716,
741-189,White,F,Round,1.05,1.00–1.99ct,VS1,IDEAL,EX,EX,6.49 X 6.52 X 4.01,61.7,58,1,IGI,780643432,https://api.igi.org/viewpdf.php?r=780643432,
755-456,Fancy Colour,Fancy Vivid Pink,Oval,1.52,1.00–1.99ct,VVS2,,EX,EX,9.49 X 6.56 X 3.99,60.8,60,1.45,IGI,816632008,https://api.igi.org/viewpdf.php?r=816632008,
729-925,White,F,Round,1.05,1.00–1.99ct,VS1,IDEAL,EX,EX,6.52 X 6.55 X 4.02,61.5,58,1,IGI,752507220,https://api.igi.org/viewpdf.php?r=752507220,
746-838,White,F,Round,1.05,1.00–1.99ct,VVS2,IDEAL,EX,EX,6.5 X 6.52 X 4.04,62,57,1,IGI,784678360,https://api.igi.org/viewpdf.php?r=784678360,
753-347,White,G,Round,1.04,1.00–1.99ct,VS1,IDEAL,EX,EX,6.56 X 6.6 X 3.93,59.6,58,0.99,IGI,795654721,https://api.igi.org/viewpdf.php?r=795654721,
750-59,White,F,Round,1.04,1.00–1.99ct,VVS2,IDEAL,EX,EX,6.5 X 6.57 X 3.97,60.8,59,0.99,IGI,790622433,https://api.igi.org/viewpdf.php?r=790622433,
739-31,White,F,Round,1.04,1.00–1.99ct,VVS2,IDEAL,EX,EX,6.51 X 6.54 X 4,61.3,58,1,IGI,779607457,https://api.igi.org/viewpdf.php?r=779607457,
746-536,Fancy Colour,Fancy Intense Pink,Round,1.51,1.00–1.99ct,VVS2,IDEAL,EX,EX,7.33 X 7.4 X 4.53,61.5,59,0.99,IGI,795654854,https://api.igi.org/viewpdf.php?r=795654854,
746-806,Fancy Colour,Fancy Intense Pink,Round,1.51,1.00–1.99ct,VVS2,IDEAL,EX,EX,7.41 X 7.47 X 4.46,59.9,59,0.99,IGI,792648629,https://api.igi.org/viewpdf.php?r=792648629,
732-12,White,F,Round,1.04,1.00–1.99ct,VS1,IDEAL,EX,EX,6.56 X 6.59 X 3.96,60.3,58,1,IGI,760578966,https://api.igi.org/viewpdf.php?r=760578966,
762-91,White,D,Round,1.04,1.00–1.99ct,VS1,IDEAL,EX,EX,6.52 X 6.56 X 3.97,60.8,58,0.99,IGI,823684083,https://api.igi.org/viewpdf.php?r=823684083,
751-118,Fancy Colour,Fancy Intense Pink,Round,1.51,1.00–1.99ct,VS2,IDEAL,EX,EX,7.37 X 7.42 X 4.54,61.5,57,0.99,IGI,802623559,https://api.igi.org/viewpdf.php?r=802623559,
751-1024,White,F,Round,1.04,1.00–1.99ct,VS1,IDEAL,EX,EX,6.53 X 6.56 X 3.99,60.9,58,1,IGI,795654769,https://api.igi.org/viewpdf.php?r=795654769,
753-832,White,F,Round,1.04,1.00–1.99ct,VVS2,IDEAL,EX,EX,6.57 X 6.61 X 3.96,60,59,0.99,IGI,795654522,https://api.igi.org/viewpdf.php?r=795654522,
755-511,Fancy Colour,Fancy Intense Pink,Round,1.51,1.00–1.99ct,VS1,IDEAL,EX,EX,7.38 X 7.4 X 4.46,60.3,59,1,IGI,813658011,https://api.igi.org/viewpdf.php?r=813658011,
747-254,White,F,Round,1.04,1.00–1.99ct,VVS2,IDEAL,EX,EX,6.54 X 6.56 X 3.97,60.7,58,1,IGI,790622264,https://api.igi.org/viewpdf.php?r=790622264,
750-71,Fancy Colour,Fancy Intense Pink,Round,1.51,1.00–1.99ct,VS2,IDEAL,EX,EX,7.37 X 7.4 X 4.53,61.2,59,1,IGI,802623556,https://api.igi.org/viewpdf.php?r=802623556,
755-455,Fancy Colour,Fancy Vivid Blue,Round,1.51,1.00–1.99ct,VS1,EX,EX,EX,7.34 X 7.39 X 4.49,61,59,0.99,IGI,816632007,https://api.igi.org/viewpdf.php?r=816632007,
749-60,White,F,Round,1.04,1.00–1.99ct,VVS2,IDEAL,EX,EX,6.52 X 6.54 X 4.01,61.4,57,1,IGI,786694171,https://api.igi.org/viewpdf.php?r=786694171,
745-34,Fancy Colour,Fancy Intense Pink,Round,1.51,1.00–1.99ct,VS1,IDEAL,EX,EX,7.41 X 7.44 X 4.47,60.2,57,1,IGI,819615743,https://api.igi.org/viewpdf.php?r=819615743,
746-545,Fancy Colour,Fancy Intense Pink,Round,1.51,1.00–1.99ct,VS1,IDEAL,EX,EX,7.51 X 7.56 X 4.4,58.5,59,0.99,IGI,792648628,https://api.igi.org/viewpdf.php?r=792648628,
751-1023,White,F,Round,1.04,1.00–1.99ct,VVS2,IDEAL,EX,EX,6.52 X 6.55 X 4.01,61.3,57,1,IGI,795654544,https://api.igi.org/viewpdf.php?r=795654544,
746-281,Fancy Colour,Fancy Intense Pink,Round,1.51,1.00–1.99ct,VVS2,IDEAL,EX,EX,7.47 X 7.52 X 4.48,59.8,59,0.99,IGI,792648542,https://api.igi.org/viewpdf.php?r=792648542,
745-141,White,F,Round,1.04,1.00–1.99ct,VVS2,IDEAL,EX,EX,6.55 X 6.56 X 3.99,60.9,56,1,IGI,784678246,https://api.igi.org/viewpdf.php?r=784678246,
753-78,White,G,Round,1.04,1.00–1.99ct,VS1,IDEAL,EX,EX,6.47 X 6.51 X 4.04,62.2,56,0.99,IGI,795654540,https://api.igi.org/viewpdf.php?r=795654540,
742-534,White,F,Round,1.04,1.00–1.99ct,VVS2,IDEAL,EX,EX,6.44 X 6.49 X 4.01,62,58,0.99,IGI,782627643,https://api.igi.org/viewpdf.php?r=782627643,
743-105,Fancy Colour,Fancy Deep Orange,Round,1.51,1.00–1.99ct,VS1,IDEAL,EX,EX,7.37 X 7.41 X 4.53,61.3,56,0.99,IGI,798602657,https://api.igi.org/viewpdf.php?r=798602657,
753-4,White,F,Round,1.04,1.00–1.99ct,VVS2,IDEAL,EX,EX,6.47 X 6.51 X 4.01,61.8,59,0.99,IGI,795654543,https://api.igi.org/viewpdf.php?r=795654543,
745-50,White,F,Round,1.04,1.00–1.99ct,VVS2,IDEAL,EX,EX,6.52 X 6.58 X 3.96,60.4,58,0.99,IGI,782690425,https://api.igi.org/viewpdf.php?r=782690425,
753-92,Fancy Colour,Fancy Intense Pink,Round,1.51,1.00–1.99ct,VS1,IDEAL,EX,EX,7.38 X 7.43 X 4.55,61.5,57,0.99,IGI,802623557,https://api.igi.org/viewpdf.php?r=802623557,
750-125,Fancy Colour,Fancy Intense Pink,Round,1.51,1.00–1.99ct,VS2,IDEAL,EX,EX,7.39 X 7.41 X 4.44,60.1,58,1,IGI,807660730,https://api.igi.org/viewpdf.php?r=807660730,
751-1022,White,F,Round,1.04,1.00–1.99ct,VS1,IDEAL,EX,EX,6.53 X 6.55 X 3.98,60.8,59,1,IGI,795654723,https://api.igi.org/viewpdf.php?r=795654723,
762-180,White,D,Round,1.04,1.00–1.99ct,VS1,IDEAL,EX,EX,6.55 X 6.58 X 3.96,60.4,57,1,IGI,824615658,https://api.igi.org/viewpdf.php?r=824615658,
749-76,Fancy Colour,Fancy Intense Pink,Round,1.51,1.00–1.99ct,VVS2,IDEAL,EX,EX,7.41 X 7.46 X 4.5,60.4,56,0.99,IGI,792648625,https://api.igi.org/viewpdf.php?r=792648625,
762-194,White,D,Round,1.04,1.00–1.99ct,VS1,IDEAL,EX,EX,6.54 X 6.57 X 4.01,61.2,57,1,IGI,824615659,https://api.igi.org/viewpdf.php?r=824615659,
752-194,White,F,Round,1.04,1.00–1.99ct,VVS2,IDEAL,EX,EX,6.5 X 6.52 X 3.97,61,59,1,IGI,803618038,https://api.igi.org/viewpdf.php?r=803618038,
755-55,Fancy Colour,Fancy Intense Pink,Round,1.51,1.00–1.99ct,VVS2,IDEAL,EX,EX,7.38 X 7.4 X 4.53,61.3,56,1,IGI,815671329,https://api.igi.org/viewpdf.php?r=815671329,
746-293,Fancy Colour,Fancy Pink,Round,1.51,1.00–1.99ct,VVS2,IDEAL,EX,EX,7.33 X 7.35 X 4.53,61.8,57,1,IGI,792648624,https://api.igi.org/viewpdf.php?r=792648624,
748-74,Fancy Colour,Fancy Pink,Round,1.51,1.00–1.99ct,VVS2,IDEAL,EX,EX,7.36 X 7.41 X 4.56,61.7,56,0.99,IGI,792648543,https://api.igi.org/viewpdf.php?r=792648543,
748-75,White,F,Round,1.04,1.00–1.99ct,VVS2,IDEAL,EX,EX,6.44 X 6.49 X 4.03,62.3,58,0.99,IGI,790622362,https://api.igi.org/viewpdf.php?r=790622362,
742-172,White,F,Round,1.04,1.00–1.99ct,VVS2,IDEAL,EX,EX,6.45 X 6.51 X 4.01,62,59,0.99,IGI,782690460,https://api.igi.org/viewpdf.php?r=782690460,
700-221R,Fancy Colour,Fancy Vivid Pink,Round,1.51,1.00–1.99ct,VS1,IDEAL,VG,EX,7.44 X 7.47 X 4.44,59.5,58,1,IGI,687511104,https://api.igi.org/viewpdf.php?r=687511104,
754-17,White,F,Round,1.04,1.00–1.99ct,VVS2,IDEAL,EX,EX,6.48 X 6.55 X 4.01,61.6,58,0.99,IGI,795654488,https://api.igi.org/viewpdf.php?r=795654488,
755-146,White,F,Round,1.04,1.00–1.99ct,VS1,IDEAL,EX,EX,6.54 X 6.56 X 3.97,60.6,59,1,IGI,803618036,https://api.igi.org/viewpdf.php?r=803618036,
743-186,White,F,Round,1.04,1.00–1.99ct,VS1,IDEAL,EX,EX,6.53 X 6.57 X 3.99,60.9,57,0.99,IGI,782690458,https://api.igi.org/viewpdf.php?r=782690458,
746-97,White,F,Round,1.04,1.00–1.99ct,VS1,IDEAL,EX,EX,6.45 X 6.49 X 4.03,62.3,59,0.99,IGI,782690434,https://api.igi.org/viewpdf.php?r=782690434,
746-921,White,F,Round,1.04,1.00–1.99ct,VS1,IDEAL,EX,EX,6.47 X 6.51 X 4.05,62.4,57,0.99,IGI,786622370,https://api.igi.org/viewpdf.php?r=786622370,
746-659,Fancy Colour,Fancy Intense Pink,Round,1.5,1.00–1.99ct,VS2,IDEAL,EX,EX,7.34 X 7.38 X 4.46,60.7,60,0.99,IGI,792648623,https://api.igi.org/viewpdf.php?r=792648623,
743-39,White,F,Round,1.04,1.00–1.99ct,VVS2,IDEAL,EX,EX,6.53 X 6.56 X 3.99,61.1,58,1,IGI,782690457,https://api.igi.org/viewpdf.php?r=782690457,
750-234,White,F,Round,1.04,1.00–1.99ct,VVS2,IDEAL,EX,EX,6.54 X 6.57 X 3.99,60.8,58,1,IGI,786694169,https://api.igi.org/viewpdf.php?r=786694169,
745-19,Fancy Colour,Fancy Pink,Round,1.5,1.00–1.99ct,SI1,IDEAL,EX,EX,7.41 X 7.43 X 4.51,60.8,56,1,IGI,792648544,https://api.igi.org/viewpdf.php?r=792648544,
742-550,White,F,Round,1.03,1.00–1.99ct,VS1,IDEAL,EX,EX,6.48 X 6.53 X 4.01,61.8,56,0.99,IGI,782627645,https://api.igi.org/viewpdf.php?r=782627645,
754-25,White,F,Round,1.03,1.00–1.99ct,VS1,IDEAL,EX,EX,6.5 X 6.54 X 3.98,61,56,0.99,IGI,795654634,https://api.igi.org/viewpdf.php?r=795654634,
754-142,Fancy Colour,Fancy Intense Pink,Round,1.5,1.00–1.99ct,VS1,IDEAL,EX,EX,7.35 X 7.38 X 4.49,60.9,58,1,IGI,807660718,https://api.igi.org/viewpdf.php?r=807660718,
741-114,Fancy Colour,Fancy Pink,Round,1.5,1.00–1.99ct,VS1,EX,EX,EX,7.38 X 7.4 X 4.46,60.4,60,1,IGI,795648057,https://api.igi.org/viewpdf.php?r=795648057,
740-128,White,F,Round,1.03,1.00–1.99ct,VS1,IDEAL,EX,EX,6.5 X 6.56 X 3.97,60.8,58,0.99,IGI,779607336,https://api.igi.org/viewpdf.php?r=779607336,
753-32,White,F,Round,1.03,1.00–1.99ct,VS1,EX,EX,EX,6.38 X 6.43 X 4.03,62.8,57,0.99,IGI,795647870,https://api.igi.org/viewpdf.php?r=795647870,
754-1014,White,F,Round,1.03,1.00–1.99ct,VS1,IDEAL,EX,EX,6.5 X 6.52 X 3.96,60.8,58,1,IGI,795654607,https://api.igi.org/viewpdf.php?r=795654607,
762-103,White,D,Round,1.03,1.00–1.99ct,VS1,IDEAL,EX,EX,6.46 X 6.49 X 4,61.8,56,1,IGI,824615655,https://api.igi.org/viewpdf.php?r=824615655,
737-111,White,F,Round,1.03,1.00–1.99ct,VVS2,IDEAL,EX,EX,6.43 X 6.49 X 4.03,62.4,56,0.99,IGI,776696044,https://api.igi.org/viewpdf.php?r=776696044,
762-143,White,D,Round,1.03,1.00–1.99ct,VS1,IDEAL,EX,EX,6.53 X 6.58 X 3.97,60.6,57,0.99,IGI,824615657,https://api.igi.org/viewpdf.php?r=824615657,
754-176,White,F,Round,1.03,1.00–1.99ct,VS1,IDEAL,EX,EX,6.49 X 6.51 X 3.99,61.3,58,1,IGI,795654772,https://api.igi.org/viewpdf.php?r=795654772,
754-133,White,F,Round,1.03,1.00–1.99ct,VS1,IDEAL,EX,EX,6.52 X 6.57 X 3.96,60.5,57,0.99,IGI,795654552,https://api.igi.org/viewpdf.php?r=795654552,
746-85,Fancy Colour,Fancy Pink,Round,1.5,1.00–1.99ct,VS1,IDEAL,EX,EX,7.36 X 7.41 X 4.48,60.7,58,0.99,IGI,795648058,https://api.igi.org/viewpdf.php?r=795648058,
755-319,Fancy Colour,Fancy Pink,Round,1.5,1.00–1.99ct,VVS2,IDEAL,EX,EX,7.35 X 7.37 X 4.52,61.4,58,1,IGI,813658008,https://api.igi.org/viewpdf.php?r=813658008,
745-44,White,F,Round,1.03,1.00–1.99ct,VS1,IDEAL,EX,EX,6.53 X 6.56 X 3.94,60.2,58,1,IGI,782690429,https://api.igi.org/viewpdf.php?r=782690429,
753-118,White,F,Round,1.03,1.00–1.99ct,VVS2,IDEAL,EX,EX,6.44 X 6.46 X 4.01,62.1,59,1,IGI,795654628,https://api.igi.org/viewpdf.php?r=795654628,
759-703,White,E,Round,1.03,1.00–1.99ct,VS1,IDEAL,EX,EX,6.54 X 6.61 X 3.97,60.6,58,0.99,IGI,818611964,https://api.igi.org/viewpdf.php?r=818611964,
746-718,Fancy Colour,Fancy Pink,Round,1.5,1.00–1.99ct,VVS2,IDEAL,EX,EX,7.35 X 7.41 X 4.51,61.1,56,0.99,IGI,795648082,https://api.igi.org/viewpdf.php?r=795648082,
739-534,White,F,Round,1.03,1.00–1.99ct,VVS2,IDEAL,EX,EX,6.51 X 6.54 X 3.97,60.9,58,1,IGI,779607340,https://api.igi.org/viewpdf.php?r=779607340,
V1-6,White,F,Round,1.03,1.00–1.99ct,VS1,IDEAL,EX,EX,6.52 X 6.57 X 3.95,60.4,59,0.99,IGI,779607337,https://api.igi.org/viewpdf.php?r=779607337,
750-31,White,F,Round,1.03,1.00–1.99ct,VVS2,IDEAL,EX,EX,6.49 X 6.53 X 4,61.5,57,0.99,IGI,790622366,https://api.igi.org/viewpdf.php?r=790622366,
739-300,White,F,Round,1.03,1.00–1.99ct,VVS2,IDEAL,EX,EX,6.56 X 6.6 X 3.89,59,59,0.99,IGI,779607339,https://api.igi.org/viewpdf.php?r=779607339,
749-47,Fancy Colour,Fancy Intense Pink,Round,1.5,1.00–1.99ct,VS1,EX,EX,EX,7.47 X 7.5 X 4.44,59.4,60,1,IGI,802623553,https://api.igi.org/viewpdf.php?r=802623553,
756-144,Fancy Colour,Fancy Intense Pink,Round,1.5,1.00–1.99ct,VS2,EX,EX,EX,7.31 X 7.35 X 4.47,61,59,0.99,IGI,815671312,https://api.igi.org/viewpdf.php?r=815671312,
753-144,White,F,Round,1.03,1.00–1.99ct,VS1,IDEAL,EX,EX,6.43 X 6.48 X 4.02,62.2,57,0.99,IGI,795647874,https://api.igi.org/viewpdf.php?r=795647874,
750-52,White,F,Round,1.03,1.00–1.99ct,VS1,IDEAL,EX,EX,6.44 X 6.48 X 4.02,62.2,56,0.99,IGI,790622153,https://api.igi.org/viewpdf.php?r=790622153,
751-20,White,F,Round,1.03,1.00–1.99ct,VS1,IDEAL,EX,EX,6.44 X 6.46 X 4.03,62.4,57,1,IGI,790622455,https://api.igi.org/viewpdf.php?r=790622455,
762-124,White,D,Round,1.03,1.00–1.99ct,VS1,IDEAL,EX,EX,6.45 X 6.48 X 4.03,62.4,57,1,IGI,824615656,https://api.igi.org/viewpdf.php?r=824615656,
746-1052,White,F,Round,1.03,1.00–1.99ct,VS1,IDEAL,EX,EX,6.47 X 6.51 X 4.01,61.8,58,0.99,IGI,790622066,https://api.igi.org/viewpdf.php?r=790622066,
738-577,White,F,Round,1.03,1.00–1.99ct,VVS2,IDEAL,EX,EX,6.52 X 6.55 X 3.95,60.5,58,1,IGI,779607332,https://api.igi.org/viewpdf.php?r=779607332,
754-28,White,F,Round,1.03,1.00–1.99ct,VS1,IDEAL,EX,EX,6.56 X 6.59 X 3.95,60,58,1,IGI,795654577,https://api.igi.org/viewpdf.php?r=795654577,
762-248,White,D,Round,1.03,1.00–1.99ct,VS1,IDEAL,EX,EX,6.55 X 6.58 X 3.97,60.5,57,1,IGI,823684120,https://api.igi.org/viewpdf.php?r=823684120,
752-227,White,G,Round,1.03,1.00–1.99ct,VS1,IDEAL,EX,EX,6.51 X 6.57 X 3.99,60.9,57,0.99,IGI,803617906,https://api.igi.org/viewpdf.php?r=803617906,
745-140,Fancy Colour,Fancy Pink,Round,1.5,1.00–1.99ct,VS1,IDEAL,EX,EX,7.39 X 7.44 X 4.47,60.3,59,0.99,IGI,795648061,https://api.igi.org/viewpdf.php?r=795648061,
746-106,White,F,Round,1.03,1.00–1.99ct,VS1,IDEAL,EX,EX,6.43 X 6.46 X 4.02,62.3,59,1,IGI,784678325,https://api.igi.org/viewpdf.php?r=784678325,
748-31,Fancy Colour,Fancy Intense Pink,Round,1.5,1.00–1.99ct,VS2,IDEAL,EX,EX,7.43 X 7.45 X 4.41,59.3,59,1,IGI,802623552,https://api.igi.org/viewpdf.php?r=802623552,
746-554,Fancy Colour,Fancy Intense Pink,Round,1.5,1.00–1.99ct,VS2,IDEAL,EX,EX,7.37 X 7.42 X 4.55,61.5,57,0.99,IGI,795647978,https://api.igi.org/viewpdf.php?r=795647978,
762-257,White,D,Round,1.03,1.00–1.99ct,VS1,IDEAL,EX,EX,6.48 X 6.51 X 3.97,61.2,57,1,IGI,823684117,https://api.igi.org/viewpdf.php?r=823684117,
700-208,Fancy Colour,Fancy Vivid Pink,Round,1.49,1.00–1.99ct,VS1,IDEAL,EX,EX,7.37 X 7.41 X 4.44,60.1,59,0.99,IGI,687511121,https://api.igi.org/viewpdf.php?r=687511121,
746-715,Fancy Colour,Fancy Pink,Round,1.46,1.00–1.99ct,VS1,IDEAL,EX,EX,7.45 X 7.47 X 4.33,58.1,61,1,IGI,795648056,https://api.igi.org/viewpdf.php?r=795648056,
751-403,White,F,Round,1.03,1.00–1.99ct,VS1,EX,EX,EX,6.52 X 6.55 X 3.97,60.7,58,1,IGI,790622149,https://api.igi.org/viewpdf.php?r=790622149,
753-90,White,F,Round,1.02,1.00–1.99ct,VS1,IDEAL,EX,EX,6.57 X 6.6 X 3.88,59,60,1,IGI,795654737,https://api.igi.org/viewpdf.php?r=795654737,
759-47,White,E,Round,1.02,1.00–1.99ct,VS1,IDEAL,EX,EX,6.41 X 6.44 X 3.94,61.3,58,1,IGI,818696481,https://api.igi.org/viewpdf.php?r=818696481,
749-92,Fancy Colour,Fancy Intense Pink,Round,1.43,1.00–1.99ct,VVS2,IDEAL,EX,EX,7.16 X 7.2 X 4.48,62.4,58,0.99,IGI,807660719,https://api.igi.org/viewpdf.php?r=807660719,
749-182,Fancy Colour,Fancy Intense Pink,Round,1.43,1.00–1.99ct,VS2,IDEAL,EX,EX,7.22 X 7.26 X 4.45,61.4,58,0.99,IGI,807660725,https://api.igi.org/viewpdf.php?r=807660725,
761-209,White,F,Round,1.02,1.00–1.99ct,VVS2,IDEAL,EX,EX,6.56 X 6.6 X 3.9,59.2,59,0.99,IGI,823643287,https://api.igi.org/viewpdf.php?r=823643287,
753-634,White,F,Round,1.02,1.00–1.99ct,VVS2,IDEAL,EX,EX,6.46 X 6.5 X 3.94,60.8,59,0.99,IGI,795654712,https://api.igi.org/viewpdf.php?r=795654712,
747-202,White,F,Round,1.02,1.00–1.99ct,VVS2,IDEAL,EX,EX,6.49 X 6.55 X 3.93,60.3,60,0.99,IGI,790622418,https://api.igi.org/viewpdf.php?r=790622418,
762-256,White,D,Round,1.02,1.00–1.99ct,VS1,IDEAL,EX,EX,6.41 X 6.49 X 4.02,62.4,56,0.99,IGI,824615672,https://api.igi.org/viewpdf.php?r=824615672,
757-184,Fancy Colour,Fancy Intense Pink,Round,1.41,1.00–1.99ct,VS1,IDEAL,EX,EX,7.17 X 7.22 X 4.42,61.5,57,0.99,IGI,815671316,https://api.igi.org/viewpdf.php?r=815671316,
750-683,White,F,Round,1.02,1.00–1.99ct,VS1,IDEAL,EX,EX,6.41 X 6.44 X 4,62.3,58,1,IGI,790622103,https://api.igi.org/viewpdf.php?r=790622103,
704-210,Fancy Colour,Fancy Intense Pink,Round,1.4,1.00–1.99ct,VS1,EX,EX,EX,7.26 X 7.3 X 4.36,59.9,57,0.99,IGI,720579055,https://api.igi.org/viewpdf.php?r=720579055,
740-310,White,F,Round,1.02,1.00–1.99ct,VVS2,IDEAL,EX,EX,6.49 X 6.51 X 3.96,61,57,1,IGI,779607335,https://api.igi.org/viewpdf.php?r=779607335,
746-241,White,F,Round,1.02,1.00–1.99ct,VS1,IDEAL,EX,EX,6.44 X 6.47 X 4,62,57,1,IGI,786622349,https://api.igi.org/viewpdf.php?r=786622349,
762-129,White,D,Round,1.02,1.00–1.99ct,VS1,IDEAL,EX,EX,6.45 X 6.48 X 4,61.9,55,1,IGI,823684115,https://api.igi.org/viewpdf.php?r=823684115,
760-106,White,D,Round,1.02,1.00–1.99ct,VS1,IDEAL,EX,EX,6.46 X 6.49 X 4,61.8,57,1,IGI,819696615,https://api.igi.org/viewpdf.php?r=819696615,
746-51,White,F,Round,1.02,1.00–1.99ct,VVS2,IDEAL,EX,EX,6.41 X 6.44 X 4.01,62.4,57,1,IGI,786622141,https://api.igi.org/viewpdf.php?r=786622141,
753-116,White,F,Round,1.02,1.00–1.99ct,VVS2,IDEAL,EX,EX,6.45 X 6.5 X 3.96,61.1,59,0.99,IGI,795654704,https://api.igi.org/viewpdf.php?r=795654704,
745-17,White,F,Round,1.02,1.00–1.99ct,VS1,IDEAL,EX,EX,6.43 X 6.47 X 3.98,61.8,58,0.99,IGI,784678326,https://api.igi.org/viewpdf.php?r=784678326,
754-90,White,F,Round,1.02,1.00–1.99ct,VVS2,IDEAL,EX,EX,6.44 X 6.47 X 3.94,61.1,58,1,IGI,795654709,https://api.igi.org/viewpdf.php?r=795654709,
759-534,White,F,Round,1.02,1.00–1.99ct,VS1,IDEAL,EX,EX,6.38 X 6.43 X 3.99,62.1,59,0.99,IGI,818696488,https://api.igi.org/viewpdf.php?r=818696488,
742-426,White,D,Round,1.02,1.00–1.99ct,VVS1,IDEAL,EX,EX,6.42 X 6.45 X 4.01,62.2,58,1,IGI,782627654,https://api.igi.org/viewpdf.php?r=782627654,
745-145,White,F,Round,1.02,1.00–1.99ct,VS1,IDEAL,EX,EX,6.51 X 6.54 X 3.94,60.4,56,1,IGI,784678330,https://api.igi.org/viewpdf.php?r=784678330,
762-281,White,D,Round,1.02,1.00–1.99ct,VS1,IDEAL,EX,EX,6.43 X 6.5 X 3.97,61.4,57,0.99,IGI,824615671,https://api.igi.org/viewpdf.php?r=824615671,
758-592,White,F,Round,1.02,1.00–1.99ct,VS1,IDEAL,EX,EX,6.41 X 6.45 X 3.97,61.7,58,0.99,IGI,816631951,https://api.igi.org/viewpdf.php?r=816631951,
746-443,Fancy Colour,Fancy Intense Pink,Round,1.31,1.00–1.99ct,VS1,IDEAL,EX,EX,7.05 X 7.1 X 4.31,60.9,59,0.99,IGI,802623532,https://api.igi.org/viewpdf.php?r=802623532,
739-291,White,F,Round,1.02,1.00–1.99ct,VVS1,IDEAL,EX,EX,6.53 X 6.56 X 3.96,60.5,57,1,IGI,781626064,https://api.igi.org/viewpdf.php?r=781626064,
762-142,White,E,Round,1.02,1.00–1.99ct,VS2,IDEAL,EX,EX,6.51 X 6.53 X 3.93,60.3,57,1,IGI,824615653,https://api.igi.org/viewpdf.php?r=824615653,
751-548,White,F,Round,1.02,1.00–1.99ct,VS1,IDEAL,EX,EX,6.42 X 6.45 X 3.98,61.9,58,1,IGI,790622074,https://api.igi.org/viewpdf.php?r=790622074,
746-263,Fancy Colour,Fancy Intense Pink,Round,1.25,1.00–1.99ct,VS1,IDEAL,EX,EX,6.86 X 6.92 X 4.27,62,57,0.99,IGI,792648622,https://api.igi.org/viewpdf.php?r=792648622,
746-89,Fancy Colour,Fancy Intense Pink,Round,1.25,1.00–1.99ct,VS1,IDEAL,EX,EX,6.86 X 6.9 X 4.28,62.2,59,0.99,IGI,792648590,https://api.igi.org/viewpdf.php?r=792648590,
746-512,White,F,Round,1.02,1.00–1.99ct,VVS2,IDEAL,EX,EX,6.5 X 6.55 X 3.96,60.7,59,0.99,IGI,786622137,https://api.igi.org/viewpdf.php?r=786622137,
760-225,White,D,Round,1.02,1.00–1.99ct,VS1,IDEAL,EX,EX,6.45 X 6.49 X 3.96,61.2,61,0.99,IGI,819696614,https://api.igi.org/viewpdf.php?r=819696614,
739-173,White,F,Round,1.01,1.00–1.99ct,VS1,IDEAL,EX,EX,6.41 X 6.48 X 4,61.9,57,0.99,IGI,779665124,https://api.igi.org/viewpdf.php?r=779665124,
751-131,White,F,Round,1.01,1.00–1.99ct,VVS2,EX,EX,EX,6.37 X 6.41 X 4.01,62.8,58,0.99,IGI,790622082,https://api.igi.org/viewpdf.php?r=790622082,
746-101,Fancy Colour,Fancy Intense Pink,Round,1.22,1.00–1.99ct,VS1,EX,EX,EX,6.78 X 6.82 X 4.26,62.6,57,0.99,IGI,818696510,https://api.igi.org/viewpdf.php?r=818696510,
746-445,White,G,Round,1.01,1.00–1.99ct,VS1,IDEAL,EX,EX,6.52 X 6.55 X 3.89,59.5,59,1,IGI,786622340,https://api.igi.org/viewpdf.php?r=786622340,
744-85,White,F,Round,1.01,1.00–1.99ct,VVS2,EX,EX,EX,6.49 X 6.52 X 3.93,60.4,59,1,IGI,795654771,https://api.igi.org/viewpdf.php?r=795654771,
762-181,White,E,Round,1.01,1.00–1.99ct,VS1,IDEAL,EX,EX,6.47 X 6.52 X 3.89,60,59,0.99,IGI,824615667,https://api.igi.org/viewpdf.php?r=824615667,
746-256,White,F,Round,1.01,1.00–1.99ct,VVS2,EX,EX,EX,6.46 X 6.5 X 3.93,60.6,56,0.99,IGI,786622391,https://api.igi.org/viewpdf.php?r=786622391,
762-88,White,D,Round,1.01,1.00–1.99ct,VS1,IDEAL,EX,EX,6.42 X 6.47 X 3.99,61.8,56,0.99,IGI,823684147,https://api.igi.org/viewpdf.php?r=823684147,
747-319,Fancy Colour,Fancy Intense Pink,Round,1.21,1.00–1.99ct,VS1,IDEAL,EX,EX,6.85 X 6.91 X 4.18,60.9,58,0.99,IGI,792648587,https://api.igi.org/viewpdf.php?r=792648587,
746-922,Fancy Colour,Fancy Intense Pink,Round,1.2,1.00–1.99ct,VVS2,IDEAL,EX,EX,6.81 X 6.84 X 4.15,60.9,58,1,IGI,792648589,https://api.igi.org/viewpdf.php?r=792648589,
746-282,White,G,Round,1.01,1.00–1.99ct,VS2,IDEAL,EX,EX,6.47 X 6.5 X 3.93,60.7,58,1,IGI,786694179,https://api.igi.org/viewpdf.php?r=786694179,
746-913,White,G,Round,1.01,1.00–1.99ct,VS1,EX,EX,EX,6.47 X 6.5 X 3.91,60.3,61,1,IGI,786622388,https://api.igi.org/viewpdf.php?r=786622388,
749-183,Fancy Colour,Fancy Intense Pink,Round,1.2,1.00–1.99ct,VVS2,EX,EX,EX,6.93 X 6.96 X 4.08,58.8,60,1,IGI,807660724,https://api.igi.org/viewpdf.php?r=807660724,
745-142,Fancy Colour,Fancy Intense Pink,Round,1.2,1.00–1.99ct,VS1,IDEAL,EX,EX,6.81 X 6.84 X 4.19,61.4,58,1,IGI,792648586,https://api.igi.org/viewpdf.php?r=792648586,
749-84,Fancy Colour,Fancy Vivid Pink,Round,1.2,1.00–1.99ct,VS1,IDEAL,EX,EX,6.78 X 6.83 X 4.19,61.6,59,0.99,IGI,792648588,https://api.igi.org/viewpdf.php?r=792648588,
752-58,Fancy Colour,Fancy Intense Pink,Round,1.2,1.00–1.99ct,VVS2,IDEAL,EX,EX,6.81 X 6.84 X 4.17,61.1,59,1,IGI,813658005,https://api.igi.org/viewpdf.php?r=813658005,
744-16,Fancy Colour,Fancy Intense Pink,Round,1.19,1.00–1.99ct,VVS2,IDEAL,EX,EX,6.76 X 6.79 X 4.2,62,57,1,IGI,807660736,https://api.igi.org/viewpdf.php?r=807660736,
739-42,White,F,Round,1.01,1.00–1.99ct,VVS2,EX,EX,EX,6.53 X 6.57 X 3.83,58.5,61,0.99,IGI,779607331,https://api.igi.org/viewpdf.php?r=779607331,
749-39,White,F,Round,1.01,1.00–1.99ct,VVS2,IDEAL,EX,EX,6.51 X 6.56 X 3.91,59.9,59,0.99,IGI,786694176,https://api.igi.org/viewpdf.php?r=786694176,
743-64,White,F,Round,1.01,1.00–1.99ct,VS1,IDEAL,EX,EX,6.49 X 6.52 X 3.92,60.3,60,1,IGI,786622390,https://api.igi.org/viewpdf.php?r=786622390,
739-50,White,F,Round,1.01,1.00–1.99ct,VS1,IDEAL,EX,EX,6.44 X 6.47 X 3.95,61.2,58,1,IGI,779607465,https://api.igi.org/viewpdf.php?r=779607465,
746-917,Fancy Colour,Fancy Pink,Round,1.15,1.00–1.99ct,VS1,IDEAL,EX,EX,6.7 X 6.74 X 4.12,61.4,58,0.99,IGI,792648585,https://api.igi.org/viewpdf.php?r=792648585,
750-69,White,F,Round,1.01,1.00–1.99ct,VVS2,IDEAL,EX,EX,6.45 X 6.49 X 3.96,61.2,58,0.99,IGI,790622262,https://api.igi.org/viewpdf.php?r=790622262,
750-133,Fancy Colour,Fancy Intense Pink,Round,1.14,1.00–1.99ct,VS1,IDEAL,EX,EX,6.74 X 6.78 X 4.11,60.7,58,0.99,IGI,802623551,https://api.igi.org/viewpdf.php?r=802623551,
753-353,White,F,Round,1.01,1.00–1.99ct,VVS2,IDEAL,EX,EX,6.47 X 6.49 X 3.97,61.3,56,1,IGI,795654475,https://api.igi.org/viewpdf.php?r=795654475,
762-196,White,D,Round,1.01,1.00–1.99ct,VS1,IDEAL,EX,EX,6.48 X 6.51 X 3.99,61.5,56,1,IGI,823684148,https://api.igi.org/viewpdf.php?r=823684148,
753-345,White,G,Round,1.01,1.00–1.99ct,VS1,IDEAL,EX,EX,6.49 X 6.5 X 3.95,60.8,59,1,IGI,795654525,https://api.igi.org/viewpdf.php?r=795654525,
747-141,Fancy Colour,Fancy Intense Pink,Round,1.12,1.00–1.99ct,VVS2,IDEAL,EX,EX,6.61 X 6.64 X 4.14,62.5,57,1,IGI,792648584,https://api.igi.org/viewpdf.php?r=792648584,
749-63,Fancy Colour,Fancy Intense Pink,Round,1.11,1.00–1.99ct,VVS2,IDEAL,EX,EX,6.6 X 6.63 X 4.11,62.1,57,1,IGI,795647981,https://api.igi.org/viewpdf.php?r=795647981,
746-515,White,F,Round,1.01,1.00–1.99ct,VS1,IDEAL,EX,EX,6.42 X 6.45 X 3.97,61.7,59,1,IGI,784678185,https://api.igi.org/viewpdf.php?r=784678185,
749-113,White,F,Round,1.01,1.00–1.99ct,VVS2,IDEAL,EX,EX,6.4 X 6.43 X 3.97,61.9,57,1,IGI,790622172,https://api.igi.org/viewpdf.php?r=790622172,
760-175,White,D,Round,1.01,1.00–1.99ct,VS1,IDEAL,EX,EX,6.48 X 6.52 X 3.94,60.5,56,0.99,IGI,819696608,https://api.igi.org/viewpdf.php?r=819696608,
746-652,Fancy Colour,Fancy Pink,Round,1.07,1.00–1.99ct,VS1,IDEAL,EX,EX,6.55 X 6.59 X 4.02,61.1,58,0.99,IGI,792648621,https://api.igi.org/viewpdf.php?r=792648621,
739-30,White,D,Round,1.01,1.00–1.99ct,VVS1,IDEAL,EX,EX,6.46 X 6.5 X 3.91,60.3,59,0.99,IGI,779607377,https://api.igi.org/viewpdf.php?r=779607377,
752-195,White,F,Round,1.01,1.00–1.99ct,VVS2,IDEAL,EX,EX,6.45 X 6.48 X 3.9,60.4,59,1,IGI,803618047,https://api.igi.org/viewpdf.php?r=803618047,
730-582,White,F,Round,1.01,1.00–1.99ct,VVS2,EX,EX,EX,6.49 X 6.52 X 3.89,59.8,60,1,IGI,756529372,https://api.igi.org/viewpdf.php?r=756529372,
754-65,White,F,Round,1.01,1.00–1.99ct,VS1,IDEAL,EX,EX,6.51 X 6.55 X 3.93,60.3,59,0.99,IGI,803618046,https://api.igi.org/viewpdf.php?r=803618046,
762-170,White,E,Round,1.01,1.00–1.99ct,VS1,IDEAL,EX,EX,6.46 X 6.52 X 4,61.8,56,0.99,IGI,824615665,https://api.igi.org/viewpdf.php?r=824615665,
754-172,White,F,Round,1.01,1.00–1.99ct,VVS2,IDEAL,EX,EX,6.52 X 6.54 X 3.9,59.8,58,1,IGI,795654811,https://api.igi.org/viewpdf.php?r=795654811,
755-318,White,F,Round,1.01,1.00–1.99ct,VS1,IDEAL,EX,EX,6.48 X 6.51 X 3.92,60.3,59,1,IGI,803618042,https://api.igi.org/viewpdf.php?r=803618042,
743-272,White,D,Round,1.01,1.00–1.99ct,VS1,VG,VG,GD,6.34 X 6.42 X 3.98,62.3,59,0.99,IGI,784678187,https://api.igi.org/viewpdf.php?r=784678187,
739-44,White,F,Round,1.01,1.00–1.99ct,VVS2,IDEAL,EX,EX,6.51 X 6.56 X 3.86,59.1,60,0.99,IGI,779607329,https://api.igi.org/viewpdf.php?r=779607329,
750-4,White,F,Round,1.01,1.00–1.99ct,VS1,IDEAL,EX,EX,6.41 X 6.45 X 3.99,62.1,58,0.99,IGI,790622111,https://api.igi.org/viewpdf.php?r=790622111,
759-54,White,E,Round,1,1.00–1.99ct,VS1,IDEAL,EX,EX,6.39 X 6.45 X 3.98,62,57,0.99,IGI,824615649,https://api.igi.org/viewpdf.php?r=824615649,
743-182,White,F,Round,1,1.00–1.99ct,VS1,IDEAL,EX,EX,6.4 X 6.45 X 3.96,61.5,57,0.99,IGI,782690433,https://api.igi.org/viewpdf.php?r=782690433,
752-8,White,F,Round,1,1.00–1.99ct,VS1,IDEAL,EX,EX,6.48 X 6.53 X 3.91,60,57,0.99,IGI,803618154,https://api.igi.org/viewpdf.php?r=803618154,
762-315,White,D,Round,1,1.00–1.99ct,VS1,IDEAL,EX,EX,6.43 X 6.48 X 3.94,61.1,56,0.99,IGI,824615675,https://api.igi.org/viewpdf.php?r=824615675,
751-398,White,F,Round,1,1.00–1.99ct,VVS2,IDEAL,EX,EX,6.37 X 6.46 X 3.96,61.6,58,0.99,IGI,795654804,https://api.igi.org/viewpdf.php?r=795654804,
751-6,White,D,Round,1,1.00–1.99ct,VS1,EX,EX,EX,6.35 X 6.42 X 3.9,61,61,0.99,IGI,790622313,https://api.igi.org/viewpdf.php?r=790622313,
736-981,White,F,Round,1,1.00–1.99ct,VVS2,EX,EX,EX,6.34 X 6.4 X 3.99,62.6,58,0.99,IGI,776696135,https://api.igi.org/viewpdf.php?r=776696135,
762-178,White,D,Round,1,1.00–1.99ct,VS1,IDEAL,EX,EX,6.4 X 6.44 X 3.94,61.5,57,0.99,IGI,823684196,https://api.igi.org/viewpdf.php?r=823684196,
754-69,White,F,Round,1,1.00–1.99ct,VS1,IDEAL,EX,EX,6.49 X 6.51 X 3.89,59.8,61,1,IGI,795654780,https://api.igi.org/viewpdf.php?r=795654780,
762-168,White,D,Round,1,1.00–1.99ct,VS1,IDEAL,EX,EX,6.42 X 6.47 X 3.96,61.4,56,0.99,IGI,824615674,https://api.igi.org/viewpdf.php?r=824615674,
762-123,White,D,Round,1,1.00–1.99ct,VS1,IDEAL,EX,EX,6.4 X 6.44 X 3.99,62.2,56,0.99,IGI,824615676,https://api.igi.org/viewpdf.php?r=824615676,
762-176,White,D,Round,1,1.00–1.99ct,VS1,IDEAL,EX,EX,6.38 X 6.44 X 3.95,61.6,57,0.99,IGI,823684078,https://api.igi.org/viewpdf.php?r=823684078,
746-96,Fancy Colour,Fancy Pink,Round,1.05,1.00–1.99ct,VVS2,IDEAL,EX,EX,6.53 X 6.55 X 4.01,61.3,57,1,IGI,795647980,https://api.igi.org/viewpdf.php?r=795647980,
753-350,White,D,Round,1,1.00–1.99ct,VS1,EX,EX,EX,6.36 X 6.41 X 4,62.6,55,0.99,IGI,795647844,https://api.igi.org/viewpdf.php?r=795647844,
762-141,White,D,Round,1,1.00–1.99ct,VS1,IDEAL,EX,EX,6.47 X 6.5 X 3.92,60.4,56,1,IGI,824615646,https://api.igi.org/viewpdf.php?r=824615646,
748-42,Fancy Colour,Fancy Pink,Round,1.05,1.00–1.99ct,VVS2,IDEAL,EX,EX,6.53 X 6.56 X 4.03,61.5,58,1,IGI,792648569,https://api.igi.org/viewpdf.php?r=792648569,
746-126,White,F,Round,1,1.00–1.99ct,VS1,IDEAL,EX,EX,6.44 X 6.46 X 3.97,61.6,57,1,IGI,784678344,https://api.igi.org/viewpdf.php?r=784678344,
745-31,White,G,Round,1,1.00–1.99ct,VS1,IDEAL,EX,EX,6.45 X 6.49 X 3.94,60.9,57,0.99,IGI,784678184,https://api.igi.org/viewpdf.php?r=784678184,
762-309,White,D,Round,1,1.00–1.99ct,VS1,IDEAL,EX,EX,6.47 X 6.51 X 3.95,60.8,58,0.99,IGI,823684074,https://api.igi.org/viewpdf.php?r=823684074,
754-1013,White,F,Round,1,1.00–1.99ct,VVS2,IDEAL,EX,EX,6.4 X 6.44 X 3.93,61.3,57,0.99,IGI,795654600,https://api.igi.org/viewpdf.php?r=795654600,
754-700,White,D,Round,1,1.00–1.99ct,VS1,IDEAL,EX,EX,6.4 X 6.41 X 3.97,62,59,1,IGI,795654487,https://api.igi.org/viewpdf.php?r=795654487,
754-175,White,F,Round,1,1.00–1.99ct,VS1,EX,EX,EX,6.46 X 6.49 X 3.8,58.6,63,1,IGI,803618001,https://api.igi.org/viewpdf.php?r=803618001,
743-8,Fancy Colour,Fancy Pink,Round,1.05,1.00–1.99ct,VVS2,IDEAL,EX,EX,6.55 X 6.58 X 3.98,60.6,58,1,IGI,792648561,https://api.igi.org/viewpdf.php?r=792648561,
762-182,White,D,Round,1,1.00–1.99ct,VS1,IDEAL,EX,EX,6.49 X 6.53 X 3.87,59.5,59,0.99,IGI,824615648,https://api.igi.org/viewpdf.php?r=824615648,
759-464,White,E,Round,1,1.00–1.99ct,VS1,IDEAL,EX,EX,6.46 X 6.48 X 3.92,60.6,59,1,IGI,818611959,https://api.igi.org/viewpdf.php?r=818611959,
753-121,White,F,Round,1,1.00–1.99ct,VVS2,IDEAL,EX,EX,6.49 X 6.54 X 3.96,60.9,56,0.99,IGI,795654775,https://api.igi.org/viewpdf.php?r=795654775,
755-64,White,F,Round,1,1.00–1.99ct,VVS2,IDEAL,EX,EX,6.44 X 6.49 X 3.89,60.2,57,0.99,IGI,795654536,https://api.igi.org/viewpdf.php?r=795654536,
753-831,White,F,Round,1,1.00–1.99ct,VVS2,IDEAL,EX,EX,6.42 X 6.48 X 3.94,61.1,58,0.99,IGI,795654603,https://api.igi.org/viewpdf.php?r=795654603,
754-137,Fancy Colour,Fancy Pink,Round,1.05,1.00–1.99ct,VVS2,IDEAL,EX,EX,6.5 X 6.53 X 4.04,62.1,56,1,IGI,802623536,https://api.igi.org/viewpdf.php?r=802623536,
750-150,White,D,Round,1,1.00–1.99ct,VS1,IDEAL,EX,EX,6.44 X 6.48 X 3.96,61.2,56,0.99,IGI,790622326,https://api.igi.org/viewpdf.php?r=790622326,
753-490,White,F,Round,1,1.00–1.99ct,VVS2,EX,EX,EX,6.43 X 6.46 X 3.95,61.3,59,1,IGI,795654605,https://api.igi.org/viewpdf.php?r=795654605,
753-925,White,F,Round,1,1.00–1.99ct,VS1,EX,EX,EX,6.47 X 6.52 X 3.88,59.7,59,0.99,IGI,795647799,https://api.igi.org/viewpdf.php?r=795647799,
750-112,White,F,Round,1,1.00–1.99ct,VS1,IDEAL,EX,EX,6.42 X 6.46 X 3.98,61.8,55,0.99,IGI,790622145,https://api.igi.org/viewpdf.php?r=790622145,
753-489,White,F,Round,1,1.00–1.99ct,VS1,IDEAL,EX,EX,6.47 X 6.5 X 3.9,60.2,57,1,IGI,795654776,https://api.igi.org/viewpdf.php?r=795654776,
761-592,White,D,Round,1,1.00–1.99ct,VS1,IDEAL,VG,EX,6.43 X 6.48 X 3.93,60.9,60,0.99,IGI,823684139,https://api.igi.org/viewpdf.php?r=823684139,
760-189,White,F,Round,1,1.00–1.99ct,VVS2,IDEAL,EX,EX,6.46 X 6.49 X 3.9,60.2,59,1,IGI,819696587,https://api.igi.org/viewpdf.php?r=819696587,
759-136,White,F,Round,1,1.00–1.99ct,VVS2,IDEAL,EX,EX,6.45 X 6.5 X 3.87,59.7,60,0.99,IGI,817675048,https://api.igi.org/viewpdf.php?r=817675048,
745-144,Fancy Colour,Fancy Intense Pink,Round,1.05,1.00–1.99ct,VS1,IDEAL,EX,EX,6.53 X 6.56 X 4.02,61.4,56,1,IGI,792648580,https://api.igi.org/viewpdf.php?r=792648580,
746-84,Fancy Colour,Fancy Intense Pink,Round,1.05,1.00–1.99ct,VS1,IDEAL,EX,EX,6.48 X 6.54 X 4.01,61.8,59,0.99,IGI,792648564,https://api.igi.org/viewpdf.php?r=792648564,
753-151,White,F,Round,1,1.00–1.99ct,VVS2,EX,EX,EX,6.4 X 6.48 X 3.94,61.2,60,0.99,IGI,795647792,https://api.igi.org/viewpdf.php?r=795647792,
754-1017,White,F,Round,1,1.00–1.99ct,VS1,EX,EX,EX,6.5 X 6.53 X 3.85,59.1,61,1,IGI,795654807,https://api.igi.org/viewpdf.php?r=795654807,
762-288,White,E,Round,1,1.00–1.99ct,VS1,EX,EX,EX,6.46 X 6.51 X 3.88,59.8,61,0.99,IGI,824615677,https://api.igi.org/viewpdf.php?r=824615677,
762-310,White,F,Round,1,1.00–1.99ct,VS1,IDEAL,EX,EX,6.46 X 6.51 X 3.87,59.7,58,0.99,IGI,824615678,https://api.igi.org/viewpdf.php?r=824615678,
759-500,White,E,Round,1,1.00–1.99ct,VS1,EX,EX,EX,6.43 X 6.49 X 3.89,60.4,62,0.99,IGI,818696490,https://api.igi.org/viewpdf.php?r=818696490,
761-319,White,D,Round,1,1.00–1.99ct,VS1,IDEAL,EX,EX,6.41 X 6.46 X 3.97,61.6,55,0.99,IGI,823643285,https://api.igi.org/viewpdf.php?r=823643285,
739-490,White,G,Round,1,1.00–1.99ct,VS1,IDEAL,EX,VG,6.43 X 6.48 X 3.88,59.9,60,0.99,IGI,779607316,https://api.igi.org/viewpdf.php?r=779607316,
742-249,White,F,Round,1,1.00–1.99ct,VVS2,IDEAL,EX,EX,6.52 X 6.55 X 3.85,58.9,59,1,IGI,782627649,https://api.igi.org/viewpdf.php?r=782627649,
750-233,White,F,Round,1,1.00–1.99ct,VS1,IDEAL,EX,EX,6.42 X 6.5 X 3.87,60,59,0.99,IGI,795654598,https://api.igi.org/viewpdf.php?r=795654598,
749-38,White,F,Round,1,1.00–1.99ct,VS1,IDEAL,EX,EX,6.38 X 6.42 X 3.98,62.2,56,0.99,IGI,790622321,https://api.igi.org/viewpdf.php?r=790622321,
750-524,White,F,Round,1,1.00–1.99ct,VS1,IDEAL,EX,EX,6.45 X 6.48 X 3.93,60.8,58,1,IGI,790622173,https://api.igi.org/viewpdf.php?r=790622173,
751-183,White,F,Round,1,1.00–1.99ct,VVS2,IDEAL,EX,EX,6.42 X 6.47 X 3.91,60.7,59,0.99,IGI,790622248,https://api.igi.org/viewpdf.php?r=790622248,
740-139,White,D,Round,0.96,Under 1ct,VVS1,IDEAL,EX,EX,6.45 X 6.48 X 3.85,59.5,57,1,IGI,781626659,https://api.igi.org/viewpdf.php?r=781626659,
745-21,White,G,Round,0.95,Under 1ct,VS1,IDEAL,EX,EX,6.35 X 6.39 X 3.87,60.7,57,0.99,IGI,786628053,https://api.igi.org/viewpdf.php?r=786628053,
729-877,White,F,Round,0.94,Under 1ct,VS1,IDEAL,EX,EX,6.36 X 6.4 X 3.82,59.8,59,0.99,IGI,762529815,https://api.igi.org/viewpdf.php?r=762529815,
729-1491,White,F,Round,0.94,Under 1ct,VS1,IDEAL,EX,EX,6.29 X 6.33 X 3.87,61.3,56,0.99,IGI,760590812,https://api.igi.org/viewpdf.php?r=760590812,
731-1418,White,F,Round,0.94,Under 1ct,VVS2,IDEAL,EX,EX,6.33 X 6.35 X 3.84,60.5,58,1,IGI,764652818,https://api.igi.org/viewpdf.php?r=764652818,
741-378,White,D,Round,0.94,Under 1ct,VVS2,IDEAL,EX,EX,6.41 X 6.44 X 3.77,58.7,59,1,IGI,781626658,https://api.igi.org/viewpdf.php?r=781626658,
738-21,White,E,Round,0.93,Under 1ct,VVS2,IDEAL,EX,EX,6.32 X 6.36 X 3.79,59.8,60,0.99,IGI,780643117,https://api.igi.org/viewpdf.php?r=780643117,
737-1035,White,E,Round,0.93,Under 1ct,VVS2,EX,EX,EX,6.38 X 6.41 X 3.7,57.8,61,1,IGI,776697855,https://api.igi.org/viewpdf.php?r=776697855,
731-364,White,F,Round,0.93,Under 1ct,VVS2,EX,EX,EX,6.43 X 6.46 X 3.71,57.6,59,1,IGI,762529817,https://api.igi.org/viewpdf.php?r=762529817,
723-532,White,F,Round,0.92,Under 1ct,VS1,IDEAL,EX,EX,6.36 X 6.39 X 3.74,58.6,59,1,IGI,738505078,https://api.igi.org/viewpdf.php?r=738505078,
739-171,White,E,Round,0.92,Under 1ct,VVS2,IDEAL,EX,EX,6.29 X 6.32 X 3.79,60,58,1,IGI,779665073,https://api.igi.org/viewpdf.php?r=779665073,
737-88,White,F,Round,0.91,Under 1ct,VS2,IDEAL,EX,EX,6.32 X 6.37 X 3.74,59,59,0.99,IGI,779607248,https://api.igi.org/viewpdf.php?r=779607248,
754-171,White,D,Round,0.91,Under 1ct,VS1,IDEAL,EX,EX,6.33 X 6.36 X 3.78,59.6,58,1,IGI,795654398,https://api.igi.org/viewpdf.php?r=795654398,
746-804,Fancy Colour,Fancy Pink,Round,1.05,1.00–1.99ct,VS1,IDEAL,EX,EX,6.47 X 6.5 X 4.04,62.3,56,1,IGI,792648567,https://api.igi.org/viewpdf.php?r=792648567,
752-62,Fancy Colour,Fancy Intense Pink,Round,1.05,1.00–1.99ct,VS1,IDEAL,EX,EX,6.55 X 6.57 X 4.02,61.3,57,1,IGI,815671317,https://api.igi.org/viewpdf.php?r=815671317,
754-12,White,D,Round,0.91,Under 1ct,VS1,IDEAL,EX,EX,6.26 X 6.31 X 3.81,60.6,57,0.99,IGI,795654397,https://api.igi.org/viewpdf.php?r=795654397,
743-100,Fancy Colour,Fancy Light Pink,Round,1.04,1.00–1.99ct,VVS2,IDEAL,EX,EX,6.57 X 6.61 X 3.97,60.2,58,0.99,IGI,795647985,https://api.igi.org/viewpdf.php?r=795647985,
732-19,White,F,Round,0.91,Under 1ct,VS1,IDEAL,EX,EX,6.25 X 6.3 X 3.8,60.6,60,0.99,IGI,762529819,https://api.igi.org/viewpdf.php?r=762529819,
753-140,Fancy Colour,Fancy Vivid Blue,Round,1.04,1.00–1.99ct,VS1,IDEAL,EX,EX,6.52 X 6.56 X 3.98,60.9,58,0.99,IGI,815671328,https://api.igi.org/viewpdf.php?r=815671328,
762-284,White,E,Round,0.91,Under 1ct,VS2,IDEAL,EX,EX,6.19 X 6.21 X 3.85,62,57,1,IGI,823699718,https://api.igi.org/viewpdf.php?r=823699718,
745-63,Fancy Colour,Fancy Pink,Round,1.04,1.00–1.99ct,VS1,IDEAL,EX,EX,6.46 X 6.5 X 4.02,61.9,58,0.99,IGI,792648498,https://api.igi.org/viewpdf.php?r=792648498,
751-542,White,D,Round,0.9,Under 1ct,VS1,IDEAL,EX,EX,6.13 X 6.17 X 3.81,61.9,57,0.99,IGI,803617759,https://api.igi.org/viewpdf.php?r=803617759,
753-65,White,D,Round,0.9,Under 1ct,VS1,IDEAL,EX,EX,6.24 X 6.27 X 3.75,60,60,1,IGI,795647673,https://api.igi.org/viewpdf.php?r=795647673,
758-461,White,D,Round,0.9,Under 1ct,VS1,EX,EX,EX,6.18 X 6.2 X 3.75,60.6,61,1,IGI,817605851,https://api.igi.org/viewpdf.php?r=817605851,
730-345,White,E,Round,0.9,Under 1ct,VVS2,IDEAL,EX,EX,6.22 X 6.26 X 3.72,59.6,59,0.99,IGI,760590820,https://api.igi.org/viewpdf.php?r=760590820,
746-162,Fancy Colour,Fancy Pink,Round,1.04,1.00–1.99ct,VVS2,IDEAL,EX,EX,6.53 X 6.55 X 4.01,61.2,56,1,IGI,795647984,https://api.igi.org/viewpdf.php?r=795647984,
741-45,White,D,Round,0.89,Under 1ct,VS1,EX,EX,EX,6.28 X 6.31 X 3.72,59,61,1,IGI,784673127,https://api.igi.org/viewpdf.php?r=784673127,
742-265,White,D,Round,0.89,Under 1ct,VVS2,EX,EX,EX,6.32 X 6.35 X 3.69,58.3,59,1,IGI,786694125,https://api.igi.org/viewpdf.php?r=786694125,
738-34,White,D,Round,0.88,Under 1ct,VVS2,IDEAL,EX,EX,6.15 X 6.18 X 3.83,62.1,57,1,IGI,784673106,https://api.igi.org/viewpdf.php?r=784673106,
754-683,White,D,Round,0.88,Under 1ct,VS1,IDEAL,EX,EX,6.17 X 6.21 X 3.77,60.8,59,0.99,IGI,795647675,https://api.igi.org/viewpdf.php?r=795647675,
745-59,Fancy Colour,Fancy Light Pink,Round,1.04,1.00–1.99ct,VVS2,IDEAL,EX,EX,6.53 X 6.55 X 4.01,61.3,57,1,IGI,790622480,https://api.igi.org/viewpdf.php?r=790622480,
737-1057,White,D,Round,0.88,Under 1ct,VS1,IDEAL,EX,EX,6.17 X 6.2 X 3.78,61.1,56,1,IGI,779607245,https://api.igi.org/viewpdf.php?r=779607245,
743-115,White,F,Round,0.87,Under 1ct,VVS2,IDEAL,EX,EX,6.12 X 6.14 X 3.75,61.2,59,1,IGI,784673110,https://api.igi.org/viewpdf.php?r=784673110,
731-892,White,F,Round,0.86,Under 1ct,VVS2,IDEAL,EX,EX,6.14 X 6.19 X 3.75,61,57,0.99,IGI,762529814,https://api.igi.org/viewpdf.php?r=762529814,
753-114,White,F,Round,0.86,Under 1ct,VVS2,IDEAL,EX,EX,6.14 X 6.2 X 3.74,60.6,57,0.99,IGI,803617757,https://api.igi.org/viewpdf.php?r=803617757,
743-267,Fancy Colour,Fancy Light Pink,Round,1.04,1.00–1.99ct,VVS2,IDEAL,EX,EX,6.49 X 6.53 X 3.99,61.3,59,0.99,IGI,795647977,https://api.igi.org/viewpdf.php?r=795647977,
744-834,White,D,Round,0.85,Under 1ct,VS1,IDEAL,EX,EX,6.06 X 6.09 X 3.74,61.5,58,1,IGI,795654400,https://api.igi.org/viewpdf.php?r=795654400,
744-674,White,E,Round,0.84,Under 1ct,VS1,EX,EX,EX,5.99 X 6.02 X 3.76,62.6,57,1,IGI,795654402,https://api.igi.org/viewpdf.php?r=795654402,
751-133,White,D,Round,0.84,Under 1ct,VS1,IDEAL,EX,EX,6.11 X 6.13 X 3.7,60.4,59,1,IGI,795647658,https://api.igi.org/viewpdf.php?r=795647658,
746-239,Fancy Colour,Light Pink,Round,1.04,1.00–1.99ct,VVS2,IDEAL,EX,EX,6.44 X 6.48 X 4.02,62.3,58,0.99,IGI,792648490,https://api.igi.org/viewpdf.php?r=792648490,
737-43,White,D,Round,0.84,Under 1ct,VS1,IDEAL,EX,EX,6.05 X 6.08 X 3.73,61.5,57,1,IGI,781626005,https://api.igi.org/viewpdf.php?r=781626005,
751-7,White,D,Round,0.84,Under 1ct,VS2,IDEAL,EX,EX,6.06 X 6.08 X 3.73,61.5,58,1,IGI,795647686,https://api.igi.org/viewpdf.php?r=795647686,
736-860,White,F,Round,0.84,Under 1ct,VVS2,IDEAL,EX,EX,6.03 X 6.05 X 3.75,62,58,1,IGI,776697832,https://api.igi.org/viewpdf.php?r=776697832,
739-557,White,D,Round,0.83,Under 1ct,VVS2,EX,EX,EX,6.16 X 6.2 X 3.59,58.1,60,0.99,IGI,782627626,https://api.igi.org/viewpdf.php?r=782627626,
732-974,White,D,Round,0.83,Under 1ct,VVS2,IDEAL,EX,EX,6.01 X 6.04 X 3.74,62.2,57,1,IGI,764610809,https://api.igi.org/viewpdf.php?r=764610809,
733-313,White,D,Round,0.83,Under 1ct,VVS2,IDEAL,EX,EX,6.01 X 6.05 X 3.73,61.9,58,0.99,IGI,764652816,https://api.igi.org/viewpdf.php?r=764652816,
748-54,Fancy Colour,Fancy Intense Pink,Round,1.04,1.00–1.99ct,VS2,IDEAL,EX,EX,6.57 X 6.6 X 4,60.7,57,1,IGI,792648568,https://api.igi.org/viewpdf.php?r=792648568,
754-470,White,E,Round,0.82,Under 1ct,VS1,IDEAL,EX,EX,5.97 X 6.02 X 3.7,61.6,57,0.99,IGI,795647684,https://api.igi.org/viewpdf.php?r=795647684,
741-253,White,D,Round,0.82,Under 1ct,VS1,IDEAL,EX,EX,5.99 X 6.01 X 3.71,61.9,57,1,IGI,780643079,https://api.igi.org/viewpdf.php?r=780643079,
744-90,White,D,Round,0.81,Under 1ct,VVS1,IDEAL,EX,EX,6.07 X 6.09 X 3.62,59.5,57,1,IGI,795647681,https://api.igi.org/viewpdf.php?r=795647681,
754-112,White,E,Round,0.81,Under 1ct,VS1,IDEAL,EX,EX,5.98 X 6 X 3.68,61.4,59,1,IGI,795654431,https://api.igi.org/viewpdf.php?r=795654431,
761-488,White,E,Round,0.79,Under 1ct,VS1,IDEAL,EX,VG,5.89 X 5.91 X 3.66,62,56,1,IGI,823699709,https://api.igi.org/viewpdf.php?r=823699709,
750-391,Fancy Colour,Fancy Intense Pink,Round,1.04,1.00–1.99ct,VS2,IDEAL,EX,EX,6.57 X 6.6 X 3.95,60,58,1,IGI,807660720,https://api.igi.org/viewpdf.php?r=807660720,
736-1003,White,D,Round,0.72,Under 1ct,VVS2,IDEAL,EX,EX,5.8 X 5.83 X 3.52,60.4,59,0.99,IGI,776697827,https://api.igi.org/viewpdf.php?r=776697827,
735-219,White,D,Round,0.72,Under 1ct,VVS2,IDEAL,EX,EX,5.76 X 5.78 X 3.53,61.2,58,1,IGI,764652800,https://api.igi.org/viewpdf.php?r=764652800,
739-69,White,D,Round,0.72,Under 1ct,VVS2,EX,EX,EX,5.81 X 5.87 X 3.49,59.8,59,0.99,IGI,782627616,https://api.igi.org/viewpdf.php?r=782627616,
732-229,White,D,Round,0.72,Under 1ct,VVS2,IDEAL,EX,EX,5.79 X 5.82 X 3.51,60.4,58,0.99,IGI,764652801,https://api.igi.org/viewpdf.php?r=764652801,
738-518,White,D,Round,0.71,Under 1ct,VVS1,IDEAL,EX,EX,5.79 X 5.82 X 3.51,60.5,58,0.99,IGI,779665070,https://api.igi.org/viewpdf.php?r=779665070,
733-194,White,D,Round,0.71,Under 1ct,VVS2,IDEAL,EX,EX,5.78 X 5.81 X 3.49,60.2,58,0.99,IGI,764610782,https://api.igi.org/viewpdf.php?r=764610782,
733-297,White,D,Round,0.71,Under 1ct,VVS2,IDEAL,EX,EX,5.68 X 5.72 X 3.55,62.2,58,0.99,IGI,764610781,https://api.igi.org/viewpdf.php?r=764610781,
736-140,White,D,Round,0.71,Under 1ct,VVS2,IDEAL,EX,EX,5.68 X 5.7 X 3.54,62.3,58,1,IGI,774639226,https://api.igi.org/viewpdf.php?r=774639226,
746-1068,Fancy Colour,Fancy Pink,Round,1.04,1.00–1.99ct,VS1,IDEAL,EX,EX,6.53 X 6.54 X 3.96,60.6,59,1,IGI,792648500,https://api.igi.org/viewpdf.php?r=792648500,
758-60,White,D,Round,0.71,Under 1ct,VS1,IDEAL,EX,EX,5.72 X 5.74 X 3.53,61.6,58,1,IGI,821662482,https://api.igi.org/viewpdf.php?r=821662482,
744-673,White,D,Round,0.71,Under 1ct,VVS2,IDEAL,EX,EX,5.79 X 5.82 X 3.51,60.4,58,0.99,IGI,803617849,https://api.igi.org/viewpdf.php?r=803617849,
746-429,Fancy Colour,Fancy Pink,Round,1.03,1.00–1.99ct,VS1,IDEAL,EX,EX,6.51 X 6.55 X 3.96,60.6,58,0.99,IGI,795648020,https://api.igi.org/viewpdf.php?r=795648020,
748-143,Fancy Colour,Fancy Pink,Round,1.03,1.00–1.99ct,VVS2,IDEAL,EX,EX,6.5 X 6.53 X 3.98,61,56,1,IGI,802623533,https://api.igi.org/viewpdf.php?r=802623533,
737-988,White,D,Round,0.71,Under 1ct,VVS2,IDEAL,EX,EX,5.75 X 5.79 X 3.5,60.7,58,0.99,IGI,779607293,https://api.igi.org/viewpdf.php?r=779607293,
756-203,Fancy Colour,Fancy Vivid Pink,Pear,1.03,1.00–1.99ct,VVS2,,EX,EX,9.32 X 5.68 X 3.35,59,58,1.64,IGI,817605945,https://api.igi.org/viewpdf.php?r=817605945,
733-214,White,D,Round,0.71,Under 1ct,VVS2,IDEAL,EX,EX,5.72 X 5.75 X 3.53,61.5,58,0.99,IGI,760590805,https://api.igi.org/viewpdf.php?r=760590805,
736-321,White,D,Round,0.71,Under 1ct,VVS2,IDEAL,EX,EX,5.78 X 5.83 X 3.49,60.2,58,0.99,IGI,779665071,https://api.igi.org/viewpdf.php?r=779665071,
758-480,White,E,Round,0.7,Under 1ct,VS1,IDEAL,EX,EX,5.7 X 5.74 X 3.52,61.6,54,0.99,IGI,817682155,https://api.igi.org/viewpdf.php?r=817682155,
759-559,White,E,Round,0.7,Under 1ct,VVS2,EX,EX,EX,5.7 X 5.73 X 3.47,60.9,62,0.99,IGI,819608293,https://api.igi.org/viewpdf.php?r=819608293,
732-192,White,D,Round,0.7,Under 1ct,VVS1,IDEAL,EX,EX,5.7 X 5.74 X 3.46,60.5,59,0.99,IGI,764610773,https://api.igi.org/viewpdf.php?r=764610773,
746-88R,Fancy Colour,Fancy Pink,Round,1.03,1.00–1.99ct,VVS2,IDEAL,EX,EX,6.51 X 6.54 X 3.97,60.9,57,1,IGI,792648492,https://api.igi.org/viewpdf.php?r=792648492,
731-1145,White,F,Round,0.7,Under 1ct,VS1,IDEAL,EX,EX,5.67 X 5.69 X 3.52,62.1,58,1,IGI,769654767,https://api.igi.org/viewpdf.php?r=769654767,
744-489,White,D,Round,0.7,Under 1ct,VVS2,IDEAL,EX,EX,5.66 X 5.7 X 3.52,62.1,59,0.99,IGI,795647652,https://api.igi.org/viewpdf.php?r=795647652,
755-245,White,E,Round,0.7,Under 1ct,VS2,EX,EX,EX,5.75 X 5.77 X 3.43,59.5,58,1,IGI,803617784,https://api.igi.org/viewpdf.php?r=803617784,
745-45,Fancy Colour,Fancy Pink,Round,1.03,1.00–1.99ct,VS1,IDEAL,EX,EX,6.45 X 6.48 X 4.02,62.1,56,1,IGI,795648021,https://api.igi.org/viewpdf.php?r=795648021,
749-115,White,D,Round,0.7,Under 1ct,VVS2,EX,EX,EX,5.63 X 5.67 X 3.56,63,56,0.99,IGI,790622035,https://api.igi.org/viewpdf.php?r=790622035,
745-58,Fancy Colour,Fancy Light Pink,Round,1.03,1.00–1.99ct,VVS2,IDEAL,EX,EX,6.44 X 6.48 X 4.02,62.3,56,0.99,IGI,790622478,https://api.igi.org/viewpdf.php?r=790622478,
734-354,White,D,Round,0.7,Under 1ct,VVS2,EX,EX,EX,5.78 X 5.81 X 3.44,59.4,59,0.99,IGI,764610777,https://api.igi.org/viewpdf.php?r=764610777,
732-570,White,D,Round,0.7,Under 1ct,VVS2,IDEAL,EX,EX,5.74 X 5.77 X 3.48,60.4,60,0.99,IGI,771661453,https://api.igi.org/viewpdf.php?r=771661453,
749-34,Fancy Colour,Fancy Vivid Pink,Oval,1.03,1.00–1.99ct,VS1,,EX,EX,8.01 X 5.62 X 3.52,62.6,60,1.43,IGI,795648019,https://api.igi.org/viewpdf.php?r=795648019,
733-113,White,D,Round,0.7,Under 1ct,VVS1,IDEAL,EX,EX,5.74 X 5.81 X 3.46,60.1,60,0.99,IGI,764610774,https://api.igi.org/viewpdf.php?r=764610774,
746-391,Fancy Colour,Fancy Pink,Round,1.03,1.00–1.99ct,VS1,IDEAL,EX,EX,6.45 X 6.47 X 4.01,62.1,56,1,IGI,795648042,https://api.igi.org/viewpdf.php?r=795648042,
754-682,White,E,Round,0.69,Under 1ct,VVS2,IDEAL,EX,EX,5.67 X 5.69 X 3.47,61.1,59,1,IGI,803617807,https://api.igi.org/viewpdf.php?r=803617807,
758-109,White,D,Round,0.69,Under 1ct,VVS2,EX,EX,EX,5.71 X 5.73 X 3.43,60,61,1,IGI,817605865,https://api.igi.org/viewpdf.php?r=817605865,
756-41,White,E,Round,0.68,Under 1ct,VS1,IDEAL,EX,EX,5.63 X 5.69 X 3.48,61.5,57,0.99,IGI,803617812,https://api.igi.org/viewpdf.php?r=803617812,
756-42,Fancy Colour,Fancy Intense Pink,Round,1.03,1.00–1.99ct,VS1,IDEAL,EX,EX,6.51 X 6.56 X 3.96,60.6,57,0.99,IGI,815671293,https://api.igi.org/viewpdf.php?r=815671293,
744-91,White,D,Round,0.68,Under 1ct,VS1,IDEAL,EX,EX,5.71 X 5.73 X 3.43,59.9,56,1,IGI,795647650,https://api.igi.org/viewpdf.php?r=795647650,
746-103,Fancy Colour,Fancy Pink,Round,1.03,1.00–1.99ct,VS1,IDEAL,EX,EX,6.52 X 6.57 X 3.97,60.8,59,0.99,IGI,792648491,https://api.igi.org/viewpdf.php?r=792648491,
758-246,White,D,Round,0.68,Under 1ct,VVS2,IDEAL,EX,EX,5.65 X 5.68 X 3.46,61.1,59,0.99,IGI,817605866,https://api.igi.org/viewpdf.php?r=817605866,
735-272,White,D,Round,0.67,Under 1ct,VVS2,EX,EX,EX,5.7 X 5.74 X 3.4,59.4,59,0.99,IGI,769654770,https://api.igi.org/viewpdf.php?r=769654770,
740-101,White,E,Round,0.67,Under 1ct,VVS2,IDEAL,EX,EX,5.62 X 5.66 X 3.46,61.3,58,0.99,IGI,784673076,https://api.igi.org/viewpdf.php?r=784673076,
736-128,White,E,Round,0.67,Under 1ct,VVS2,IDEAL,EX,EX,5.66 X 5.7 X 3.44,60.5,58,0.99,IGI,774639234,https://api.igi.org/viewpdf.php?r=774639234,
747-34,Fancy Colour,Fancy Pink,Round,1.03,1.00–1.99ct,VS1,EX,EX,EX,6.53 X 6.56 X 3.93,60,59,1,IGI,792648496,https://api.igi.org/viewpdf.php?r=792648496,
742-153,White,E,Round,0.66,Under 1ct,VVS2,EX,EX,EX,5.71 X 5.74 X 3.32,58.1,62,0.99,IGI,784673075,https://api.igi.org/viewpdf.php?r=784673075,
744-78,White,D,Round,0.66,Under 1ct,VS1,IDEAL,EX,EX,5.61 X 5.66 X 3.43,60.7,58,0.99,IGI,795647655,https://api.igi.org/viewpdf.php?r=795647655,
758-396,White,D,Round,0.66,Under 1ct,VVS2,IDEAL,EX,EX,5.59 X 5.63 X 3.38,60.2,59,0.99,IGI,819608297,https://api.igi.org/viewpdf.php?r=819608297,
745-38,Fancy Colour,Fancy Intense Pink,Round,1.03,1.00–1.99ct,VS1,IDEAL,EX,EX,6.5 X 6.52 X 4,61.5,57,1,IGI,792648499,https://api.igi.org/viewpdf.php?r=792648499,
743-98,White,D,Round,0.65,Under 1ct,VVS2,IDEAL,EX,EX,5.54 X 5.56 X 3.41,61.5,57,1,IGI,782690492,https://api.igi.org/viewpdf.php?r=782690492,
744-506,White,D,Round,0.65,Under 1ct,VS1,IDEAL,EX,EX,5.54 X 5.57 X 3.45,62.2,56,0.99,IGI,795654390,https://api.igi.org/viewpdf.php?r=795654390,
736-120,White,E,Round,0.65,Under 1ct,VVS2,IDEAL,EX,EX,5.56 X 5.58 X 3.42,61.4,58,1,IGI,774639236,https://api.igi.org/viewpdf.php?r=774639236,
753-1068,White,F,Round,0.65,Under 1ct,VS1,IDEAL,EX,EX,5.59 X 5.61 X 3.38,60.4,59,1,IGI,795647656,https://api.igi.org/viewpdf.php?r=795647656,
738-442,White,D,Round,0.64,Under 1ct,VVS2,EX,EX,EX,5.61 X 5.66 X 3.34,59.3,56,0.99,IGI,781626649,https://api.igi.org/viewpdf.php?r=781626649,
754-847,White,E,Round,0.64,Under 1ct,VS1,IDEAL,EX,EX,5.57 X 5.59 X 3.41,61.1,57,1,IGI,795647669,https://api.igi.org/viewpdf.php?r=795647669,
744-75,White,D,Round,0.64,Under 1ct,VS1,IDEAL,EX,EX,5.53 X 5.55 X 3.43,62,57,1,IGI,803617813,https://api.igi.org/viewpdf.php?r=803617813,
753-816,White,E,Round,0.64,Under 1ct,VVS2,IDEAL,EX,EX,5.51 X 5.54 X 3.41,61.8,57,0.99,IGI,795647676,https://api.igi.org/viewpdf.php?r=795647676,
728-2000,Fancy Colour,Fancy Pink,Round,1.02,1.00–1.99ct,VVS2,IDEAL,EX,EX,6.46 X 6.51 X 3.99,61.5,58,0.99,IGI,762530004,https://api.igi.org/viewpdf.php?r=762530004,
744-491,White,E,Round,0.63,Under 1ct,VVS2,IDEAL,EX,EX,5.47 X 5.51 X 3.41,62.1,56,0.99,IGI,795654389,https://api.igi.org/viewpdf.php?r=795654389,
751-101,Fancy Colour,Fancy Intense Pink,Round,1.02,1.00–1.99ct,VS2,IDEAL,EX,EX,6.46 X 6.52 X 3.96,61.1,57,0.99,IGI,807660733,https://api.igi.org/viewpdf.php?r=807660733,
746-654,Fancy Colour,Fancy Pink,Round,1.02,1.00–1.99ct,VS1,IDEAL,EX,EX,6.45 X 6.5 X 3.96,61.1,59,0.99,IGI,792648488,https://api.igi.org/viewpdf.php?r=792648488,
753-571,White,F,Round,0.63,Under 1ct,VVS2,IDEAL,EX,EX,5.47 X 5.53 X 3.38,61.7,58,0.99,IGI,795647697,https://api.igi.org/viewpdf.php?r=795647697,
758-415,White,E,Round,0.63,Under 1ct,VS1,IDEAL,EX,EX,5.56 X 5.59 X 3.36,60.4,59,0.99,IGI,815680899,https://api.igi.org/viewpdf.php?r=815680899,
754-684,White,E,Round,0.62,Under 1ct,VS1,IDEAL,EX,EX,5.54 X 5.57 X 3.28,59.1,60,0.99,IGI,795647692,https://api.igi.org/viewpdf.php?r=795647692,
714-269,White,E,Round,0.62,Under 1ct,VS1,IDEAL,EX,EX,5.43 X 5.45 X 3.38,62.2,58,1,IGI,724586880,https://api.igi.org/viewpdf.php?r=724586880,
750-974,White,D,Round,0.61,Under 1ct,VS1,IDEAL,EX,EX,5.43 X 5.45 X 3.38,62.1,57,1,IGI,790622034,https://api.igi.org/viewpdf.php?r=790622034,
758-192,White,D,Round,0.61,Under 1ct,VS2,IDEAL,EX,EX,5.49 X 5.52 X 3.29,59.8,59,0.99,IGI,817605867,https://api.igi.org/viewpdf.php?r=817605867,
758-115,White,D,Round,0.61,Under 1ct,VS1,IDEAL,EX,EX,5.46 X 5.51 X 3.34,60.8,57,0.99,IGI,817605868,https://api.igi.org/viewpdf.php?r=817605868,
754-1010A,White,F,Round,0.61,Under 1ct,VS1,IDEAL,VG,EX,5.42 X 5.46 X 3.33,61.3,58,0.99,IGI,795654426,https://api.igi.org/viewpdf.php?r=795654426,
753-511,White,E,Round,0.6,Under 1ct,VS1,IDEAL,EX,EX,5.46 X 5.47 X 3.31,60.5,57,1,IGI,795647740,https://api.igi.org/viewpdf.php?r=795647740,
758-234,White,D,Round,0.6,Under 1ct,VS2,IDEAL,EX,EX,5.43 X 5.47 X 3.29,60.4,59,0.99,IGI,817605872,https://api.igi.org/viewpdf.php?r=817605872,
711-757,White,F,Round,0.59,Under 1ct,VVS2,IDEAL,EX,EX,5.33 X 5.36 X 3.32,62.1,58,0.99,IGI,724586876,https://api.igi.org/viewpdf.php?r=724586876,
758-773,White,D,Round,0.59,Under 1ct,VVS2,IDEAL,EX,EX,5.38 X 5.41 X 3.35,62,58,0.99,IGI,817605845,https://api.igi.org/viewpdf.php?r=817605845,
731-884,White,F,Round,0.59,Under 1ct,VS1,IDEAL,EX,EX,5.41 X 5.46 X 3.31,60.8,59,0.99,IGI,769654754,https://api.igi.org/viewpdf.php?r=769654754,
758-253,White,D,Round,0.59,Under 1ct,VS1,IDEAL,EX,EX,5.43 X 5.49 X 3.31,60.8,59,0.99,IGI,817605874,https://api.igi.org/viewpdf.php?r=817605874,
754-104,Fancy Colour,Fancy Intense Pink,Round,1.02,1.00–1.99ct,VS2,IDEAL,EX,EX,6.42 X 6.46 X 3.97,61.6,58,0.99,IGI,802623563,https://api.igi.org/viewpdf.php?r=802623563,
758-615,White,E,Round,0.58,Under 1ct,VS1,IDEAL,EX,EX,5.36 X 5.41 X 3.32,61.8,56,0.99,IGI,817605847,https://api.igi.org/viewpdf.php?r=817605847,
758-355,White,E,Round,0.58,Under 1ct,VS1,IDEAL,EX,EX,5.44 X 5.47 X 3.25,59.6,60,0.99,IGI,817605844,https://api.igi.org/viewpdf.php?r=817605844,
738-677,White,D,Round,0.58,Under 1ct,VVS2,IDEAL,EX,EX,5.36 X 5.39 X 3.26,60.6,58,0.99,IGI,781626646,https://api.igi.org/viewpdf.php?r=781626646,
739-392,White,E,Round,0.58,Under 1ct,VVS2,IDEAL,EX,EX,5.37 X 5.41 X 3.27,60.7,57,0.99,IGI,784673071,https://api.igi.org/viewpdf.php?r=784673071,
759-292,White,D,Round,0.58,Under 1ct,VS1,EX,EX,EX,5.43 X 5.46 X 3.24,59.5,61,0.99,IGI,819608305,https://api.igi.org/viewpdf.php?r=819608305,
739-221,White,D,Round,0.58,Under 1ct,VVS1,IDEAL,EX,EX,5.37 X 5.4 X 3.28,60.9,58,0.99,IGI,779665095,https://api.igi.org/viewpdf.php?r=779665095,
753-109,Fancy Colour,Fancy Intense Pink,Round,1.02,1.00–1.99ct,VS2,EX,EX,EX,6.56 X 6.58 X 3.94,59.9,59,1,IGI,802623518,https://api.igi.org/viewpdf.php?r=802623518,
755-200,Fancy Colour,Fancy Vivid Pink,Radiant,1.02,1.00–1.99ct,VS1,,EX,EX,6.97 X 4.99 X 3.52,70.5,68,1.4,IGI,815671295,https://api.igi.org/viewpdf.php?r=815671295,
746-444,Fancy Colour,Fancy Intense Pink,Oval,1.02,1.00–1.99ct,SI1,,EX,EX,8.3 X 5.72 X 3.4,59.4,58,1.45,IGI,802623564,https://api.igi.org/viewpdf.php?r=802623564,
756-39,White,F,Round,0.58,Under 1ct,VVS2,IDEAL,EX,EX,5.44 X 5.45 X 3.23,59.2,59,1,IGI,803617820,https://api.igi.org/viewpdf.php?r=803617820,
759-263,White,D,Round,0.58,Under 1ct,VS1,IDEAL,EX,EX,5.43 X 5.48 X 3.28,60.1,58,0.99,IGI,819608308,https://api.igi.org/viewpdf.php?r=819608308,
746-433,Fancy Colour,Fancy Intense Pink,Round,1.02,1.00–1.99ct,VS2,IDEAL,EX,EX,6.42 X 6.46 X 3.98,61.8,58,0.99,IGI,802623573,https://api.igi.org/viewpdf.php?r=802623573,
731-723,White,E,Round,0.57,Under 1ct,VS1,IDEAL,EX,EX,5.38 X 5.41 X 3.24,60.1,58,0.99,IGI,762529837,https://api.igi.org/viewpdf.php?r=762529837,
752-20,White,D,Round,0.57,Under 1ct,SI1,IDEAL,EX,EX,5.37 X 5.4 X 3.22,59.7,58,0.99,IGI,803617848,https://api.igi.org/viewpdf.php?r=803617848,
731-380,White,E,Round,0.57,Under 1ct,VS2,IDEAL,EX,EX,5.4 X 5.42 X 3.22,59.6,60,1,IGI,769654760,https://api.igi.org/viewpdf.php?r=769654760,
750-531,White,F,Round,0.57,Under 1ct,VS1,IDEAL,EX,EX,5.32 X 5.37 X 3.27,61.4,59,0.99,IGI,795654423,https://api.igi.org/viewpdf.php?r=795654423,
754-153,White,D,Round,0.57,Under 1ct,VS1,IDEAL,EX,EX,5.34 X 5.36 X 3.22,60.2,59,1,IGI,795654422,https://api.igi.org/viewpdf.php?r=795654422,
688-74,White,F,Round,0.57,Under 1ct,VVS2,IDEAL,EX,EX,5.31 X 5.32 X 3.29,62,58,1,IGI,659409217,https://api.igi.org/viewpdf.php?r=659409217,
740-412,White,D,Round,0.57,Under 1ct,VS1,IDEAL,EX,EX,5.3 X 5.33 X 3.24,60.9,58,0.99,IGI,779665100,https://api.igi.org/viewpdf.php?r=779665100,
750-677,Fancy Colour,Fancy Vivid Blue,Round,1.02,1.00–1.99ct,VS1,IDEAL,EX,EX,6.52 X 6.55 X 3.92,60.1,58,1,IGI,815671296,https://api.igi.org/viewpdf.php?r=815671296,
711-588,White,E,Round,0.57,Under 1ct,VS1,IDEAL,EX,EX,5.28 X 5.32 X 3.29,62,57,0.99,IGI,724594728,https://api.igi.org/viewpdf.php?r=724594728,
758-82,White,D,Round,0.57,Under 1ct,VS1,IDEAL,EX,EX,5.28 X 5.32 X 3.29,62.1,57,0.99,IGI,817682159,https://api.igi.org/viewpdf.php?r=817682159,
750-34,Fancy Colour,Fancy Intense Pink,Round,1.01,1.00–1.99ct,VS2,IDEAL,EX,EX,6.5 X 6.53 X 3.91,60.1,59,1,IGI,807660728,https://api.igi.org/viewpdf.php?r=807660728,
738-100,White,D,Round,0.57,Under 1ct,VS1,IDEAL,EX,EX,5.44 X 5.47 X 3.19,58.5,60,0.99,IGI,779665094,https://api.igi.org/viewpdf.php?r=779665094,
739-747,White,F,Round,0.57,Under 1ct,VVS2,IDEAL,EX,EX,5.35 X 5.38 X 3.26,60.7,59,0.99,IGI,779665112,https://api.igi.org/viewpdf.php?r=779665112,
BF-10R,Fancy Colour,Fancy Grayish Green,Emerald,1.01,1.00–1.99ct,VS2,,VG,EX,6.54 X 4.72 X 3.17,67.2,69,1.39,IGI,644400561,https://api.igi.org/viewpdf.php?r=644400561,
758-247,White,D,Round,0.56,Under 1ct,VS1,IDEAL,EX,EX,5.33 X 5.35 X 3.24,60.7,59,1,IGI,819608295,https://api.igi.org/viewpdf.php?r=819608295,
744-106,White,F,Round,0.56,Under 1ct,VVS2,IDEAL,EX,EX,5.32 X 5.34 X 3.23,60.5,59,1,IGI,795647742,https://api.igi.org/viewpdf.php?r=795647742,
758-306,White,D,Round,0.56,Under 1ct,VS1,IDEAL,EX,EX,5.32 X 5.35 X 3.24,60.8,56,0.99,IGI,817682157,https://api.igi.org/viewpdf.php?r=817682157,
742-294,White,E,Round,0.56,Under 1ct,VS1,IDEAL,EX,EX,5.22 X 5.28 X 3.28,62.5,57,0.99,IGI,784673080,https://api.igi.org/viewpdf.php?r=784673080,
740-29,White,D,Round,0.56,Under 1ct,VVS2,EX,EX,EX,5.36 X 5.4 X 3.21,59.6,58,0.99,IGI,781626644,https://api.igi.org/viewpdf.php?r=781626644,
737-37,White,E,Round,0.55,Under 1ct,VVS1,IDEAL,EX,EX,5.28 X 5.3 X 3.23,61,58,1,IGI,774639206,https://api.igi.org/viewpdf.php?r=774639206,
743-449,White,D,Round,0.55,Under 1ct,VVS1,IDEAL,EX,EX,5.26 X 5.28 X 3.21,60.8,58,1,IGI,784673089,https://api.igi.org/viewpdf.php?r=784673089,
744-501,White,F,Round,0.55,Under 1ct,VVS2,IDEAL,EX,EX,5.21 X 5.23 X 3.24,62.1,58,1,IGI,803617819,https://api.igi.org/viewpdf.php?r=803617819,
736-47,White,E,Round,0.54,Under 1ct,VVS2,IDEAL,EX,EX,5.23 X 5.25 X 3.21,61.3,56,1,IGI,776697847,https://api.igi.org/viewpdf.php?r=776697847,
739-47,Fancy Colour,Fancy Pink,Round,1.01,1.00–1.99ct,VS1,IDEAL,EX,EX,6.52 X 6.56 X 3.85,58.9,59,0.99,IGI,786622406,https://api.igi.org/viewpdf.php?r=786622406,
745-20,Fancy Colour,Fancy Pink,Round,1.01,1.00–1.99ct,VS1,IDEAL,EX,EX,6.51 X 6.58 X 3.89,59.6,59,0.99,IGI,795648022,https://api.igi.org/viewpdf.php?r=795648022,
746-711,Fancy Colour,Light Pink,Round,1.01,1.00–1.99ct,VS1,IDEAL,EX,EX,6.47 X 6.5 X 3.95,60.9,57,1,IGI,792648483,https://api.igi.org/viewpdf.php?r=792648483,
737-781,White,G,Round,0.54,Under 1ct,VVS2,IDEAL,EX,EX,5.24 X 5.26 X 3.23,61.5,58,1,IGI,776697849,https://api.igi.org/viewpdf.php?r=776697849,
756-23,White,D,Round,0.54,Under 1ct,VS1,IDEAL,EX,EX,5.23 X 5.25 X 3.25,62.1,57,1,IGI,803617834,https://api.igi.org/viewpdf.php?r=803617834,
737-113,White,F,Round,0.54,Under 1ct,VVS2,IDEAL,EX,EX,5.24 X 5.26 X 3.22,61.4,57,1,IGI,776697850,https://api.igi.org/viewpdf.php?r=776697850,
744-671,White,F,Round,0.53,Under 1ct,VS1,IDEAL,EX,EX,5.22 X 5.24 X 3.17,60.7,58,1,IGI,803617751,https://api.igi.org/viewpdf.php?r=803617751,
758-70,White,D,Round,0.53,Under 1ct,VS1,IDEAL,EX,EX,5.15 X 5.18 X 3.22,62.3,56,0.99,IGI,817682156,https://api.igi.org/viewpdf.php?r=817682156,
740-78,White,E,Round,0.53,Under 1ct,VVS1,IDEAL,EX,EX,5.26 X 5.3 X 3.17,60,57,0.99,IGI,782690501,https://api.igi.org/viewpdf.php?r=782690501,
742-307,Fancy Colour,Fancy Pink,Round,1.01,1.00–1.99ct,VS2,EX,EX,EX,6.48 X 6.52 X 3.91,60,60,0.99,IGI,792648487,https://api.igi.org/viewpdf.php?r=792648487,
758-248,White,F,Round,0.53,Under 1ct,VVS2,IDEAL,EX,EX,5.16 X 5.2 X 3.21,62,58,0.99,IGI,819696703,https://api.igi.org/viewpdf.php?r=819696703,
758-772,White,E,Round,0.53,Under 1ct,VS1,EX,EX,EX,5.3 X 5.33 X 3.18,59.8,59,0.99,IGI,817682158,https://api.igi.org/viewpdf.php?r=817682158,
741-477,White,D,Round,0.53,Under 1ct,VVS2,IDEAL,EX,EX,5.23 X 5.25 X 3.18,60.7,57,1,IGI,782690502,https://api.igi.org/viewpdf.php?r=782690502,
748-33,Fancy Colour,Fancy Intense Pink,Round,1.01,1.00–1.99ct,SI1,IDEAL,EX,EX,6.41 X 6.44 X 3.98,61.9,58,1,IGI,795648041,https://api.igi.org/viewpdf.php?r=795648041,
757-176,White,D,Round,0.53,Under 1ct,VVS2,IDEAL,EX,EX,5.24 X 5.26 X 3.19,60.8,59,1,IGI,803617752,https://api.igi.org/viewpdf.php?r=803617752,
753-133,Fancy Colour,Fancy Intense Pink,Round,1.01,1.00–1.99ct,VS1,IDEAL,EX,EX,6.41 X 6.45 X 3.98,61.9,57,0.99,IGI,802623571,https://api.igi.org/viewpdf.php?r=802623571,
746-1051,Fancy Colour,Fancy Intense Pink,Round,1.01,1.00–1.99ct,VS2,IDEAL,EX,EX,6.45 X 6.49 X 3.95,61.1,59,0.99,IGI,802623590,https://api.igi.org/viewpdf.php?r=802623590,
736-471,White,D,Round,0.53,Under 1ct,VVS1,IDEAL,EX,EX,5.18 X 5.21 X 3.19,61.4,57,0.99,IGI,774639170,https://api.igi.org/viewpdf.php?r=774639170,
760-205,White,E,Round,0.53,Under 1ct,VS1,IDEAL,EX,EX,5.16 X 5.18 X 3.23,62.5,57,1,IGI,823699739,https://api.igi.org/viewpdf.php?r=823699739,
751-553,Fancy Colour,Fancy Intense Pink,Round,1.01,1.00–1.99ct,VS1,IDEAL,EX,EX,6.47 X 6.52 X 3.89,60,60,0.99,IGI,802623604,https://api.igi.org/viewpdf.php?r=802623604,
752-92,White,D,Round,0.53,Under 1ct,VVS2,IDEAL,EX,EX,5.16 X 5.18 X 3.21,62.1,59,1,IGI,803617749,https://api.igi.org/viewpdf.php?r=803617749,
748-49,Fancy Colour,Fancy Intense Pink,Round,1.01,1.00–1.99ct,VS1,IDEAL,EX,EX,6.43 X 6.45 X 3.99,62,57,1,IGI,795648017,https://api.igi.org/viewpdf.php?r=795648017,
746-121,White,F,Round,0.53,Under 1ct,VVS2,IDEAL,EX,EX,5.22 X 5.25 X 3.19,61.1,59,0.99,IGI,784673117,https://api.igi.org/viewpdf.php?r=784673117,
744-126,White,D,Round,0.53,Under 1ct,VVS1,IDEAL,EX,EX,5.18 X 5.2 X 3.18,61.4,58,1,IGI,803617798,https://api.igi.org/viewpdf.php?r=803617798,
746-441,Fancy Colour,Fancy Pink,Round,1.01,1.00–1.99ct,VS2,EX,EX,EX,6.5 X 6.52 X 3.9,60,58,1,IGI,792648485,https://api.igi.org/viewpdf.php?r=792648485,
750-522,Fancy Colour,Fancy Pink,Round,1.01,1.00–1.99ct,VS1,IDEAL,EX,EX,6.46 X 6.52 X 3.92,60.5,57,0.99,IGI,802623560,https://api.igi.org/viewpdf.php?r=802623560,
733-354,White,D,Round,0.53,Under 1ct,VVS2,IDEAL,EX,EX,5.16 X 5.18 X 3.21,62.2,57,1,IGI,771661491,https://api.igi.org/viewpdf.php?r=771661491,
745-70,Fancy Colour,Fancy Pink,Round,1.01,1.00–1.99ct,VS1,IDEAL,EX,EX,6.48 X 6.51 X 3.97,61.1,56,1,IGI,795648023,https://api.igi.org/viewpdf.php?r=795648023,
754-128,Fancy Colour,Fancy Intense Pink,Round,1.01,1.00–1.99ct,VS1,IDEAL,EX,EX,6.34 X 6.39 X 3.98,62.5,58,0.99,IGI,802623594,https://api.igi.org/viewpdf.php?r=802623594,
739-77,White,D,Round,0.53,Under 1ct,VVS2,EX,EX,EX,5.24 X 5.28 X 3.15,59.8,60,0.99,IGI,782690500,https://api.igi.org/viewpdf.php?r=782690500,
742-424,White,D,Round,0.53,Under 1ct,VVS2,IDEAL,EX,EX,5.25 X 5.29 X 3.16,59.9,58,0.99,IGI,784673120,https://api.igi.org/viewpdf.php?r=784673120,
758-107,White,D,Round,0.53,Under 1ct,VVS2,IDEAL,EX,EX,5.19 X 5.23 X 3.18,61.1,58,0.99,IGI,817605843,https://api.igi.org/viewpdf.php?r=817605843,
746-435,White,F,Round,0.53,Under 1ct,VVS2,IDEAL,EX,EX,5.27 X 5.31 X 3.19,60.2,58,0.99,IGI,786628055,https://api.igi.org/viewpdf.php?r=786628055,
741-304,White,D,Round,0.53,Under 1ct,VVS1,IDEAL,EX,EX,5.16 X 5.18 X 3.21,62,58,1,IGI,779665089,https://api.igi.org/viewpdf.php?r=779665089,
736-1143,White,D,Round,0.53,Under 1ct,VVS2,IDEAL,EX,EX,5.2 X 5.24 X 3.18,60.8,58,0.99,IGI,779607254,https://api.igi.org/viewpdf.php?r=779607254,
744-504,White,D,Round,0.53,Under 1ct,VVS2,IDEAL,EX,EX,5.18 X 5.21 X 3.23,62.3,58,0.99,IGI,803617816,https://api.igi.org/viewpdf.php?r=803617816,
741-399,White,D,Round,0.53,Under 1ct,VVS1,IDEAL,EX,EX,5.24 X 5.27 X 3.19,60.7,57,0.99,IGI,781626007,https://api.igi.org/viewpdf.php?r=781626007,
742-326,White,D,Round,0.53,Under 1ct,VVS2,IDEAL,EX,EX,5.2 X 5.22 X 3.2,61.3,58,1,IGI,784673104,https://api.igi.org/viewpdf.php?r=784673104,
756-150,Fancy Colour,Fancy Vivid Pink,Pear,1,1.00–1.99ct,VS1,,EX,EX,9.23 X 5.5 X 3.44,62.5,58,1.68,IGI,813658014,https://api.igi.org/viewpdf.php?r=813658014,
741-337,White,D,Round,0.53,Under 1ct,VVS1,IDEAL,EX,EX,5.22 X 5.27 X 3.2,61.2,56,0.99,IGI,781626008,https://api.igi.org/viewpdf.php?r=781626008,
748-15,White,D,Round,0.52,Under 1ct,VVS2,IDEAL,EX,EX,5.13 X 5.16 X 3.2,62.3,58,0.99,IGI,790622050,https://api.igi.org/viewpdf.php?r=790622050,
732-247,White,D,Round,0.52,Under 1ct,VVS2,IDEAL,EX,EX,5.18 X 5.23 X 3.16,60.6,57,0.99,IGI,760590806,https://api.igi.org/viewpdf.php?r=760590806,
744-516,Fancy Colour,Fancy Vivid Pink,Oval,1,1.00–1.99ct,VVS2,,VG,EX,8.25 X 5.81 X 3.29,56.6,67,1.42,IGI,815671288,https://api.igi.org/viewpdf.php?r=815671288,
752-77,White,F,Round,0.52,Under 1ct,VVS2,EX,EX,EX,5.26 X 5.29 X 3.08,58.4,60,0.99,IGI,803617808,https://api.igi.org/viewpdf.php?r=803617808,
746-437,Fancy Colour,Fancy Intense Pink,Round,1,1.00–1.99ct,VS2,EX,EX,EX,6.42 X 6.47 X 3.86,59.8,60,0.99,IGI,802623610,https://api.igi.org/viewpdf.php?r=802623610,
758-270,White,D,Round,0.52,Under 1ct,VVS2,IDEAL,EX,EX,5.21 X 5.24 X 3.17,60.7,57,0.99,IGI,817605853,https://api.igi.org/viewpdf.php?r=817605853,
745-37,Fancy Colour,Fancy Pink,Round,1,1.00–1.99ct,VS2,IDEAL,EX,EX,6.46 X 6.5 X 3.92,60.4,58,0.99,IGI,792648549,https://api.igi.org/viewpdf.php?r=792648549,
735-554,White,D,Round,0.52,Under 1ct,VVS2,IDEAL,EX,EX,5.18 X 5.21 X 3.15,60.6,58,0.99,IGI,771661482,https://api.igi.org/viewpdf.php?r=771661482,
734-355,White,D,Round,0.52,Under 1ct,VVS2,IDEAL,EX,EX,5.19 X 5.2 X 3.17,61,58,1,IGI,764652811,https://api.igi.org/viewpdf.php?r=764652811,
733-145,White,D,Round,0.52,Under 1ct,VVS2,IDEAL,EX,EX,5.21 X 5.23 X 3.17,60.8,58,1,IGI,769654747,https://api.igi.org/viewpdf.php?r=769654747,
745-179,Fancy Colour,Fancy Pink,Round,1,1.00–1.99ct,VS1,IDEAL,EX,EX,6.42 X 6.45 X 3.94,61.2,58,1,IGI,792648548,https://api.igi.org/viewpdf.php?r=792648548,
751-15,Fancy Colour,Fancy Vivid Blue,Round,1,1.00–1.99ct,VVS2,EX,EX,EX,6.35 X 6.39 X 3.91,61.4,58,0.99,IGI,815671290,https://api.igi.org/viewpdf.php?r=815671290,
758-162,White,D,Round,0.52,Under 1ct,VS1,EX,EX,EX,5.2 X 5.22 X 3.13,60.1,61,1,IGI,817605850,https://api.igi.org/viewpdf.php?r=817605850,
748-140,Fancy Colour,Fancy Intense Pink,Round,1,1.00–1.99ct,VS2,EX,EX,EX,6.46 X 6.48 X 3.89,60.1,59,1,IGI,802623575,https://api.igi.org/viewpdf.php?r=802623575,
739-8,Fancy Colour,Fancy Intense Pink,Round,1,1.00–1.99ct,VS2,EX,EX,EX,6.34 X 6.41 X 3.93,61.8,59,0.99,IGI,786622402,https://api.igi.org/viewpdf.php?r=786622402,
752-12,Fancy Colour,Fancy Intense Pink,Round,1,1.00–1.99ct,VS1,IDEAL,EX,EX,6.48 X 6.51 X 3.88,59.7,59,1,IGI,815671289,https://api.igi.org/viewpdf.php?r=815671289,
745-46,Fancy Colour,Fancy Vivid Pink,Oval,1,1.00–1.99ct,VS2,,EX,EX,8 X 5.71 X 3.41,59.7,63,1.4,IGI,802623572,https://api.igi.org/viewpdf.php?r=802623572,
756-200,Fancy Colour,Fancy Pink,Round,1,1.00–1.99ct,VVS2,IDEAL,EX,EX,6.47 X 6.5 X 3.91,60.2,60,1,IGI,813658000,https://api.igi.org/viewpdf.php?r=813658000,
733-438,White,D,Round,0.52,Under 1ct,VVS2,IDEAL,EX,EX,5.19 X 5.2 X 3.16,60.8,58,1,IGI,764652808,https://api.igi.org/viewpdf.php?r=764652808,
733-243,White,D,Round,0.52,Under 1ct,VVS2,IDEAL,EX,EX,5.17 X 5.21 X 3.17,61,59,0.99,IGI,760590815,https://api.igi.org/viewpdf.php?r=760590815,
759-460,White,D,Round,0.52,Under 1ct,VS1,IDEAL,EX,EX,5.16 X 5.19 X 3.18,61.6,57,0.99,IGI,819696686,https://api.igi.org/viewpdf.php?r=819696686,
739-33,White,E,Round,0.52,Under 1ct,VVS1,IDEAL,EX,EX,5.18 X 5.21 X 3.2,61.6,58,0.99,IGI,781626022,https://api.igi.org/viewpdf.php?r=781626022,
761-198,White,E,Round,0.52,Under 1ct,VVS2,IDEAL,EX,EX,5.16 X 5.2 X 3.17,61.3,59,0.99,IGI,823699712,https://api.igi.org/viewpdf.php?r=823699712,
755-54,Fancy Colour,Fancy Vivid Pink,Oval,1,1.00–1.99ct,VS1,,VG,VG,8.42 X 5.64 X 3.34,59.2,62,1.49,IGI,813658001,https://api.igi.org/viewpdf.php?r=813658001,
746-1069,Fancy Colour,Fancy Intense Pink,Round,1,1.00–1.99ct,VS2,IDEAL,EX,EX,6.5 X 6.53 X 3.85,59.1,59,1,IGI,792648546,https://api.igi.org/viewpdf.php?r=792648546,
758-612,White,D,Round,0.52,Under 1ct,VVS1,EX,EX,EX,5.18 X 5.23 X 3.14,60.2,58,0.99,IGI,817605855,https://api.igi.org/viewpdf.php?r=817605855,
739-243,White,D,Round,0.52,Under 1ct,VVS1,IDEAL,EX,EX,5.2 X 5.22 X 3.14,60.2,59,1,IGI,782627611,https://api.igi.org/viewpdf.php?r=782627611,
744-34,White,D,Round,0.52,Under 1ct,VVS2,IDEAL,EX,EX,5.17 X 5.2 X 3.16,61,58,0.99,IGI,803617809,https://api.igi.org/viewpdf.php?r=803617809,
746-439,Fancy Colour,Fancy Pink,Round,1,1.00–1.99ct,VS1,IDEAL,EX,EX,6.45 X 6.48 X 3.9,60.3,56,1,IGI,792648481,https://api.igi.org/viewpdf.php?r=792648481,
743-116,Fancy Colour,Fancy Deep Orange,Round,1,1.00–1.99ct,VS1,EX,EX,VG,6.44 X 6.49 X 3.9,60.2,59,0.99,IGI,798602656,https://api.igi.org/viewpdf.php?r=798602656,
745-143,Fancy Colour,Fancy Pink,Round,1,1.00–1.99ct,VVS2,EX,EX,EX,6.48 X 6.52 X 3.88,59.7,55,0.99,IGI,792648545,https://api.igi.org/viewpdf.php?r=792648545,
742-82,White,D,Round,0.52,Under 1ct,VVS2,IDEAL,EX,EX,5.2 X 5.23 X 3.16,60.5,59,0.99,IGI,781626024,https://api.igi.org/viewpdf.php?r=781626024,
741-186,White,D,Round,0.52,Under 1ct,VVS1,IDEAL,EX,EX,5.14 X 5.15 X 3.2,62.2,59,1,IGI,782627610,https://api.igi.org/viewpdf.php?r=782627610,
743-509,White,D,Round,0.52,Under 1ct,VVS1,IDEAL,EX,EX,5.17 X 5.19 X 3.17,61.1,57,1,IGI,782690499,https://api.igi.org/viewpdf.php?r=782690499,
733-305,White,D,Round,0.52,Under 1ct,VVS2,IDEAL,EX,EX,5.16 X 5.17 X 3.19,61.8,57,1,IGI,764608716,https://api.igi.org/viewpdf.php?r=764608716,
734-410,White,D,Round,0.52,Under 1ct,VVS2,IDEAL,EX,EX,5.21 X 5.22 X 3.16,60.6,59,1,IGI,764652812,https://api.igi.org/viewpdf.php?r=764652812,
745-12,Fancy Colour,Fancy Pink,Round,1,1.00–1.99ct,VS1,IDEAL,EX,EX,6.46 X 6.49 X 3.91,60.4,59,1,IGI,792648547,https://api.igi.org/viewpdf.php?r=792648547,
743-351,White,D,Round,0.52,Under 1ct,VVS2,IDEAL,EX,EX,5.21 X 5.23 X 3.16,60.5,57,1,IGI,784673123,https://api.igi.org/viewpdf.php?r=784673123,
755-210,Fancy Colour,Fancy Pink,Round,1,1.00–1.99ct,VS2,IDEAL,EX,EX,6.37 X 6.41 X 3.99,62.5,56,0.99,IGI,813658004,https://api.igi.org/viewpdf.php?r=813658004,
738-72,White,D,Round,0.52,Under 1ct,VVS2,IDEAL,EX,EX,5.17 X 5.19 X 3.16,61.1,59,1,IGI,781626021,https://api.igi.org/viewpdf.php?r=781626021,
755-272,Fancy Colour,Fancy Pink,Round,1,1.00–1.99ct,VS2,IDEAL,EX,EX,6.47 X 6.5 X 3.88,59.8,59,1,IGI,813658016,https://api.igi.org/viewpdf.php?r=813658016,
738-735,Fancy Colour,Fancy Intense Pink,Round,1,1.00–1.99ct,VS1,IDEAL,EX,EX,6.36 X 6.4 X 3.95,61.9,59,0.99,IGI,780643446,https://api.igi.org/viewpdf.php?r=780643446,
755-199,Fancy Colour,Fancy Intense Pink,Round,1,1.00–1.99ct,VS2,VG,EX,EX,6.54 X 6.6 X 3.77,57.4,65,0.99,IGI,813658010,https://api.igi.org/viewpdf.php?r=813658010,
749-135,White,D,Round,0.52,Under 1ct,VVS2,IDEAL,EX,EX,5.17 X 5.19 X 3.16,61,59,1,IGI,790622049,https://api.igi.org/viewpdf.php?r=790622049,
760-177,White,E,Round,0.52,Under 1ct,VVS2,IDEAL,EX,EX,5.15 X 5.19 X 3.22,62.2,58,0.99,IGI,823699745,https://api.igi.org/viewpdf.php?r=823699745,
755-197,Fancy Colour,Fancy Vivid Pink,Pear,1,1.00–1.99ct,VS2,,EX,EX,9.16 X 5.49 X 3.44,62.7,61,1.67,IGI,818696519,https://api.igi.org/viewpdf.php?r=818696519,
744-46,White,F,Round,0.52,Under 1ct,VVS2,IDEAL,EX,EX,5.2 X 5.23 X 3.14,60.1,57,0.99,IGI,795654441,https://api.igi.org/viewpdf.php?r=795654441,
743-277,White,F,Round,0.52,Under 1ct,VVS1,EX,EX,EX,5.25 X 5.28 X 3.11,59,60,0.99,IGI,784673118,https://api.igi.org/viewpdf.php?r=784673118,
744-828,White,D,Round,0.52,Under 1ct,VVS2,IDEAL,EX,EX,5.21 X 5.23 X 3.12,59.7,58,1,IGI,803617815,https://api.igi.org/viewpdf.php?r=803617815,
740-406,White,D,Round,0.52,Under 1ct,VVS1,IDEAL,EX,EX,5.26 X 5.28 X 3.08,58.5,59,1,IGI,782690496,https://api.igi.org/viewpdf.php?r=782690496,
739-748,Fancy Colour,Fancy Intense Pink,Round,1,1.00–1.99ct,VS1,IDEAL,EX,EX,6.45 X 6.49 X 3.89,60,59,0.99,IGI,818696506,https://api.igi.org/viewpdf.php?r=818696506,
736-813,White,D,Round,0.52,Under 1ct,VVS2,IDEAL,EX,EX,5.14 X 5.16 X 3.19,62,57,1,IGI,774639171,https://api.igi.org/viewpdf.php?r=774639171,
760-153,White,D,Round,0.51,Under 1ct,VS2,IDEAL,EX,EX,5.21 X 5.23 X 3.1,59.4,59,1,IGI,823699721,https://api.igi.org/viewpdf.php?r=823699721,
736-112,White,D,Round,0.51,Under 1ct,VVS2,IDEAL,EX,EX,5.22 X 5.24 X 3.11,59.6,60,1,IGI,771661461,https://api.igi.org/viewpdf.php?r=771661461,
744-100,Fancy Colour,Fancy Intense Pink,Oval,1,1.00–1.99ct,VS1,,EX,VG,8.11 X 5.62 X 3.47,61.7,59,1.44,IGI,815671292,https://api.igi.org/viewpdf.php?r=815671292,
745-48,Fancy Colour,Fancy Pink,Round,1,1.00–1.99ct,VVS2,IDEAL,EX,EX,6.46 X 6.5 X 3.9,60.2,60,0.99,IGI,795647987,https://api.igi.org/viewpdf.php?r=795647987,
742-169,White,E,Round,0.51,Under 1ct,VVS1,IDEAL,EX,EX,5.12 X 5.15 X 3.12,60.7,59,0.99,IGI,784678136,https://api.igi.org/viewpdf.php?r=784678136,
733-459,White,D,Round,0.51,Under 1ct,VVS2,IDEAL,EX,EX,5.17 X 5.19 X 3.11,60.1,60,1,IGI,771661464,https://api.igi.org/viewpdf.php?r=771661464,
741-373,White,D,Round,0.51,Under 1ct,VVS2,IDEAL,EX,EX,5.13 X 5.16 X 3.15,61.2,59,0.99,IGI,781626019,https://api.igi.org/viewpdf.php?r=781626019,
737-93,White,D,Round,0.51,Under 1ct,VVS2,IDEAL,EX,EX,5.1 X 5.12 X 3.16,61.8,57,1,IGI,774639210,https://api.igi.org/viewpdf.php?r=774639210,
754-19R,Fancy Colour,Fancy Intense Pink,Round,1,1.00–1.99ct,VS1,EX,EX,EX,6.37 X 6.43 X 3.95,61.8,59,0.99,IGI,LG802623591,https://api.igi.org/viewpdf.php?r=LG802623591,
759-732,White,D,Round,0.51,Under 1ct,VS2,IDEAL,EX,EX,5.18 X 5.22 X 3.09,59.5,57,0.99,IGI,823699727,https://api.igi.org/viewpdf.php?r=823699727,
759-721,White,D,Round,0.51,Under 1ct,VS1,IDEAL,EX,EX,5.16 X 5.21 X 3.16,60.9,56,0.99,IGI,823699736,https://api.igi.org/viewpdf.php?r=823699736,
740-408,White,D,Round,0.51,Under 1ct,VVS2,IDEAL,EX,EX,5.18 X 5.2 X 3.12,60.1,58,1,IGI,780643069,https://api.igi.org/viewpdf.php?r=780643069,
746-1028,Fancy Colour,Fancy Pink,Round,1,1.00–1.99ct,VS2,IDEAL,EX,EX,6.34 X 6.4 X 3.96,62,58,0.99,IGI,795648068,https://api.igi.org/viewpdf.php?r=795648068,
742-72,White,D,Round,0.51,Under 1ct,VVS2,IDEAL,EX,EX,5.13 X 5.14 X 3.19,62,57,1,IGI,780643074,https://api.igi.org/viewpdf.php?r=780643074,
739-80,White,E,Round,0.51,Under 1ct,VVS1,IDEAL,EX,EX,5.2 X 5.22 X 3.15,60.5,58,1,IGI,782690498,https://api.igi.org/viewpdf.php?r=782690498,
752-221,White,E,Round,0.51,Under 1ct,VVS1,EX,EX,EX,5.14 X 5.17 X 3.09,59.9,61,0.99,IGI,803617792,https://api.igi.org/viewpdf.php?r=803617792,
736-119,White,D,Round,0.51,Under 1ct,VVS2,IDEAL,EX,EX,5.22 X 5.25 X 3.13,59.8,59,0.99,IGI,771661462,https://api.igi.org/viewpdf.php?r=771661462,
750-240,Fancy Colour,Fancy Intense Pink,Round,1,1.00–1.99ct,VS2,EX,EX,EX,6.4 X 6.45 X 3.95,61.4,58,0.99,IGI,802623611,https://api.igi.org/viewpdf.php?r=802623611,
734-443,White,D,Round,0.51,Under 1ct,VVS2,IDEAL,EX,EX,5.13 X 5.18 X 3.14,60.9,58,0.99,IGI,771661457,https://api.igi.org/viewpdf.php?r=771661457,
758-245,White,D,Round,0.51,Under 1ct,VVS2,IDEAL,EX,EX,5.19 X 5.22 X 3.14,60.3,56,0.99,IGI,817682160,https://api.igi.org/viewpdf.php?r=817682160,
742-35,White,E,Round,0.51,Under 1ct,VVS2,IDEAL,EX,EX,5.19 X 5.22 X 3.1,59.5,59,0.99,IGI,784673121,https://api.igi.org/viewpdf.php?r=784673121,
738-676,White,D,Round,0.51,Under 1ct,VVS2,IDEAL,EX,EX,5.18 X 5.22 X 3.1,59.5,59,0.99,IGI,779665092,https://api.igi.org/viewpdf.php?r=779665092,
741-478,Fancy Colour,Fancy Light Pink,Round,1,1.00–1.99ct,VS1,IDEAL,EX,EX,6.4 X 6.42 X 3.93,61.3,59,1,IGI,790622477,https://api.igi.org/viewpdf.php?r=790622477,
731-175,White,F,Round,0.51,Under 1ct,VVS2,EX,EX,EX,5.24 X 5.3 X 3.1,58.9,56,0.99,IGI,769654734,https://api.igi.org/viewpdf.php?r=769654734,
734-388,White,D,Round,0.51,Under 1ct,VVS2,IDEAL,EX,EX,5.21 X 5.24 X 3.06,58.7,59,0.99,IGI,769654750,https://api.igi.org/viewpdf.php?r=769654750,
740-436,White,D,Round,0.51,Under 1ct,VVS2,EX,EX,EX,5.18 X 5.22 X 3.11,59.7,60,0.99,IGI,782690497,https://api.igi.org/viewpdf.php?r=782690497,
738-78,White,D,Round,0.51,Under 1ct,VVS2,IDEAL,EX,EX,5.18 X 5.2 X 3.13,60.4,57,1,IGI,780643055,https://api.igi.org/viewpdf.php?r=780643055,
761-487,White,D,Round,0.5,Under 1ct,VS1,IDEAL,EX,EX,5.11 X 5.18 X 3.17,61.6,53,0.99,IGI,823699724,https://api.igi.org/viewpdf.php?r=823699724,
759-155,White,D,Round,0.5,Under 1ct,VS1,IDEAL,EX,EX,5.17 X 5.22 X 3.11,59.8,58,0.99,IGI,823699733,https://api.igi.org/viewpdf.php?r=823699733,
745-18,Fancy Colour,Fancy Pink,Round,1,1.00–1.99ct,VS1,IDEAL,EX,EX,6.44 X 6.5 X 3.94,60.8,57,0.99,IGI,795648045,https://api.igi.org/viewpdf.php?r=795648045,
R-4A,Fancy Colour,Fancy Intense Pink,Pear Rose Cut,0.99,Under 1ct,VVS2,,VG,VG,9.94 X 6.33 X 2.31,36.5,64,1.57,IGI,802623453,https://api.igi.org/viewpdf.php?r=802623453,
738-84,White,D,Round,0.49,Under 1ct,VVS2,IDEAL,EX,EX,5.03 X 5.06 X 3.14,62.2,57,0.99,IGI,781625988,https://api.igi.org/viewpdf.php?r=781625988,
739-66,White,E,Round,0.49,Under 1ct,VVS2,IDEAL,EX,EX,5.09 X 5.12 X 3.11,60.9,57,0.99,IGI,784678139,https://api.igi.org/viewpdf.php?r=784678139,
736-506,White,D,Round,0.49,Under 1ct,VS1,IDEAL,EX,EX,5.11 X 5.17 X 3.08,59.9,58,0.99,IGI,774639202,https://api.igi.org/viewpdf.php?r=774639202,
740-581,White,E,Round,0.49,Under 1ct,VVS2,IDEAL,EX,EX,5.05 X 5.07 X 3.14,61.9,57,1,IGI,779665081,https://api.igi.org/viewpdf.php?r=779665081,
733-279,White,D,Round,0.48,Under 1ct,VS1,EX,EX,EX,5.16 X 5.18 X 3,58.1,60,1,IGI,769654787,https://api.igi.org/viewpdf.php?r=769654787,
736-752,White,D,Round,0.48,Under 1ct,VS1,IDEAL,EX,EX,5.06 X 5.09 X 3.07,60.6,57,0.99,IGI,774639201,https://api.igi.org/viewpdf.php?r=774639201,
736-386,White,D,Round,0.48,Under 1ct,VS1,IDEAL,EX,EX,5.01 X 5.04 X 3.12,62,58,0.99,IGI,776697806,https://api.igi.org/viewpdf.php?r=776697806,
753-569,White,D,Round,0.48,Under 1ct,VVS2,EX,EX,EX,5.08 X 5.11 X 3.04,59.7,61,0.99,IGI,795654414,https://api.igi.org/viewpdf.php?r=795654414,
740-79,White,D,Round,0.48,Under 1ct,VVS2,EX,EX,EX,5.08 X 5.13 X 3.08,60.4,57,0.99,IGI,780643109,https://api.igi.org/viewpdf.php?r=780643109,
BR-5B,Fancy Colour,Fancy Vivid Blue,Round,0.94,Under 1ct,VS1,EX,EX,EX,6.38 X 6.43 X 3.75,58.5,62,0.99,IGI,760590880,https://api.igi.org/viewpdf.php?r=760590880,
731-390,White,D,Round,0.48,Under 1ct,VS1,EX,EX,EX,5.12 X 5.16 X 3,58.4,59,0.99,IGI,764608742,https://api.igi.org/viewpdf.php?r=764608742,
759-689,White,D,Round,0.48,Under 1ct,VS1,IDEAL,EX,EX,5.15 X 5.18 X 3.03,58.7,59,0.99,IGI,823699730,https://api.igi.org/viewpdf.php?r=823699730,
691-1856,White,D,Round,0.48,Under 1ct,VS1,IDEAL,EX,EX,5.04 X 5.08 X 3.07,60.8,60,0.99,IGI,671414675,https://api.igi.org/viewpdf.php?r=671414675,
703-496R,Fancy Colour,Fancy Intense Pink,Round,0.94,Under 1ct,VS1,IDEAL,EX,EX,6.27 X 6.31 X 3.87,61.5,59,0.99,IGI,720578925,https://api.igi.org/viewpdf.php?r=720578925,
733-389,White,D,Round,0.48,Under 1ct,VS1,IDEAL,EX,EX,5.09 X 5.13 X 3.07,60.1,60,0.99,IGI,774639212,https://api.igi.org/viewpdf.php?r=774639212,
732-56,White,D,Round,0.48,Under 1ct,VS1,IDEAL,EX,EX,5.08 X 5.1 X 3.03,59.5,58,1,IGI,769654783,https://api.igi.org/viewpdf.php?r=769654783,
744-61,White,D,Round,0.47,Under 1ct,VVS2,IDEAL,EX,EX,5.03 X 5.05 X 3.04,60.4,59,1,IGI,803617769,https://api.igi.org/viewpdf.php?r=803617769,
731-174,White,E,Round,0.47,Under 1ct,VS1,EX,EX,EX,4.93 X 4.99 X 3.13,63,56,0.99,IGI,769654792,https://api.igi.org/viewpdf.php?r=769654792,
710-308,White,E,Round,0.47,Under 1ct,VS2,IDEAL,EX,EX,4.95 X 5 X 3.09,62.2,56,0.99,IGI,724586910,https://api.igi.org/viewpdf.php?r=724586910,
732-67,White,D,Round,0.47,Under 1ct,VS1,IDEAL,EX,EX,5 X 5.04 X 3.09,61.7,58,0.99,IGI,769654782,https://api.igi.org/viewpdf.php?r=769654782,
709-226,White,D,Round,0.47,Under 1ct,VS1,IDEAL,EX,EX,5.05 X 5.07 X 3.05,60.4,57,1,IGI,724587910,https://api.igi.org/viewpdf.php?r=724587910,
696-1039,White,D,Round,0.47,Under 1ct,VS1,IDEAL,EX,EX,4.99 X 5.03 X 3.04,60.7,59,0.99,IGI,702534946,https://api.igi.org/viewpdf.php?r=702534946,
701-1245,White,D,Round,0.47,Under 1ct,VS1,IDEAL,EX,EX,4.98 X 5.03 X 3.05,61,57,0.99,IGI,685502794,https://api.igi.org/viewpdf.php?r=685502794,
731-972,White,D,Round,0.47,Under 1ct,VS1,EX,EX,EX,5.09 X 5.13 X 2.98,58.4,59,0.99,IGI,769654793,https://api.igi.org/viewpdf.php?r=769654793,
758-733,White,D,Round,0.47,Under 1ct,VVS2,EX,EX,EX,5.1 X 5.14 X 3.02,59.1,58,0.99,IGI,817682163,https://api.igi.org/viewpdf.php?r=817682163,
691-1810,White,D,Round,0.47,Under 1ct,VS1,IDEAL,EX,EX,4.98 X 5.01 X 3.1,62,58,0.99,IGI,675544011,https://api.igi.org/viewpdf.php?r=675544011,
709-185,White,D,Round,0.47,Under 1ct,VS1,IDEAL,EX,EX,5.07 X 5.11 X 3.02,59.4,58,0.99,IGI,723589877,https://api.igi.org/viewpdf.php?r=723589877,
711-818,White,D,Round,0.47,Under 1ct,VVS2,IDEAL,EX,EX,5.1 X 5.12 X 3.01,58.8,58,1,IGI,731531438,https://api.igi.org/viewpdf.php?r=731531438,
732-509,White,E,Round,0.46,Under 1ct,VVS1,IDEAL,EX,EX,5.01 X 5.03 X 3.02,60.1,58,1,IGI,769654786,https://api.igi.org/viewpdf.php?r=769654786,
R-1,Fancy Colour,Fancy Intense Pink,Pear Rose Cut,0.9,Under 1ct,VVS2,,VG,VG,10.04 X 6.41 X 1.92,30,53,1.57,IGI,802623509,https://api.igi.org/viewpdf.php?r=802623509,
694-985,Fancy Colour,Fancy Pink,Round,0.9,Under 1ct,VS2,EX,EX,EX,6.25 X 6.28 X 3.72,59.5,60,1,IGI,720576519,https://api.igi.org/viewpdf.php?r=720576519,
758-258,White,D,Round,0.46,Under 1ct,VS1,IDEAL,EX,EX,4.94 X 4.98 X 3.06,61.7,57,0.99,IGI,817682168,https://api.igi.org/viewpdf.php?r=817682168,
736-327,White,D,Round,0.46,Under 1ct,VVS2,IDEAL,EX,EX,4.97 X 4.99 X 3.04,61.1,58,1,IGI,780643111,https://api.igi.org/viewpdf.php?r=780643111,
735-289,White,D,Round,0.46,Under 1ct,VVS1,EX,EX,EX,5.1 X 5.12 X 3,58.6,59,1,IGI,771661467,https://api.igi.org/viewpdf.php?r=771661467,
737-776,White,D,Round,0.46,Under 1ct,VVS1,IDEAL,EX,EX,4.99 X 5.02 X 3.03,60.6,58,0.99,IGI,780643106,https://api.igi.org/viewpdf.php?r=780643106,
736-138,White,E,Round,0.45,Under 1ct,VVS2,IDEAL,EX,EX,4.95 X 5 X 3.02,60.6,57,0.99,IGI,776697805,https://api.igi.org/viewpdf.php?r=776697805,
731-1466,White,E,Round,0.43,Under 1ct,VVS2,IDEAL,EX,EX,4.91 X 4.93 X 2.97,60.3,59,1,IGI,769654794,https://api.igi.org/viewpdf.php?r=769654794,
737-131,White,D,Round,0.43,Under 1ct,VVS2,IDEAL,EX,EX,4.89 X 4.93 X 2.98,60.7,56,0.99,IGI,781625987,https://api.igi.org/viewpdf.php?r=781625987,
PF-2,Fancy Colour,Fancy Vivid Pink,Emerald,0.88,Under 1ct,VS2,,VG,VG,6.57 X 4.59 X 2.87,62.5,70,1.43,IGI,760590866,https://api.igi.org/viewpdf.php?r=760590866,
732-1115,White,D,Round,0.43,Under 1ct,VVS1,EX,EX,EX,4.96 X 5 X 2.94,59,57,0.99,IGI,771661471,https://api.igi.org/viewpdf.php?r=771661471,
736-122,White,D,Round,0.41,Under 1ct,VVS1,IDEAL,EX,EX,4.78 X 4.81 X 2.96,61.7,58,0.99,IGI,774639213,https://api.igi.org/viewpdf.php?r=774639213,
759-53,White,F,Rectangular Cushion,5.03,5.00–9.99ct,VS1,,EX,EX,12.65 X 8.37 X 5.21,62.2,65,1.51,IGI,821689390,https://api.igi.org/viewpdf.php?r=821689390,
738-573,Fancy Colour,Fancy Intense Pink,Oval,0.87,Under 1ct,VS1,,EX,EX,8.14 X 5.39 X 3.19,59.2,63,1.51,IGI,792643372,https://api.igi.org/viewpdf.php?r=792643372,
758-12,White,F,Radiant,15.05,10ct +,VS1,,EX,EX,17.98 X 12.16 X 7.84,64.5,70,1.48,IGI,818611981,https://api.igi.org/viewpdf.php?r=818611981,
744-74,Fancy Colour,Fancy Intense Pink,Round,0.86,Under 1ct,VVS2,IDEAL,VG,VG,6.12 X 6.15 X 3.71,60.5,56,1,IGI,802623454,https://api.igi.org/viewpdf.php?r=802623454,
758-17,White,F,Radiant,15.04,10ct +,VVS2,,EX,EX,17.62 X 12.17 X 8.08,66.4,67,1.45,IGI,818611982,https://api.igi.org/viewpdf.php?r=818611982,
758-41,White,F,Radiant,15.04,10ct +,VVS2,,EX,EX,18.02 X 12.17 X 7.94,65.2,65,1.48,IGI,821689385,https://api.igi.org/viewpdf.php?r=821689385,
758-44,White,F,Radiant,14.96,10ct +,VVS2,,EX,EX,17.1 X 11.92 X 8.12,68.1,66,1.43,IGI,824615703,https://api.igi.org/viewpdf.php?r=824615703,
758-38,White,F,Radiant,14.51,10ct +,VVS2,,EX,EX,17.63 X 12.23 X 7.9,64.6,66,1.44,IGI,818611977,https://api.igi.org/viewpdf.php?r=818611977,
758-1,White,F,Radiant,14.45,10ct +,VS1,,EX,EX,17.17 X 12.29 X 7.76,63.1,63,1.4,IGI,823643377,https://api.igi.org/viewpdf.php?r=823643377,
758-20,White,F,Radiant,14.04,10ct +,VS1,,EX,EX,17 X 12.08 X 7.82,64.7,64,1.41,IGI,818696520,https://api.igi.org/viewpdf.php?r=818696520,
758-10,White,E,Radiant,14.03,10ct +,VS1,,EX,EX,16.57 X 11.89 X 7.93,66.7,66,1.39,IGI,817675147,https://api.igi.org/viewpdf.php?r=817675147,
758-2,White,F,Radiant,14,10ct +,VS1,,EX,EX,16.31 X 11.72 X 8.11,69.2,68,1.39,IGI,821689386,https://api.igi.org/viewpdf.php?r=821689386,
758-28,White,F,Radiant,13.5,10ct +,VS2,,EX,EX,17.08 X 11.85 X 7.62,64.3,67,1.44,IGI,818611975,https://api.igi.org/viewpdf.php?r=818611975,
746-918,Fancy Colour,Fancy Intense Pink,Round,0.83,Under 1ct,VVS1,EX,EX,EX,6.13 X 6.18 X 3.62,58.7,60,0.99,IGI,819608363,https://api.igi.org/viewpdf.php?r=819608363,
758-23,White,F,Radiant,12.54,10ct +,VVS2,,EX,EX,17.3 X 11.31 X 7.42,65.6,66,1.53,IGI,819696682,https://api.igi.org/viewpdf.php?r=819696682,
758-46,White,F,Radiant,10.53,10ct +,VVS2,,EX,EX,16.03 X 10.28 X 7.13,69.4,64,1.56,IGI,815648717,https://api.igi.org/viewpdf.php?r=815648717,
746-122,Fancy Colour,Fancy Intense Pink,Round,0.83,Under 1ct,VS1,IDEAL,VG,EX,6.04 X 6.07 X 3.73,61.6,58,1,IGI,792654690,https://api.igi.org/viewpdf.php?r=792654690,
758-34,White,F,Radiant,10.06,10ct +,VS1,,EX,EX,15.84 X 10.71 X 6.5,60.7,70,1.48,IGI,818611976,https://api.igi.org/viewpdf.php?r=818611976,
758-29,White,F,Radiant,10.05,10ct +,VVS2,,EX,EX,16.11 X 10.46 X 7.03,67.2,66,1.54,IGI,818611978,https://api.igi.org/viewpdf.php?r=818611978,
758-8,White,F,Radiant,10.05,10ct +,VS1,,EX,EX,15.94 X 10.3 X 6.89,66.9,68,1.55,IGI,815680859,https://api.igi.org/viewpdf.php?r=815680859,
M-100,Fancy Colour,Fancy Vivid Blue,Emerald,0.81,Under 1ct,VS2,,VG,VG,6.63 X 4.48 X 2.77,61.8,67,1.48,IGI,786694074,https://api.igi.org/viewpdf.php?r=786694074,
758-36,White,F,Radiant,10.04,10ct +,VS1,,EX,EX,15.22 X 10.39 X 7.22,69.5,65,1.46,IGI,817605948,https://api.igi.org/viewpdf.php?r=817605948,
756-13,White,F,Radiant,10.04,10ct +,VVS2,,EX,EX,15.92 X 10.87 X 6.77,62.3,66,1.46,IGI,803618195,https://api.igi.org/viewpdf.php?r=803618195,
R-10,Fancy Colour,Fancy Vivid Pink,Round,0.81,Under 1ct,VS1,EX,EX,VG,5.9 X 5.93 X 3.71,62.7,60,0.99,IGI,802623452,https://api.igi.org/viewpdf.php?r=802623452,
717-447,Fancy Colour,Fancy Light Pink,Round,0.8,Under 1ct,VS1,EX,EX,EX,5.89 X 5.91 X 3.71,63,56,1,IGI,795654457,https://api.igi.org/viewpdf.php?r=795654457,
744-95,Fancy Colour,Fancy Intense Pink,Round,0.79,Under 1ct,VVS2,IDEAL,EX,EX,5.93 X 5.98 X 3.66,61.5,57,0.99,IGI,802623508,https://api.igi.org/viewpdf.php?r=802623508,
M-79,Fancy Colour,Fancy Vivid Blue,Emerald,0.76,Under 1ct,VS2,,EX,EX,6.19 X 4.28 X 2.79,65.2,64,1.45,IGI,786694070,https://api.igi.org/viewpdf.php?r=786694070,
M-46,Fancy Colour,Fancy Vivid Blue,Pear,0.76,Under 1ct,VS1,,VG,VG,8.4 X 5.11 X 2.95,57.7,65,1.64,IGI,786694076,https://api.igi.org/viewpdf.php?r=786694076,
M-42,Fancy Colour,Fancy Vivid Blue,Pear,0.75,Under 1ct,VS1,,VG,VG,8.16 X 5.15 X 3.07,59.6,56,1.58,IGI,786694098,https://api.igi.org/viewpdf.php?r=786694098,
M-65,Fancy Colour,Fancy Vivid Blue,Emerald,0.74,Under 1ct,VS1,,VG,VG,6.38 X 4.32 X 2.73,63.2,66,1.48,IGI,786694039,https://api.igi.org/viewpdf.php?r=786694039,
758-753,White,F,Radiant,10.04,10ct +,VS1,,EX,EX,15.85 X 10.71 X 7.16,66.9,59,1.48,IGI,817675149,https://api.igi.org/viewpdf.php?r=817675149,
M-66,Fancy Colour,Fancy Vivid Blue,Emerald,0.73,Under 1ct,VS2,,VG,VG,6.14 X 4.29 X 2.81,65.5,65,1.43,IGI,786694045,https://api.igi.org/viewpdf.php?r=786694045,
758-22,White,F,Radiant,10.04,10ct +,VVS2,,EX,EX,14.93 X 10.64 X 7.29,68.5,62,1.4,IGI,815648714,https://api.igi.org/viewpdf.php?r=815648714,
M-106,Fancy Colour,Fancy Vivid Blue,Emerald,0.73,Under 1ct,VS2,,VG,VG,5.98 X 4.26 X 2.86,67.1,66,1.4,IGI,786694044,https://api.igi.org/viewpdf.php?r=786694044,
694-988,Fancy Colour,Fancy Intense Pink,Round,0.73,Under 1ct,VVS2,IDEAL,EX,EX,5.8 X 5.84 X 3.5,60.2,59,0.99,IGI,694566941,https://api.igi.org/viewpdf.php?r=694566941,
R-18,Fancy Colour,Fancy Intense Pink,Round,0.73,Under 1ct,VS1,F,VG,GD,5.75 X 5.82 X 3.44,59.5,59,0.99,IGI,802623438,https://api.igi.org/viewpdf.php?r=802623438,
745-178,Fancy Colour,Fancy Pink,Round,0.72,Under 1ct,VS1,IDEAL,EX,EX,5.8 X 5.83 X 3.51,60.4,58,0.99,IGI,792643373,https://api.igi.org/viewpdf.php?r=792643373,
758-16,White,F,Radiant,10.03,10ct +,VS1,,EX,EX,15.44 X 10.15 X 7.12,70.1,63,1.52,IGI,818696521,https://api.igi.org/viewpdf.php?r=818696521,
758-199,White,E,Radiant,10.02,10ct +,VS2,,EX,EX,15.75 X 10.53 X 6.93,65.8,67,1.5,IGI,817605947,https://api.igi.org/viewpdf.php?r=817605947,
758-127,White,F,Radiant,10.02,10ct +,VS1,,EX,EX,15.78 X 10.52 X 6.85,65.1,64,1.5,IGI,819696684,https://api.igi.org/viewpdf.php?r=819696684,
M-77,Fancy Colour,Fancy Vivid GREEN Blue,Emerald,0.72,Under 1ct,VS2,,VG,VG,6.29 X 4.31 X 2.64,61.3,67,1.46,IGI,786694040,https://api.igi.org/viewpdf.php?r=786694040,
M-123,Fancy Colour,Fancy Vivid Blue,Emerald,0.72,Under 1ct,VS1,,VG,VG,6.14 X 4.15 X 2.76,66.5,65,1.48,IGI,786694042,https://api.igi.org/viewpdf.php?r=786694042,
758-31,White,F,Radiant,10.01,10ct +,VVS2,,EX,EX,15.1 X 10.77 X 7.15,66.4,67,1.4,IGI,815648728,https://api.igi.org/viewpdf.php?r=815648728,
R-20,Fancy Colour,Fancy Intense Pink,Round,0.72,Under 1ct,VS1,EX,VG,VG,5.79 X 5.83 X 3.48,59.9,61,0.99,IGI,802623439,https://api.igi.org/viewpdf.php?r=802623439,
758-11,White,F,Radiant,10.01,10ct +,VS1,,EX,EX,15.94 X 10.45 X 6.95,66.5,63,1.53,IGI,818611980,https://api.igi.org/viewpdf.php?r=818611980,
758-39,White,F,Radiant,9.55,5.00–9.99ct,VS1,,EX,EX,15.27 X 10.41 X 7.04,67.6,66,1.47,IGI,819696678,https://api.igi.org/viewpdf.php?r=819696678,
758-6,White,F,Radiant,9.53,5.00–9.99ct,VVS2,,EX,EX,15.19 X 10.54 X 7.03,66.7,59,1.44,IGI,817675136,https://api.igi.org/viewpdf.php?r=817675136,
710-76,Fancy Colour,Fancy Intense Pink,Round,0.71,Under 1ct,VS1,IDEAL,EX,EX,5.76 X 5.81 X 3.5,60.5,57,0.99,IGI,739506963,https://api.igi.org/viewpdf.php?r=739506963,
759-18,White,F,Radiant,5.31,5.00–9.99ct,VVS2,,EX,EX,13.14 X 8.69 X 5.42,62.4,61,1.51,IGI,823684200,https://api.igi.org/viewpdf.php?r=823684200,
759-233,White,F,Radiant,5.05,5.00–9.99ct,VVS2,,EX,EX,11.82 X 8.38 X 5.78,69,65,1.41,IGI,817675139,https://api.igi.org/viewpdf.php?r=817675139,
736-1007,Fancy Colour,Fancy Pink,Round,0.71,Under 1ct,VVS2,IDEAL,EX,EX,5.81 X 5.83 X 3.48,59.8,59,1,IGI,795647760,https://api.igi.org/viewpdf.php?r=795647760,
M-107,Fancy Colour,Fancy Vivid Greenish Blue,Emerald,0.71,Under 1ct,VS2,,VG,VG,6.18 X 4.18 X 2.72,65.1,64,1.48,IGI,786694041,https://api.igi.org/viewpdf.php?r=786694041,
706-1067,Fancy Colour,Fancy Pink,Round,0.7,Under 1ct,VS1,IDEAL,VG,EX,5.71 X 5.76 X 3.48,60.7,58,0.99,IGI,720576518,https://api.igi.org/viewpdf.php?r=720576518,
759-84,White,F,Radiant,5.03,5.00–9.99ct,VS1,,EX,EX,12.02 X 8.19 X 5.65,69,67,1.47,IGI,817605942,https://api.igi.org/viewpdf.php?r=817605942,
759-580,White,E,Radiant,5.03,5.00–9.99ct,VVS2,,EX,EX,12.08 X 8.49 X 5.65,66.5,64,1.42,IGI,821689389,https://api.igi.org/viewpdf.php?r=821689389,
744-114,Fancy Colour,Fancy Intense Pink,Round,0.7,Under 1ct,VVS2,IDEAL,EX,EX,5.69 X 5.71 X 3.49,61.2,59,1,IGI,813634411,https://api.igi.org/viewpdf.php?r=813634411,
759-8,White,F,Radiant,5.02,5.00–9.99ct,VS1,,EX,EX,12.54 X 8.39 X 5.27,62.8,62,1.49,IGI,823643375,https://api.igi.org/viewpdf.php?r=823643375,
M-68,Fancy Colour,Fancy Vivid Blue,Emerald,0.7,Under 1ct,VS2,,VG,VG,6.06 X 4.19 X 2.78,66.3,63,1.45,IGI,786694118,https://api.igi.org/viewpdf.php?r=786694118,
756-122,White,F,Radiant,4.58,3.00–4.99ct,VVS2,,EX,EX,12.01 X 8.24 X 5.47,66.4,65,1.46,IGI,803618183,https://api.igi.org/viewpdf.php?r=803618183,
735-94,White,E,Radiant,2.82,2.00–2.99ct,VVS1,,EX,EX,9.53 X 6.68 X 4.72,70.7,63,1.43,IGI,771661605,https://api.igi.org/viewpdf.php?r=771661605,
759-10,White,F,Radiant,2.49,2.00–2.99ct,VS1,,EX,EX,9.84 X 6.59 X 4.35,66,66,1.49,IGI,823684197,https://api.igi.org/viewpdf.php?r=823684197,
744-938,Fancy Colour,Fancy Intense Pink,Round,0.68,Under 1ct,VVS2,IDEAL,EX,EX,5.64 X 5.69 X 3.42,60.4,59,0.99,IGI,813634410,https://api.igi.org/viewpdf.php?r=813634410,
761-51,White,F,Radiant,2.06,2.00–2.99ct,VVS2,,EX,EX,9.12 X 6.11 X 4.18,68.4,59,1.49,IGI,823684184,https://api.igi.org/viewpdf.php?r=823684184,
760-542,White,F,Radiant,2.05,2.00–2.99ct,VVS2,,VG,EX,8.86 X 6.24 X 4.38,70.2,64,1.42,IGI,823643278,https://api.igi.org/viewpdf.php?r=823643278,
760-228,White,F,Radiant,2.05,2.00–2.99ct,VVS2,,EX,EX,8.67 X 6.25 X 4.26,68.2,60,1.39,IGI,821689363,https://api.igi.org/viewpdf.php?r=821689363,
762-76,White,E,Radiant,2.04,2.00–2.99ct,VVS2,,EX,EX,9.24 X 6.17 X 4.1,66.5,62,1.5,IGI,823684124,https://api.igi.org/viewpdf.php?r=823684124,
762-75,White,D,Radiant,2.04,2.00–2.99ct,VS1,,EX,EX,9.21 X 6.1 X 4.09,67,58,1.51,IGI,824615636,https://api.igi.org/viewpdf.php?r=824615636,
R-29,Fancy Colour,Fancy Intense Pink,Round,0.67,Under 1ct,VS1,VG,VG,VG,5.44 X 5.48 X 3.54,64.8,57,0.99,IGI,802623440,https://api.igi.org/viewpdf.php?r=802623440,
761-48,White,F,Radiant,2.04,2.00–2.99ct,VVS2,,EX,EX,8.96 X 6.38 X 4.14,64.9,65,1.4,IGI,823684142,https://api.igi.org/viewpdf.php?r=823684142,
760-75,White,E,Radiant,2.03,2.00–2.99ct,VS2,,EX,EX,9.31 X 6.12 X 4.13,67.5,66,1.52,IGI,823684187,https://api.igi.org/viewpdf.php?r=823684187,
R-76,Fancy Colour,Fancy Intense Pink,Round,0.66,Under 1ct,VS1,EX,VG,VG,5.55 X 5.57 X 3.41,61.3,60,1,IGI,802623441,https://api.igi.org/viewpdf.php?r=802623441,
M-60,Fancy Colour,Fancy Vivid Blue,Pear,0.65,Under 1ct,VS1,,VG,VG,7.67 X 4.79 X 2.9,60.5,56,1.6,IGI,786694056,https://api.igi.org/viewpdf.php?r=786694056,
R-52,Fancy Colour,Fancy Intense Pink,Round,0.65,Under 1ct,VVS2,GD,VG,VG,5.54 X 5.59 X 3.33,59.9,58,0.99,IGI,802623426,https://api.igi.org/viewpdf.php?r=802623426,
759-483,White,F,Radiant,1.9,1.00–1.99ct,VVS2,,EX,EX,9.15 X 6.2 X 3.91,63.1,62,1.48,IGI,821689342,https://api.igi.org/viewpdf.php?r=821689342,
735-104,White,D,Radiant,1.88,1.00–1.99ct,VVS2,,EX,EX,8.39 X 6.12 X 4.15,67.8,63,1.37,IGI,771661518,https://api.igi.org/viewpdf.php?r=771661518,
M-119,Fancy Colour,Fancy Vivid Blue,Emerald,0.65,Under 1ct,VVS2,,VG,VG,6.06 X 4.1 X 2.63,64.1,70,1.48,IGI,786694055,https://api.igi.org/viewpdf.php?r=786694055,
744-89,Fancy Colour,Fancy Intense Pink,Round,0.65,Under 1ct,VS2,IDEAL,EX,EX,5.58 X 5.63 X 3.39,60.4,58,0.99,IGI,807662791,https://api.igi.org/viewpdf.php?r=807662791,
M-82,Fancy Colour,Fancy Intense Green,Emerald,0.64,Under 1ct,VS2,,VG,VG,6 X 4.14 X 2.59,62.6,65,1.45,IGI,786694075,https://api.igi.org/viewpdf.php?r=786694075,
759-655,White,F,Radiant,1.86,1.00–1.99ct,VS1,,EX,EX,8.91 X 5.84 X 4.04,69.2,62,1.53,IGI,819696594,https://api.igi.org/viewpdf.php?r=819696594,
759-193,White,F,Radiant,1.85,1.00–1.99ct,VVS2,,EX,EX,8.86 X 6.31 X 3.92,62.1,61,1.4,IGI,818611965,https://api.igi.org/viewpdf.php?r=818611965,
M-35,Fancy Colour,Fancy Vivid Blue,Pear,0.64,Under 1ct,VS1,,VG,VG,7.68 X 4.74 X 2.84,59.9,62,1.62,IGI,786694068,https://api.igi.org/viewpdf.php?r=786694068,
M-78,Fancy Colour,Fancy Vivid Blue,Emerald,0.64,Under 1ct,VS1,,EX,EX,6.19 X 4.16 X 2.58,62,68,1.49,IGI,786694122,https://api.igi.org/viewpdf.php?r=786694122,
M-112,Fancy Colour,Fancy Vivid Blue,Emerald,0.64,Under 1ct,VS1,,VG,VG,5.86 X 4.01 X 2.73,68.1,66,1.46,IGI,786694046,https://api.igi.org/viewpdf.php?r=786694046,
755-33,White,F,Radiant,1.84,1.00–1.99ct,VS1,,EX,EX,8.81 X 6.27 X 3.84,61.2,61,1.41,IGI,803618144,https://api.igi.org/viewpdf.php?r=803618144,
735-102,White,D,Radiant,1.84,1.00–1.99ct,VVS1,,EX,EX,8.63 X 5.94 X 4.07,68.5,62,1.45,IGI,771661523,https://api.igi.org/viewpdf.php?r=771661523,
735-558,White,D,Radiant,1.84,1.00–1.99ct,VVS2,,EX,EX,8.37 X 6.12 X 4.32,70.6,67,1.37,IGI,774639261,https://api.igi.org/viewpdf.php?r=774639261,
757-108,Fancy Colour,Fancy Pink,Round,0.63,Under 1ct,VS1,IDEAL,EX,EX,5.5 X 5.53 X 3.38,61.3,58,0.99,IGI,813688973,https://api.igi.org/viewpdf.php?r=813688973,
760-74,White,E,Radiant,1.81,1.00–1.99ct,VS1,,EX,EX,8.43 X 6.04 X 4.12,68.2,64,1.4,IGI,823643303,https://api.igi.org/viewpdf.php?r=823643303,
735-108,White,D,Radiant,1.81,1.00–1.99ct,VVS2,,EX,EX,8.75 X 5.92 X 3.97,67.1,65,1.48,IGI,774639264,https://api.igi.org/viewpdf.php?r=774639264,
735-481,White,D,Radiant,1.71,1.00–1.99ct,VS1,,EX,EX,8.59 X 5.84 X 3.93,67.3,63,1.47,IGI,771661521,https://api.igi.org/viewpdf.php?r=771661521,
M-110,Fancy Colour,Fancy Vivid Blue,Emerald,0.62,Under 1ct,VS2,,VG,VG,5.68 X 4.03 X 2.72,67.5,62,1.41,IGI,786694047,https://api.igi.org/viewpdf.php?r=786694047,
758-675,White,F,Radiant,1.55,1.00–1.99ct,VS1,,EX,EX,8.25 X 5.73 X 3.81,66.5,64,1.44,IGI,816631941,https://api.igi.org/viewpdf.php?r=816631941,
758-412,White,E,Radiant,1.54,1.00–1.99ct,VS1,,EX,EX,8.55 X 5.49 X 3.86,70.3,64,1.56,IGI,819696655,https://api.igi.org/viewpdf.php?r=819696655,
744-677,Fancy Colour,Fancy Vivid Pink,Round,0.62,Under 1ct,VVS2,IDEAL,VG,EX,5.51 X 5.54 X 3.34,60.5,59,0.99,IGI,802623427,https://api.igi.org/viewpdf.php?r=802623427,
760-318,White,F,Radiant,1.54,1.00–1.99ct,VS1,,EX,EX,7.92 X 5.68 X 3.85,67.8,66,1.39,IGI,823684166,https://api.igi.org/viewpdf.php?r=823684166,
M-111,Fancy Colour,Fancy Vivid Blue,Emerald,0.61,Under 1ct,VS1,,VG,VG,5.98 X 3.88 X 2.57,66.2,63,1.54,IGI,786694077,https://api.igi.org/viewpdf.php?r=786694077,
733-109,White,F,Radiant,1.53,1.00–1.99ct,VVS1,,EX,EX,7.66 X 5.8 X 4.02,69.3,65,1.32,IGI,769654827,https://api.igi.org/viewpdf.php?r=769654827,
760-54,White,F,Radiant,1.53,1.00–1.99ct,VS1,,EX,EX,8.28 X 5.52 X 3.91,70.8,64,1.5,IGI,821689347,https://api.igi.org/viewpdf.php?r=821689347,
750-930,Fancy Colour,Fancy Intense Pink,Round,0.61,Under 1ct,VVS2,IDEAL,EX,EX,5.49 X 5.52 X 3.35,60.8,58,0.99,IGI,802623442,https://api.igi.org/viewpdf.php?r=802623442,
755-415,Fancy Colour,Fancy Intense Pink,Round,0.61,Under 1ct,VVS1,IDEAL,EX,EX,5.47 X 5.49 X 3.35,61.1,58,1,IGI,813688972,https://api.igi.org/viewpdf.php?r=813688972,
M-88,Fancy Colour,Fancy Intense Green,Emerald,0.61,Under 1ct,VS1,,EX,EX,5.95 X 4.05 X 2.57,63.5,66,1.47,IGI,786694072,https://api.igi.org/viewpdf.php?r=786694072,
760-810,White,E,Radiant,1.52,1.00–1.99ct,VVS2,,EX,EX,7.97 X 5.56 X 3.79,68.2,65,1.43,IGI,823643258,https://api.igi.org/viewpdf.php?r=823643258,
755-196,Fancy Colour,Fancy Intense Pink,Round,0.61,Under 1ct,VVS2,IDEAL,VG,EX,5.41 X 5.43 X 3.36,62,58,1,IGI,813688968,https://api.igi.org/viewpdf.php?r=813688968,
755-322,Fancy Colour,Fancy Intense Pink,Round,0.61,Under 1ct,VVS2,IDEAL,EX,EX,5.47 X 5.5 X 3.32,60.6,58,0.99,IGI,813688971,https://api.igi.org/viewpdf.php?r=813688971,
752-250,Fancy Colour,Fancy Pink,Round,0.6,Under 1ct,VS1,IDEAL,EX,EX,5.37 X 5.4 X 3.36,62.3,57,0.99,IGI,813634418,https://api.igi.org/viewpdf.php?r=813634418,
761-425,White,F,Radiant,1.52,1.00–1.99ct,VS1,,EX,EX,7.91 X 5.71 X 3.8,66.5,64,1.39,IGI,823684168,https://api.igi.org/viewpdf.php?r=823684168,
M-47,Fancy Colour,Fancy Vivid Blue,Pear,0.59,Under 1ct,VS2,,VG,VG,7.51 X 4.64 X 2.75,59.3,62,1.62,IGI,786694108,https://api.igi.org/viewpdf.php?r=786694108,
758-511,White,D,Radiant,1.5,1.00–1.99ct,VS1,,EX,EX,8.31 X 5.47 X 3.8,69.5,67,1.52,IGI,818696497,https://api.igi.org/viewpdf.php?r=818696497,
759-370,White,F,Radiant,1.5,1.00–1.99ct,VS1,,EX,EX,8.21 X 5.63 X 3.7,65.7,60,1.46,IGI,823643239,https://api.igi.org/viewpdf.php?r=823643239,
PF-17,Fancy Colour,Fancy Vivid Pink,Emerald,0.59,Under 1ct,VS2,,VG,VG,5.92 X 3.98 X 2.55,64.1,70,1.49,IGI,760590858,https://api.igi.org/viewpdf.php?r=760590858,
M-125,Fancy Colour,Fancy Vivid Blue,Emerald,0.59,Under 1ct,VS1,,VG,VG,5.96 X 3.95 X 2.54,64.3,62,1.51,IGI,786694071,https://api.igi.org/viewpdf.php?r=786694071,
759-371,White,E,Radiant,1.42,1.00–1.99ct,VS1,,EX,EX,7.87 X 5.48 X 3.85,70.3,61,1.44,IGI,823684118,https://api.igi.org/viewpdf.php?r=823684118,
PF-19,Fancy Colour,Fancy Intense Pink,Emerald,0.59,Under 1ct,VS1,,VG,VG,5.66 X 3.95 X 2.62,66.3,70,1.43,IGI,760590859,https://api.igi.org/viewpdf.php?r=760590859,
760-112,White,F,Radiant,1.32,1.00–1.99ct,VVS2,,EX,EX,8.11 X 5.36 X 3.5,65.3,58,1.51,IGI,821689335,https://api.igi.org/viewpdf.php?r=821689335,
M-97,Fancy Colour,Fancy Vivid Blue,Emerald,0.58,Under 1ct,VS1,,VG,VG,5.87 X 3.97 X 2.56,64.5,64,1.48,IGI,786694112,https://api.igi.org/viewpdf.php?r=786694112,
758-274,White,D,Radiant,1.23,1.00–1.99ct,VVS2,,EX,EX,7.97 X 5.14 X 3.55,69.1,67,1.55,IGI,816631953,https://api.igi.org/viewpdf.php?r=816631953,
760-568,White,E,Radiant,1.06,1.00–1.99ct,VS1,,EX,EX,7.29 X 5.11 X 3.21,62.8,61,1.43,IGI,823684195,https://api.igi.org/viewpdf.php?r=823684195,
760-770,White,E,Radiant,1.05,1.00–1.99ct,VVS2,,EX,EX,7.31 X 4.95 X 3.44,69.5,66,1.48,IGI,823684134,https://api.igi.org/viewpdf.php?r=823684134,
R-65,Fancy Colour,Fancy Intense Pink,Round,0.58,Under 1ct,VS2,EX,VG,VG,5.27 X 5.34 X 3.27,61.6,60,0.99,IGI,802623444,https://api.igi.org/viewpdf.php?r=802623444,
760-569,White,F,Radiant,1.05,1.00–1.99ct,VS2,,EX,EX,7.35 X 4.88 X 3.42,70.1,63,1.51,IGI,823684194,https://api.igi.org/viewpdf.php?r=823684194,
758-197,White,E,Radiant,1.05,1.00–1.99ct,VVS2,,EX,EX,7.49 X 4.96 X 3.3,66.5,65,1.51,IGI,819696581,https://api.igi.org/viewpdf.php?r=819696581,
M-105,Fancy Colour,Fancy Vivid Blue,Emerald,0.58,Under 1ct,VVS2,,VG,VG,5.74 X 4.03 X 2.55,63.3,65,1.42,IGI,786694110,https://api.igi.org/viewpdf.php?r=786694110,
759-564,White,E,Radiant,1.05,1.00–1.99ct,VVS2,,EX,EX,7.39 X 5.13 X 3.21,62.6,61,1.44,IGI,821689332,https://api.igi.org/viewpdf.php?r=821689332,
M-67,Fancy Colour,Fancy Vivid Blue,Emerald,0.57,Under 1ct,VS2,,VG,VG,5.82 X 3.79 X 2.54,67,74,1.54,IGI,786694111,https://api.igi.org/viewpdf.php?r=786694111,
733-110,White,D,Radiant,1.04,1.00–1.99ct,VVS1,,EX,EX,7.17 X 5.05 X 3.45,68.3,63,1.42,IGI,769654975,https://api.igi.org/viewpdf.php?r=769654975,
762-77,White,D,Radiant,1.03,1.00–1.99ct,VS2,,EX,EX,7.29 X 5.02 X 3.17,63.1,55,1.45,IGI,823684121,https://api.igi.org/viewpdf.php?r=823684121,
759-547,White,E,Radiant,1.03,1.00–1.99ct,VVS2,,EX,EX,7.34 X 5 X 3.14,62.8,61,1.47,IGI,819696586,https://api.igi.org/viewpdf.php?r=819696586,
758-198,White,D,Radiant,1.03,1.00–1.99ct,VVS2,,EX,EX,7.11 X 5.06 X 3.31,65.4,61,1.41,IGI,818696486,https://api.igi.org/viewpdf.php?r=818696486,
758-250,White,D,Radiant,1.02,1.00–1.99ct,VVS2,,EX,EX,7.7 X 4.96 X 3.15,63.5,62,1.55,IGI,817675039,https://api.igi.org/viewpdf.php?r=817675039,
744-112,Fancy Colour,Fancy Intense Pink,Round,0.57,Under 1ct,VS1,IDEAL,EX,EX,5.36 X 5.39 X 3.22,60,58,0.99,IGI,802623446,https://api.igi.org/viewpdf.php?r=802623446,
752-83,Fancy Colour,Fancy Pink,Round,0.57,Under 1ct,VS2,IDEAL,EX,EX,5.3 X 5.32 X 3.27,61.6,57,1,IGI,813634416,https://api.igi.org/viewpdf.php?r=813634416,
759-724,White,D,Radiant,1.02,1.00–1.99ct,VS2,,EX,EX,7.18 X 5.17 X 3.26,63.1,62,1.39,IGI,821689377,https://api.igi.org/viewpdf.php?r=821689377,
757-39,White,E,Radiant,1.01,1.00–1.99ct,SI1,,EX,EX,6.84 X 4.92 X 3.48,70.7,66,1.39,IGI,807660692,https://api.igi.org/viewpdf.php?r=807660692,
752-223,Fancy Colour,Fancy Pink,Round,0.57,Under 1ct,VS1,IDEAL,EX,EX,5.34 X 5.36 X 3.24,60.5,58,1,IGI,813634417,https://api.igi.org/viewpdf.php?r=813634417,
760-449,White,E,Radiant,1,1.00–1.99ct,VS1,,EX,EX,7.07 X 4.81 X 3.4,70.7,64,1.47,IGI,824615663,https://api.igi.org/viewpdf.php?r=824615663,
755-68,White,F,Radiant,0.94,Under 1ct,VVS2,,EX,EX,7.16 X 4.73 X 3.3,69.8,66,1.51,IGI,803617760,https://api.igi.org/viewpdf.php?r=803617760,
M-102,Fancy Colour,Fancy Vivid Blue,Emerald,0.57,Under 1ct,VS1,,VG,VG,5.86 X 3.9 X 2.56,65.6,65,1.5,IGI,786694115,https://api.igi.org/viewpdf.php?r=786694115,
735-356,White,D,Radiant,0.94,Under 1ct,VVS2,,EX,EX,6.94 X 4.7 X 3.39,72.1,67,1.48,IGI,771661481,https://api.igi.org/viewpdf.php?r=771661481,
M-114,Fancy Colour,Fancy Vivid Blue,Emerald,0.57,Under 1ct,VS2,,VG,VG,5.76 X 4.11 X 2.49,60.6,67,1.4,IGI,786694008,https://api.igi.org/viewpdf.php?r=786694008,
734-338,White,D,Radiant,0.93,Under 1ct,VVS2,,EX,EX,6.85 X 4.97 X 3.2,64.4,61,1.38,IGI,776697774,https://api.igi.org/viewpdf.php?r=776697774,
M-122,Fancy Colour,Fancy Vivid Blue,Emerald,0.56,Under 1ct,VS1,,VG,VG,5.5 X 3.81 X 2.59,68,59,1.44,IGI,786694117,https://api.igi.org/viewpdf.php?r=786694117,
756-205,White,E,Radiant,0.86,Under 1ct,VS1,,EX,EX,6.44 X 4.96 X 3.18,64.1,66,1.3,IGI,808628773,https://api.igi.org/viewpdf.php?r=808628773,
M-73,Fancy Colour,Fancy Vivid Blue,Emerald,0.56,Under 1ct,VS1,,VG,VG,5.83 X 4.01 X 2.44,60.8,64,1.45,IGI,786694114,https://api.igi.org/viewpdf.php?r=786694114,
733-29,White,D,Princess,1.25,1.00–1.99ct,VVS1,,EX,EX,5.76 X 5.76 X 4.21,73.1,68,1,IGI,771661584,https://api.igi.org/viewpdf.php?r=771661584,
733-217,White,D,Princess,0.91,Under 1ct,VVS2,,EX,EX,5.38 X 5.22 X 3.56,68.2,65,1.03,IGI,769654790,https://api.igi.org/viewpdf.php?r=769654790,
M-64,Fancy Colour,Fancy Vivid Blue,Emerald,0.56,Under 1ct,VS1,,VG,VG,5.41 X 3.84 X 2.76,71.9,66,1.41,IGI,786694011,https://api.igi.org/viewpdf.php?r=786694011,
734-270,White,D,Princess,0.81,Under 1ct,VVS2,,EX,EX,5.01 X 4.99 X 3.68,73.7,71,1,IGI,795647679,https://api.igi.org/viewpdf.php?r=795647679,
734-112,White,G,Princess,0.79,Under 1ct,VVS1,,VG,VG,4.95 X 4.95 X 3.67,74.1,73,1,IGI,819696715,https://api.igi.org/viewpdf.php?r=819696715,
M-72,Fancy Colour,Fancy Vivid Greenish Blue,Emerald,0.55,Under 1ct,SI1,,EX,VG,5.54 X 3.93 X 2.56,65.1,68,1.41,IGI,786694012,https://api.igi.org/viewpdf.php?r=786694012,
M-91,Fancy Colour,Fancy Vivid Blue,Emerald,0.55,Under 1ct,VS1,,EX,VG,5.54 X 3.92 X 2.56,65.3,66,1.41,IGI,786694015,https://api.igi.org/viewpdf.php?r=786694015,
M-89,Fancy Colour,Fancy Vivid Blue,Emerald,0.55,Under 1ct,VS1,,VG,VG,5.79 X 4.15 X 2.39,57.6,66,1.4,IGI,786694016,https://api.igi.org/viewpdf.php?r=786694016,
M-84,Fancy Colour,Fancy Vivid Blue,Emerald,0.55,Under 1ct,VVS2,,VG,VG,5.45 X 4.12 X 2.59,62.9,66,1.32,IGI,786694010,https://api.igi.org/viewpdf.php?r=786694010,
734-271,White,D,Princess,0.73,Under 1ct,VVS2,,VG,VG,4.86 X 4.85 X 3.55,73.2,71,1,IGI,819696695,https://api.igi.org/viewpdf.php?r=819696695,
M-117,Fancy Colour,Fancy Vivid Greenish Blue,Emerald,0.55,Under 1ct,VS2,,VG,VG,5.93 X 3.83 X 2.52,65.8,64,1.55,IGI,786694014,https://api.igi.org/viewpdf.php?r=786694014,
734-218,White,G,Princess,0.71,Under 1ct,VVS2,,VG,VG,4.83 X 4.82 X 3.44,71.4,72,1,IGI,819696697,https://api.igi.org/viewpdf.php?r=819696697,
734-164,White,D,Princess,0.63,Under 1ct,VVS1,,VG,VG,4.64 X 4.64 X 3.31,71.3,67,1,IGI,819696696,https://api.igi.org/viewpdf.php?r=819696696,
733-387,White,E,Princess,0.61,Under 1ct,VS1,,VG,VG,4.57 X 4.56 X 3.21,70.4,68,1,IGI,819696699,https://api.igi.org/viewpdf.php?r=819696699,
PF-5,Fancy Colour,Fancy Vivid Pink,Emerald,0.54,Under 1ct,VVS2,,EX,VG,5.41 X 3.83 X 2.48,64.8,71,1.41,IGI,760590852,https://api.igi.org/viewpdf.php?r=760590852,
734-177,White,D,Princess,0.61,Under 1ct,VVS2,,VG,VG,4.62 X 4.61 X 3.32,72,70,1,IGI,819696698,https://api.igi.org/viewpdf.php?r=819696698,
734-114,White,D,Princess,0.57,Under 1ct,VS1,,VG,VG,4.54 X 4.52 X 3.16,69.9,72,1,IGI,819696700,https://api.igi.org/viewpdf.php?r=819696700,
M-63,Fancy Colour,Fancy Vivid Blue,Emerald,0.54,Under 1ct,VS1,,VG,VG,5.64 X 3.87 X 2.46,63.6,74,1.46,IGI,786694120,https://api.igi.org/viewpdf.php?r=786694120,
M-94,Fancy Colour,Fancy Vivid Blue,Emerald,0.54,Under 1ct,VS2,,EX,VG,5.53 X 3.92 X 2.53,64.5,63,1.41,IGI,786693998,https://api.igi.org/viewpdf.php?r=786693998,
M-62,Fancy Colour,Fancy Vivid Blue,Emerald,0.54,Under 1ct,VS2,,VG,VG,5.99 X 4 X 2.48,62,67,1.5,IGI,786694119,https://api.igi.org/viewpdf.php?r=786694119,
734-201,White,D,Princess,0.57,Under 1ct,VVS1,,EX,VG,4.58 X 4.51 X 3.22,71.4,69,1.02,IGI,795647745,https://api.igi.org/viewpdf.php?r=795647745,
M-101,Fancy Colour,Fancy Vivid Blue,Emerald,0.53,Under 1ct,VS2,,VG,VG,5.59 X 3.66 X 2.54,69.4,65,1.53,IGI,786694057,https://api.igi.org/viewpdf.php?r=786694057,
M-116,Fancy Colour,Fancy Vivid Blue,Emerald,0.53,Under 1ct,VS2,,VG,VG,5.69 X 3.74 X 2.58,69,66,1.52,IGI,786694004,https://api.igi.org/viewpdf.php?r=786694004,
M-93,Fancy Colour,Fancy Vivid Blue,Emerald,0.53,Under 1ct,VVS2,,EX,VG,5.77 X 3.98 X 2.4,60.3,67,1.45,IGI,786694078,https://api.igi.org/viewpdf.php?r=786694078,
734-221,White,E,Princess,0.55,Under 1ct,VVS1,,VG,VG,4.38 X 4.37 X 3.26,74.6,73,1,IGI,819696701,https://api.igi.org/viewpdf.php?r=819696701,
734-139,White,D,Princess,0.53,Under 1ct,VS1,,VG,VG,4.34 X 4.34 X 3.21,74,70,1,IGI,819696702,https://api.igi.org/viewpdf.php?r=819696702,
M-99,Fancy Colour,Fancy Vivid Blue,Emerald,0.53,Under 1ct,VS1,,VG,VG,5.53 X 3.77 X 2.43,64.5,70,1.47,IGI,786694080,https://api.igi.org/viewpdf.php?r=786694080,
734-113,White,D,Princess,0.52,Under 1ct,VVS2,,VG,VG,4.45 X 4.43 X 3.04,68.6,72,1,IGI,819696704,https://api.igi.org/viewpdf.php?r=819696704,
734-138,White,E,Princess,0.52,Under 1ct,VVS2,,VG,VG,4.38 X 4.33 X 3.15,72.7,72,1.01,IGI,819696694,https://api.igi.org/viewpdf.php?r=819696694,
734-136,White,F,Princess,0.49,Under 1ct,VVS2,,VG,VG,4.44 X 4.37 X 2.84,65,74,1.02,IGI,819696692,https://api.igi.org/viewpdf.php?r=819696692,
734-222,White,D,Princess,0.49,Under 1ct,VS2,,VG,VG,4.37 X 4.35 X 2.99,68.7,76,1,IGI,819696690,https://api.igi.org/viewpdf.php?r=819696690,
734-126,White,D,Princess,0.47,Under 1ct,VS1,,VG,VG,4.35 X 4.32 X 2.87,66.4,73,1.01,IGI,819696685,https://api.igi.org/viewpdf.php?r=819696685,
734-156,White,D,Princess,0.47,Under 1ct,VVS2,,VG,VG,4.39 X 4.36 X 2.71,62.2,79,1.01,IGI,819696689,https://api.igi.org/viewpdf.php?r=819696689,
M-98,Fancy Colour,Fancy Vivid Blue,Emerald,0.53,Under 1ct,VS1,,VG,EX,5.86 X 3.84 X 2.45,63.8,67,1.53,IGI,786694079,https://api.igi.org/viewpdf.php?r=786694079,
752-84,Fancy Colour,Fancy Intense Pink,Round,0.53,Under 1ct,VS1,IDEAL,EX,EX,5.15 X 5.18 X 3.21,62.1,58,0.99,IGI,813634415,https://api.igi.org/viewpdf.php?r=813634415,
M-108,Fancy Colour,Fancy Vivid Blue,Emerald,0.53,Under 1ct,VS1,,VG,VG,5.63 X 3.83 X 2.47,64.5,64,1.47,IGI,786694006,https://api.igi.org/viewpdf.php?r=786694006,
734-233,White,D,Princess,0.47,Under 1ct,VVS2,,VG,VG,4.36 X 4.34 X 2.88,66.4,71,1,IGI,819696687,https://api.igi.org/viewpdf.php?r=819696687,
734-165,White,D,Princess,0.46,Under 1ct,VVS2,,VG,VG,4.39 X 4.39 X 2.73,62.2,78,1,IGI,819696693,https://api.igi.org/viewpdf.php?r=819696693,
M-31,Fancy Colour,Fancy Vivid Blue,Oval,0.53,Under 1ct,VS1,,VG,VG,6.46 X 4.57 X 2.78,60.8,67,1.41,IGI,786693999,https://api.igi.org/viewpdf.php?r=786693999,
734-239,White,D,Princess,0.39,Under 1ct,VVS2,,VG,VG,3.9 X 3.9 X 2.86,73.3,71,1,IGI,819696705,https://api.igi.org/viewpdf.php?r=819696705,
M-24,Fancy Colour,Fancy Vivid Blue,Oval,0.53,Under 1ct,VS1,,VG,VG,6.69 X 4.45 X 2.77,62.2,64,1.5,IGI,786694082,https://api.igi.org/viewpdf.php?r=786694082,
734-182,White,D,Princess,0.34,Under 1ct,VVS1,,VG,VG,3.78 X 3.77 X 2.67,70.8,73,1,IGI,819696706,https://api.igi.org/viewpdf.php?r=819696706,
734-204,White,D,Princess,0.34,Under 1ct,VVS1,,VG,VG,3.81 X 3.79 X 2.71,71.5,73,1.01,IGI,819696709,https://api.igi.org/viewpdf.php?r=819696709,
734-181,White,E,Princess,0.33,Under 1ct,VVS2,,EX,VG,3.81 X 3.81 X 2.59,68,72,1,IGI,819696710,https://api.igi.org/viewpdf.php?r=819696710,
694-241,Fancy Colour,Fancy Light Pink,Round,0.53,Under 1ct,SI1,IDEAL,EX,EX,5.19 X 5.23 X 3.17,60.8,59,0.99,IGI,677552941,https://api.igi.org/viewpdf.php?r=677552941,
734-183,White,D,Princess,0.33,Under 1ct,VVS2,,EX,VG,3.71 X 3.69 X 2.62,71,68,1.01,IGI,795647639,https://api.igi.org/viewpdf.php?r=795647639,
734-219,White,E,Princess,0.31,Under 1ct,VVS2,,EX,VG,3.8 X 3.79 X 2.57,67.8,73,1,IGI,819696708,https://api.igi.org/viewpdf.php?r=819696708,
734-203,White,D,Princess,0.31,Under 1ct,VVS2,,EX,VG,3.73 X 3.68 X 2.6,70.7,72,1.01,IGI,819696712,https://api.igi.org/viewpdf.php?r=819696712,
M-55,Fancy Colour,Fancy Vivid Blue,Pear,0.53,Under 1ct,VS1,,VG,VG,7.39 X 4.43 X 2.68,60.5,58,1.67,IGI,786694002,https://api.igi.org/viewpdf.php?r=786694002,
734-202,White,F,Princess,0.3,Under 1ct,VVS2,,EX,VG,3.59 X 3.58 X 2.65,74,72,1,IGI,819696711,https://api.igi.org/viewpdf.php?r=819696711,
734-212,White,E,Princess,0.3,Under 1ct,VVS1,,VG,VG,3.65 X 3.64 X 2.57,70.6,73,1,IGI,819696713,https://api.igi.org/viewpdf.php?r=819696713,
734-205,White,G,Princess,0.28,Under 1ct,VVS2,,VG,GD,3.63 X 3.57 X 2.55,71.4,71,1.02,IGI,819696714,https://api.igi.org/viewpdf.php?r=819696714,
D-6,White,F,Pear,31.25,10ct +,VVS2,,EX,EX,26.69 X 16.15 X 9.53,59,60,1.65,IGI,805630129,https://api.igi.org/viewpdf.php?r=805630129,
D-3,White,F,Pear,29.06,10ct +,VS2,,EX,EX,26.34 X 16.61 X 9.02,54.3,65,1.59,IGI,795647920,https://api.igi.org/viewpdf.php?r=795647920,
D-4,White,F,Pear,25.05,10ct +,VS1,,EX,EX,23.9 X 15.28 X 9.28,60.7,59,1.56,IGI,800662918,https://api.igi.org/viewpdf.php?r=800662918,
758-13,White,F,Pear,13.02,10ct +,VVS2,,EX,EX,21.25 X 13.02 X 7.85,60.3,60,1.63,IGI,817675148,https://api.igi.org/viewpdf.php?r=817675148,
758-25,White,F,Pear,11.54,10ct +,VVS2,,EX,EX,20.01 X 12.64 X 7.61,60.2,61,1.58,IGI,817675145,https://api.igi.org/viewpdf.php?r=817675145,
758-27,White,F,Pear,10.01,10ct +,VS1,,EX,EX,19.34 X 11.92 X 7.25,60.8,62,1.62,IGI,815648722,https://api.igi.org/viewpdf.php?r=815648722,
757-4,White,F,Pear,9.5,5.00–9.99ct,VVS2,,EX,EX,20.07 X 11.91 X 7.04,59.1,62,1.69,IGI,803618194,https://api.igi.org/viewpdf.php?r=803618194,
758-4,White,F,Pear,8.51,5.00–9.99ct,VVS2,,EX,EX,18.16 X 11.33 X 6.98,61.6,61,1.6,IGI,815648729,https://api.igi.org/viewpdf.php?r=815648729,
758-9,White,F,Pear,7.75,5.00–9.99ct,VVS2,,EX,EX,18.1 X 11.16 X 6.63,59.4,59,1.62,IGI,816631954,https://api.igi.org/viewpdf.php?r=816631954,
M-113,Fancy Colour,Fancy Vivid Blue,Emerald,0.52,Under 1ct,VS1,,VG,VG,5.37 X 3.76 X 2.47,65.7,61,1.43,IGI,786694083,https://api.igi.org/viewpdf.php?r=786694083,
755-324,White,E,Pear,1.81,1.00–1.99ct,VVS2,,EX,EX,11.32 X 6.75 X 4.13,61.2,59,1.68,IGI,803618148,https://api.igi.org/viewpdf.php?r=803618148,
749-472,White,E,Pear,1.58,1.00–1.99ct,VS1,,EX,EX,10.68 X 6.35 X 3.98,62.7,57,1.68,IGI,795647913,https://api.igi.org/viewpdf.php?r=795647913,
758-83,White,D,Pear,1.55,1.00–1.99ct,VS1,,EX,EX,10.74 X 6.36 X 3.87,60.8,60,1.69,IGI,816631942,https://api.igi.org/viewpdf.php?r=816631942,
758-118,White,D,Pear,1.55,1.00–1.99ct,VS1,,EX,EX,10.65 X 6.39 X 3.95,61.8,59,1.67,IGI,815648658,https://api.igi.org/viewpdf.php?r=815648658,
759-44,White,E,Pear,1.54,1.00–1.99ct,SI1,,EX,EX,10.41 X 6.33 X 4,63.2,60,1.64,IGI,817605897,https://api.igi.org/viewpdf.php?r=817605897,
758-507,White,E,Pear,1.52,1.00–1.99ct,VS1,,EX,EX,10.71 X 6.45 X 3.85,59.7,58,1.66,IGI,815680842,https://api.igi.org/viewpdf.php?r=815680842,
760-118,White,F,Pear,1.52,1.00–1.99ct,VVS2,,EX,EX,10.22 X 6.36 X 3.98,62.6,57,1.61,IGI,819696650,https://api.igi.org/viewpdf.php?r=819696650,
756-92,White,E,Pear,1.51,1.00–1.99ct,VS1,,EX,EX,10.09 X 6.43 X 3.93,61.1,59,1.57,IGI,803618011,https://api.igi.org/viewpdf.php?r=803618011,
760-481,White,F,Pear,1.51,1.00–1.99ct,VS2,,EX,EX,10.07 X 6.44 X 3.98,61.8,61,1.56,IGI,823684171,https://api.igi.org/viewpdf.php?r=823684171,
M-69,Fancy Colour,Fancy Vivid Blue,Emerald,0.52,Under 1ct,VVS2,,VG,VG,5.54 X 3.77 X 2.58,68.4,72,1.47,IGI,786694088,https://api.igi.org/viewpdf.php?r=786694088,
M-118,Fancy Colour,Fancy Vivid Blue,Emerald,0.52,Under 1ct,VVS2,,VG,VG,5.35 X 3.79 X 2.42,63.9,66,1.41,IGI,786694097,https://api.igi.org/viewpdf.php?r=786694097,
758-510,White,E,Pear,1.51,1.00–1.99ct,VS1,,EX,EX,10.52 X 6.37 X 3.91,61.4,60,1.65,IGI,815648668,https://api.igi.org/viewpdf.php?r=815648668,
733-6,White,D,Pear,1.5,1.00–1.99ct,VVS2,,EX,EX,10.65 X 6.33 X 3.83,60.5,59,1.68,IGI,760578817,https://api.igi.org/viewpdf.php?r=760578817,
760-389,White,F,Pear,1.5,1.00–1.99ct,VVS2,,EX,EX,10.24 X 6.42 X 3.88,60.4,60,1.6,IGI,821689339,https://api.igi.org/viewpdf.php?r=821689339,
761-126,White,F,Pear,1.5,1.00–1.99ct,VS2,,EX,EX,10.44 X 6.16 X 3.9,63.3,61,1.69,IGI,824615682,https://api.igi.org/viewpdf.php?r=824615682,
M-54,Fancy Colour,Fancy Vivid Blue,Pear,0.51,Under 1ct,VS1,,VG,VG,7.17 X 4.42 X 2.74,62,59,1.62,IGI,786694096,https://api.igi.org/viewpdf.php?r=786694096,
760-602,White,E,Pear,1.31,1.00–1.99ct,VVS2,,EX,EX,9.71 X 5.87 X 3.85,65.6,58,1.65,IGI,823684102,https://api.igi.org/viewpdf.php?r=823684102,
M-33,Fancy Colour,Fancy Vivid Blue,Pear,0.51,Under 1ct,VS1,,GD,VG,7.12 X 4.36 X 2.63,60.3,62,1.63,IGI,786694092,https://api.igi.org/viewpdf.php?r=786694092,
758-513,White,D,Pear,1.19,1.00–1.99ct,VS1,,EX,EX,9.82 X 5.72 X 3.55,62.1,60,1.72,IGI,818611937,https://api.igi.org/viewpdf.php?r=818611937,
760-548,White,E,Pear,1.07,1.00–1.99ct,VVS2,,EX,EX,8.9 X 5.62 X 3.62,64.4,61,1.58,IGI,823684193,https://api.igi.org/viewpdf.php?r=823684193,
M-36,Fancy Colour,Fancy Vivid Blue,Pear,0.51,Under 1ct,VS1,,EX,EX,7.16 X 4.43 X 2.73,61.6,60,1.62,IGI,786694094,https://api.igi.org/viewpdf.php?r=786694094,
760-541,White,F,Pear,1.05,1.00–1.99ct,VVS2,,EX,EX,9.52 X 5.55 X 3.38,60.9,57,1.72,IGI,823684132,https://api.igi.org/viewpdf.php?r=823684132,
760-191,White,E,Pear,1.04,1.00–1.99ct,VVS2,,EX,EX,9.27 X 5.5 X 3.45,62.7,61,1.69,IGI,819696584,https://api.igi.org/viewpdf.php?r=819696584,
M-49,Fancy Colour,Fancy Vivid Blue,Pear,0.51,Under 1ct,VS1,,VG,VG,6.84 X 4.5 X 2.81,62.4,57,1.52,IGI,786694095,https://api.igi.org/viewpdf.php?r=786694095,
760-479,White,F,Pear,1.03,1.00–1.99ct,VS1,,EX,EX,9.09 X 5.55 X 3.39,61.1,60,1.64,IGI,823684181,https://api.igi.org/viewpdf.php?r=823684181,
760-734,White,F,Pear,1.02,1.00–1.99ct,VS1,,EX,EX,9.43 X 5.39 X 3.41,63.3,57,1.75,IGI,823684183,https://api.igi.org/viewpdf.php?r=823684183,
758-89,White,E,Pear,1.02,1.00–1.99ct,VVS2,,EX,EX,9.23 X 5.48 X 3.45,63,55,1.68,IGI,819696613,https://api.igi.org/viewpdf.php?r=819696613,
762-140,White,D,Pear,1.01,1.00–1.99ct,VS1,,EX,EX,8.74 X 5.66 X 3.47,61.3,59,1.54,IGI,824615669,https://api.igi.org/viewpdf.php?r=824615669,
760-769,White,E,Pear,1.01,1.00–1.99ct,VVS2,,EX,EX,8.71 X 5.57 X 3.57,64.1,59,1.56,IGI,823684150,https://api.igi.org/viewpdf.php?r=823684150,
760-503,White,E,Pear,1.01,1.00–1.99ct,VVS2,,EX,EX,9.22 X 5.58 X 3.45,61.8,58,1.65,IGI,823684151,https://api.igi.org/viewpdf.php?r=823684151,
760-135,White,F,Pear,1,1.00–1.99ct,VS1,,EX,EX,9.03 X 5.57 X 3.41,61.2,59,1.62,IGI,823643325,https://api.igi.org/viewpdf.php?r=823643325,
756-94,White,F,Pear,1,1.00–1.99ct,VS2,,EX,VG,9.46 X 5.67 X 3.24,57.1,63,1.67,IGI,807660690,https://api.igi.org/viewpdf.php?r=807660690,
760-680,White,F,Pear,1,1.00–1.99ct,VVS2,,EX,EX,9.06 X 5.48 X 3.46,63.1,57,1.65,IGI,823684077,https://api.igi.org/viewpdf.php?r=823684077,
M-85,Fancy Colour,Fancy Vivid Blue,Emerald,0.51,Under 1ct,VVS2,,VG,VG,5.49 X 3.79 X 2.44,64.4,63,1.45,IGI,786694090,https://api.igi.org/viewpdf.php?r=786694090,
M-103,Fancy Colour,Fancy Vivid Blue,Emerald,0.5,Under 1ct,VS1,,VG,VG,5.41 X 3.73 X 2.47,66.2,71,1.45,IGI,786694104,https://api.igi.org/viewpdf.php?r=786694104,
744-676,Fancy Colour,Fancy Pink,Round,0.5,Under 1ct,VVS1,IDEAL,EX,EX,5.12 X 5.13 X 3.13,61.2,58,1,IGI,813688969,https://api.igi.org/viewpdf.php?r=813688969,
744-825,Fancy Colour,Fancy Intense Pink,Round,0.5,Under 1ct,VVS2,IDEAL,EX,EX,5.14 X 5.17 X 3.06,59.4,57,0.99,IGI,813634413,https://api.igi.org/viewpdf.php?r=813634413,
M-115,Fancy Colour,Fancy Vivid Blue,Emerald,0.5,Under 1ct,VVS2,,VG,VG,5.51 X 3.82 X 2.41,63.1,67,1.44,IGI,786694102,https://api.igi.org/viewpdf.php?r=786694102,
M-25,Fancy Colour,Fancy Vivid Blue,Oval,0.5,Under 1ct,VS1,,VG,VG,6.28 X 4.42 X 2.78,62.9,61,1.42,IGI,786694105,https://api.igi.org/viewpdf.php?r=786694105,
M-90,Fancy Colour,Fancy Vivid Blue,Emerald,0.5,Under 1ct,VVS2,,VG,VG,5.52 X 3.77 X 2.41,63.9,65,1.46,IGI,786694100,https://api.igi.org/viewpdf.php?r=786694100,
PF-39,Fancy Colour,Fancy Vivid Pink,Pear,0.49,Under 1ct,VS1,,GD,VG,6.97 X 4.49 X 2.71,60.4,65,1.55,IGI,760590878,https://api.igi.org/viewpdf.php?r=760590878,
758-108,White,E,Pear,0.91,Under 1ct,VS1,,EX,EX,8.98 X 5.35 X 3.21,60,59,1.68,IGI,821662483,https://api.igi.org/viewpdf.php?r=821662483,
759-224,White,D,Pear,0.89,Under 1ct,VS1,,EX,EX,9.19 X 4.98 X 3.19,64.1,59,1.85,IGI,823699715,https://api.igi.org/viewpdf.php?r=823699715,
733-91,White,D,Pear,0.86,Under 1ct,VS2,,EX,EX,8.51 X 5.23 X 3.28,62.7,57,1.63,IGI,771661478,https://api.igi.org/viewpdf.php?r=771661478,
758-40,White,E,Oval,10.03,10ct +,VS1,,EX,EX,17.2 X 12.43 X 7.57,60.9,58,1.38,IGI,815648715,https://api.igi.org/viewpdf.php?r=815648715,
M-95,Fancy Colour,Fancy Vivid Blue,Emerald,0.49,Under 1ct,SI1,,VG,VG,5.46 X 3.73 X 2.43,65.1,63,1.46,IGI,786694033,https://api.igi.org/viewpdf.php?r=786694033,
M-109,Fancy Colour,Fancy Vivid Blue,Emerald,0.49,Under 1ct,VS1,,EX,VG,5.63 X 3.83 X 2.31,60.3,68,1.47,IGI,786694086,https://api.igi.org/viewpdf.php?r=786694086,
758-30,White,F,Oval,10,10ct +,VVS2,,EX,EX,17.55 X 12.14 X 7.34,60.5,60,1.45,IGI,815648724,https://api.igi.org/viewpdf.php?r=815648724,
757-5,White,F,Oval,8.57,5.00–9.99ct,VS1,,EX,EX,16.88 X 11.63 X 6.95,59.8,59,1.45,IGI,807660696,https://api.igi.org/viewpdf.php?r=807660696,
R-22,Fancy Colour,Fancy Intense Pink,Round,0.48,Under 1ct,SI1,VG,EX,VG,5.01 X 5.04 X 3.01,59.9,64,0.99,IGI,802623497,https://api.igi.org/viewpdf.php?r=802623497,
759-7,White,F,Oval,5.01,5.00–9.99ct,VS1,,EX,EX,14.11 X 9.54 X 5.83,61.1,60,1.48,IGI,819696679,https://api.igi.org/viewpdf.php?r=819696679,
M-50,Fancy Colour,Fancy Deep Blue,Pear,0.48,Under 1ct,VS1,,VG,VG,7.27 X 4.42 X 2.59,58.6,61,1.64,IGI,786694035,https://api.igi.org/viewpdf.php?r=786694035,
M-86,Fancy Colour,Fancy Vivid Blue,Emerald,0.48,Under 1ct,VS1,,VG,VG,5.46 X 3.74 X 2.36,63.1,69,1.46,IGI,786694029,https://api.igi.org/viewpdf.php?r=786694029,
761-125,White,F,Oval,1.85,1.00–1.99ct,VVS2,,EX,EX,9.88 X 7.06 X 4.28,60.6,58,1.4,IGI,823684162,https://api.igi.org/viewpdf.php?r=823684162,
735-354,White,E,Oval,1.83,1.00–1.99ct,VVS2,,EX,EX,9.74 X 6.98 X 4.27,61.2,60,1.4,IGI,768675544,https://api.igi.org/viewpdf.php?r=768675544,
735-83,White,D,Oval,1.64,1.00–1.99ct,VVS1,,EX,EX,9.66 X 6.58 X 4.17,63.4,59,1.47,IGI,768675542,https://api.igi.org/viewpdf.php?r=768675542,
762-22,White,E,Oval,1.55,1.00–1.99ct,VS1,,EX,EX,9.21 X 6.58 X 4.03,61.2,61,1.4,IGI,824615680,https://api.igi.org/viewpdf.php?r=824615680,
761-205,White,E,Oval,1.55,1.00–1.99ct,VS1,,EX,EX,9.63 X 6.51 X 4,61.4,59,1.48,IGI,823643284,https://api.igi.org/viewpdf.php?r=823643284,
761-77,White,E,Oval,1.55,1.00–1.99ct,VS1,,EX,EX,9.54 X 6.46 X 4.12,63.8,59,1.48,IGI,823684165,https://api.igi.org/viewpdf.php?r=823684165,
761-73,White,E,Oval,1.54,1.00–1.99ct,VS1,,EX,EX,9.2 X 6.51 X 4.09,62.8,59,1.41,IGI,824615679,https://api.igi.org/viewpdf.php?r=824615679,
757-122,White,F,Oval,1.53,1.00–1.99ct,VVS2,,EX,EX,9.4 X 6.59 X 4,60.7,59,1.43,IGI,803618064,https://api.igi.org/viewpdf.php?r=803618064,
M-124,Fancy Colour,Fancy Vivid Blue,Emerald,0.47,Under 1ct,VS1,,VG,VG,5.32 X 3.63 X 2.3,63.4,65,1.47,IGI,786694030,https://api.igi.org/viewpdf.php?r=786694030,
760-333,White,E,Oval,1.52,1.00–1.99ct,VS1,,EX,EX,9.07 X 6.52 X 4.04,62,60,1.39,IGI,821689341,https://api.igi.org/viewpdf.php?r=821689341,
M-92,Fancy Colour,Fancy Vivid Blue,Emerald,0.47,Under 1ct,VS2,,VG,VG,5.44 X 3.71 X 2.31,62.3,68,1.47,IGI,786694037,https://api.igi.org/viewpdf.php?r=786694037,
760-676,White,F,Oval,1.52,1.00–1.99ct,VVS2,,EX,EX,9.46 X 6.43 X 3.95,61.4,60,1.47,IGI,823684169,https://api.igi.org/viewpdf.php?r=823684169,
761-203,White,E,Oval,1.52,1.00–1.99ct,VVS2,,EX,EX,9.05 X 6.46 X 4.08,63.2,60,1.4,IGI,823684167,https://api.igi.org/viewpdf.php?r=823684167,
752-89,Fancy Colour,Fancy Intense Pink,Round,0.47,Under 1ct,VVS2,IDEAL,EX,EX,5.06 X 5.09 X 2.99,59,58,0.99,IGI,813688970,https://api.igi.org/viewpdf.php?r=813688970,
R-67,Fancy Colour,Fancy Intense Pink,Round,0.47,Under 1ct,VS1,VG,GD,VG,4.89 X 4.94 X 3.01,61.4,60,0.99,IGI,802623463,https://api.igi.org/viewpdf.php?r=802623463,
761-200,White,E,Oval,1.51,1.00–1.99ct,VS1,,EX,EX,9.28 X 6.53 X 3.98,60.9,57,1.42,IGI,823643240,https://api.igi.org/viewpdf.php?r=823643240,
761-72,White,F,Oval,1.5,1.00–1.99ct,VS2,,EX,EX,9.3 X 6.3 X 3.93,62.4,62,1.48,IGI,823684108,https://api.igi.org/viewpdf.php?r=823684108,
R-15,Fancy Colour,Fancy Intense Pink,Round,0.47,Under 1ct,VS1,GD,VG,VG,4.87 X 4.96 X 3,61.2,60,0.98,IGI,802623462,https://api.igi.org/viewpdf.php?r=802623462,
755-49,White,E,Oval,1.09,1.00–1.99ct,VS1,,EX,EX,8.54 X 5.81 X 3.5,60.2,59,1.47,IGI,803617866,https://api.igi.org/viewpdf.php?r=803617866,
M-59,Fancy Colour,Fancy Vivid Blue,Pear,0.47,Under 1ct,VS2,,VG,VG,6.94 X 4.43 X 2.64,59.6,68,1.57,IGI,786694031,https://api.igi.org/viewpdf.php?r=786694031,
758-754,White,D,Oval,1.05,1.00–1.99ct,VS2,,EX,EX,8.56 X 5.59 X 3.49,62.4,59,1.53,IGI,817605878,https://api.igi.org/viewpdf.php?r=817605878,
760-440,White,F,Oval,1.05,1.00–1.99ct,VVS2,,EX,EX,8.39 X 5.7 X 3.52,61.8,57,1.47,IGI,824615681,https://api.igi.org/viewpdf.php?r=824615681,
R-8,Fancy Colour,Fancy Intense Pink,Round,0.46,Under 1ct,VVS2,VG,VG,VG,4.88 X 4.94 X 3.02,61.5,58,0.99,IGI,802623496,https://api.igi.org/viewpdf.php?r=802623496,
M-57,Fancy Colour,Fancy Vivid Blue,Pear,0.46,Under 1ct,VS1,,VG,VG,6.86 X 4.42 X 2.6,58.8,69,1.55,IGI,786694034,https://api.igi.org/viewpdf.php?r=786694034,
761-445,White,D,Oval,1.05,1.00–1.99ct,VS1,,EX,EX,8.44 X 5.66 X 3.53,62.4,61,1.49,IGI,824615644,https://api.igi.org/viewpdf.php?r=824615644,
760-63,White,E,Oval,1.04,1.00–1.99ct,VS1,,EX,EX,7.95 X 5.74 X 3.59,62.5,59,1.39,IGI,818611987,https://api.igi.org/viewpdf.php?r=818611987,
760-230,White,E,Oval,1.04,1.00–1.99ct,VS1,,EX,EX,8.22 X 5.71 X 3.5,61.3,59,1.44,IGI,819696611,https://api.igi.org/viewpdf.php?r=819696611,
M-29,Fancy Colour,Fancy Vivid Blue,Oval,0.46,Under 1ct,VS1,,VG,VG,5.92 X 4.24 X 2.86,67.5,66,1.4,IGI,786694032,https://api.igi.org/viewpdf.php?r=786694032,
M-87,Fancy Colour,Fancy Vivid Blue,Emerald,0.45,Under 1ct,VS1,,VG,VG,5.41 X 3.67 X 2.23,60.8,66,1.47,IGI,786694036,https://api.igi.org/viewpdf.php?r=786694036,
M-104,Fancy Colour,Fancy Intense Greenish Blue,Emerald,0.44,Under 1ct,VS1,,EX,EX,5.2 X 3.58 X 2.33,65.1,62,1.45,IGI,786694085,https://api.igi.org/viewpdf.php?r=786694085,
PF-16,Fancy Colour,Fancy Vivid Pink,Emerald,0.44,Under 1ct,VS1,,VG,VG,5.26 X 3.54 X 2.42,68.4,74,1.49,IGI,760590873,https://api.igi.org/viewpdf.php?r=760590873,
748-55,White,E,Oval,0.98,Under 1ct,VS1,,EX,EX,7.99 X 5.62 X 3.53,62.8,61,1.42,IGI,790622021,https://api.igi.org/viewpdf.php?r=790622021,
M-52,Fancy Colour,Fancy Vivid Blue,Pear,0.43,Under 1ct,VS1,,EX,VG,7.06 X 4.38 X 2.41,55,66,1.61,IGI,786694026,https://api.igi.org/viewpdf.php?r=786694026,
M-39,Fancy Colour,Fancy Vivid Blue,Pear,0.43,Under 1ct,VS1,,VG,VG,6.64 X 4.23 X 2.59,61.2,65,1.57,IGI,786694025,https://api.igi.org/viewpdf.php?r=786694025,
736-601,White,D,Oval,0.97,Under 1ct,VVS2,,EX,EX,8.14 X 5.62 X 3.54,63,61,1.45,IGI,776697856,https://api.igi.org/viewpdf.php?r=776697856,
M-75,Fancy Colour,Fancy Vivid Blue,Emerald,0.43,Under 1ct,VS1,,VG,VG,5.14 X 3.53 X 2.42,68.6,64,1.46,IGI,786694027,https://api.igi.org/viewpdf.php?r=786694027,
R-46,Fancy Colour,Fancy Intense Pink,Round,0.43,Under 1ct,VVS2,VG,VG,VG,4.73 X 4.77 X 3,63.2,60,0.99,IGI,802623423,https://api.igi.org/viewpdf.php?r=802623423,
M-96,Fancy Colour,Fancy Vivid Blue,Emerald,0.42,Under 1ct,VS2,,VG,VG,5.21 X 3.7 X 2.29,61.9,58,1.41,IGI,786694050,https://api.igi.org/viewpdf.php?r=786694050,
M-19,Fancy Colour,Fancy Vivid Blue,Marquise,0.42,Under 1ct,VS2,,VG,VG,8.23 X 3.82 X 2.29,59.9,62,2.15,IGI,786694052,https://api.igi.org/viewpdf.php?r=786694052,
M-45,Fancy Colour,Fancy Vivid Blue,Pear,0.42,Under 1ct,VVS2,,VG,VG,6.44 X 4.15 X 2.64,63.6,62,1.55,IGI,786694049,https://api.igi.org/viewpdf.php?r=786694049,
M-30,Fancy Colour,Fancy Vivid Blue,Oval,0.41,Under 1ct,VS2,,VG,VG,5.78 X 4.19 X 2.63,62.8,63,1.38,IGI,786694048,https://api.igi.org/viewpdf.php?r=786694048,
743-35,White,E,Oval,0.96,Under 1ct,VS1,,EX,EX,8.13 X 5.54 X 3.36,60.6,59,1.47,IGI,795647671,https://api.igi.org/viewpdf.php?r=795647671,
M-18,Fancy Colour,Fancy Vivid Blue,Marquise,0.4,Under 1ct,VS1,,VG,VG,8.29 X 3.83 X 2.27,59.3,61,2.16,IGI,786694053,https://api.igi.org/viewpdf.php?r=786694053,
M-13,Fancy Colour,Fancy Vivid Blue,Marquise,0.4,Under 1ct,VVS2,,VG,VG,7.73 X 3.73 X 2.31,61.9,64,2.07,IGI,786694054,https://api.igi.org/viewpdf.php?r=786694054,
R-48,Fancy Colour,Fancy Vivid Pink,Round,0.4,Under 1ct,VS1,EX,VG,VG,4.67 X 4.71 X 2.92,62.3,57,0.99,IGI,802623425,https://api.igi.org/viewpdf.php?r=802623425,
R-7,Fancy Colour,Fancy Pink,Round,0.4,Under 1ct,VS1,EX,VG,VG,4.68 X 4.7 X 2.89,61.7,58,1,IGI,802623424,https://api.igi.org/viewpdf.php?r=802623424,
R-27,Fancy Colour,Fancy Pink,Round,0.4,Under 1ct,VS2,VG,GD,VG,4.75 X 4.78 X 2.87,60.2,61,0.99,IGI,802623432,https://api.igi.org/viewpdf.php?r=802623432,
PF-9,Fancy Colour,Fancy Intense Pink,Emerald,0.39,Under 1ct,VS1,,VG,VG,4.97 X 3.47 X 2.22,64,65,1.43,IGI,760590842,https://api.igi.org/viewpdf.php?r=760590842,
M-12,Fancy Colour,Fancy Vivid Blue,Marquise,0.39,Under 1ct,VVS2,,VG,VG,8.18 X 3.62 X 2.28,63,63,2.26,IGI,786694060,https://api.igi.org/viewpdf.php?r=786694060,
729-80,White,D,Oval,0.96,Under 1ct,VS1,,EX,EX,7.97 X 5.52 X 3.36,60.9,61,1.44,IGI,771661476,https://api.igi.org/viewpdf.php?r=771661476,
M-48,Fancy Colour,Fancy Vivid Blue,Pear,0.37,Under 1ct,VVS2,,VG,VG,6.52 X 4.01 X 2.41,60.1,62,1.63,IGI,786694059,https://api.igi.org/viewpdf.php?r=786694059,
R-40,Fancy Colour,Fancy Intense Pink,Round,0.37,Under 1ct,VVS2,VG,VG,GD,4.61 X 4.66 X 2.78,59.9,64,0.99,IGI,802623434,https://api.igi.org/viewpdf.php?r=802623434,
R-70,Fancy Colour,Fancy Pink,Round,0.37,Under 1ct,VS1,VG,GD,VG,4.53 X 4.56 X 2.82,62,60,0.99,IGI,802623435,https://api.igi.org/viewpdf.php?r=802623435,
PF-18,Fancy Colour,Fancy Intense Pink,Emerald,0.36,Under 1ct,VS1,,VG,VG,4.8 X 3.32 X 2.22,66.9,75,1.45,IGI,760590848,https://api.igi.org/viewpdf.php?r=760590848,
R-64,Fancy Colour,Fancy Intense Pink,Round,0.36,Under 1ct,VS2,VG,EX,VG,4.49 X 4.52 X 2.77,61.6,60,0.99,IGI,802623484,https://api.igi.org/viewpdf.php?r=802623484,
R-23,Fancy Colour,Fancy Intense Pink,Round,0.36,Under 1ct,VVS2,VG,VG,VG,4.44 X 4.48 X 2.84,63.8,60,0.99,IGI,802623436,https://api.igi.org/viewpdf.php?r=802623436,
R-39,Fancy Colour,Fancy Intense Pink,Round,0.36,Under 1ct,VVS2,VG,VG,VG,4.47 X 4.5 X 2.87,64,59,0.99,IGI,802623437,https://api.igi.org/viewpdf.php?r=802623437,
R-56,Fancy Colour,Fancy Intense Pink,Round,0.36,Under 1ct,VVS2,VG,VG,VG,4.5 X 4.54 X 2.87,63.4,60,0.99,IGI,802623482,https://api.igi.org/viewpdf.php?r=802623482,
R-62,Fancy Colour,Fancy Intense Pink,Round,0.35,Under 1ct,VVS2,VG,VG,VG,4.58 X 4.62 X 2.68,58.4,64,0.99,IGI,802623483,https://api.igi.org/viewpdf.php?r=802623483,
M-121,Fancy Colour,Fancy Vivid Blue,Emerald,0.35,Under 1ct,VS1,,VG,VG,4.98 X 3.42 X 2.18,63.7,75,1.46,IGI,786694061,https://api.igi.org/viewpdf.php?r=786694061,
R-26,Fancy Colour,Fancy Pink,Round,0.35,Under 1ct,VVS2,EX,VG,VG,4.56 X 4.62 X 2.75,59.7,63,0.99,IGI,802623488,https://api.igi.org/viewpdf.php?r=802623488,
R-47,Fancy Colour,Fancy Pink,Round,0.34,Under 1ct,VVS2,EX,VG,VG,4.44 X 4.46 X 2.71,61,60,1,IGI,802623490,https://api.igi.org/viewpdf.php?r=802623490,
R-54,Fancy Colour,Fancy Intense Pink,Round,0.34,Under 1ct,VVS2,EX,EX,VG,4.42 X 4.44 X 2.76,62.3,59,1,IGI,802623485,https://api.igi.org/viewpdf.php?r=802623485,
R-17,Fancy Colour,Fancy Intense Pink,Round,0.34,Under 1ct,VS2,EX,EX,VG,4.42 X 4.46 X 2.73,61.4,62,0.99,IGI,802623491,https://api.igi.org/viewpdf.php?r=802623491,
744-67,White,E,Oval,0.84,Under 1ct,VVS1,,EX,EX,7.68 X 5.47 X 3.24,59.2,61,1.4,IGI,803617847,https://api.igi.org/viewpdf.php?r=803617847,
734-199,White,D,Oval,0.46,Under 1ct,VVS2,,VG,VG,6.39 X 4.26 X 2.66,62.4,67,1.5,IGI,819696691,https://api.igi.org/viewpdf.php?r=819696691,
761-43,White,F,Oval Step Cut,1.51,1.00–1.99ct,VVS2,,EX,EX,9.08 X 6.11 X 3.75,61.4,61,1.49,IGI,823684107,https://api.igi.org/viewpdf.php?r=823684107,
R-58,Fancy Colour,Fancy Intense Pink,Round,0.33,Under 1ct,VVS2,VG,VG,VG,4.35 X 4.39 X 2.81,64.3,58,0.99,IGI,802623474,https://api.igi.org/viewpdf.php?r=802623474,
R-33,Fancy Colour,Fancy Pink,Round,0.33,Under 1ct,VS1,VG,VG,GD,4.41 X 4.46 X 2.68,60.4,62,0.99,IGI,802623472,https://api.igi.org/viewpdf.php?r=802623472,
R-6,Fancy Colour,Fancy Pink,Round,0.33,Under 1ct,VS2,EX,VG,VG,4.46 X 4.48 X 2.73,61.1,61,1,IGI,802623481,https://api.igi.org/viewpdf.php?r=802623481,
688-144,White,E,Cushion,1.18,1.00–1.99ct,VVS1,,VG,VG,7.61 X 5.09 X 2.92,57.4,65,1.5,IGI,667422194,https://api.igi.org/viewpdf.php?r=667422194,
R-72,Fancy Colour,Fancy Intense Pink,Round,0.32,Under 1ct,VVS2,VG,VG,GD,4.32 X 4.38 X 2.75,63.1,57,0.99,IGI,802623475,https://api.igi.org/viewpdf.php?r=802623475,
R-14,Fancy Colour,Fancy Intense Pink,Round,0.32,Under 1ct,VVS2,VG,VG,VG,4.28 X 4.31 X 2.72,63.2,62,0.99,IGI,802623477,https://api.igi.org/viewpdf.php?r=802623477,
M-11,Fancy Colour,Fancy Vivid Blue,Marquise,0.32,Under 1ct,VS1,,VG,VG,7.37 X 3.41 X 2.16,63.3,64,2.16,IGI,786694063,https://api.igi.org/viewpdf.php?r=786694063,
R-44,Fancy Colour,Fancy Pink,Round,0.32,Under 1ct,VVS2,EX,VG,VG,4.42 X 4.45 X 2.66,60.1,61,0.99,IGI,802623476,https://api.igi.org/viewpdf.php?r=802623476,
R-69,Fancy Colour,Fancy Pink,Round,0.32,Under 1ct,SI1,VG,VG,GD,4.39 X 4.42 X 2.7,61.2,62,0.99,IGI,802623473,https://api.igi.org/viewpdf.php?r=802623473,
759-103,White,F,Asscher,5.05,5.00–9.99ct,VS1,,EX,EX,9.42 X 9.04 X 6.09,67.4,61,1.04,IGI,819696677,https://api.igi.org/viewpdf.php?r=819696677,
759-1,White,F,Asscher,5.05,5.00–9.99ct,VVS2,,EX,EX,9.44 X 9.09 X 6.33,69.6,70,1.04,IGI,823643374,https://api.igi.org/viewpdf.php?r=823643374,
PF-23,Fancy Colour,Fancy Intense Pink,Emerald,0.31,Under 1ct,VVS2,,VG,VG,4.65 X 3.15 X 2.16,68.6,69,1.48,IGI,760590885,https://api.igi.org/viewpdf.php?r=760590885,
R-63,Fancy Colour,Fancy Vivid Pink,Round,0.31,Under 1ct,VS1,EX,VG,VG,4.33 X 4.37 X 2.65,60.9,62,0.99,IGI,802623461,https://api.igi.org/viewpdf.php?r=802623461,
R-51,Fancy Colour,Fancy Intense Pink,Round,0.31,Under 1ct,VS1,VG,VG,VG,4.24 X 4.3 X 2.65,62.1,61,0.99,IGI,802623471,https://api.igi.org/viewpdf.php?r=802623471,
759-83,White,E,Asscher,5.05,5.00–9.99ct,VVS2,,EX,EX,9.23 X 9.19 X 6.27,68.2,66,1,IGI,823684201,https://api.igi.org/viewpdf.php?r=823684201,
R-37,Fancy Colour,Fancy Pink,Round,0.3,Under 1ct,VVS2,EX,VG,VG,4.2 X 4.36 X 2.65,62.1,59,0.96,IGI,802623502,https://api.igi.org/viewpdf.php?r=802623502,
M-10,Fancy Colour,Fancy Vivid Blue,Marquise,0.3,Under 1ct,VS1,,VG,VG,7.27 X 3.39 X 2.04,60.2,63,2.14,IGI,786694064,https://api.igi.org/viewpdf.php?r=786694064,
M-20,Fancy Colour,Fancy Vivid Blue,Marquise,0.3,Under 1ct,VS1,,VG,VG,7.29 X 3.41 X 2.06,60.4,62,2.14,IGI,786694062,https://api.igi.org/viewpdf.php?r=786694062,
PF-20,Fancy Colour,Fancy Vivid Pink,Emerald,0.3,Under 1ct,VS1,,VG,VG,4.66 X 3.13 X 2.03,64.9,74,1.49,IGI,760590882,https://api.igi.org/viewpdf.php?r=760590882,
R-35,Fancy Colour,Fancy Intense Pink,Round,0.3,Under 1ct,VS2,EX,VG,VG,4.21 X 4.24 X 2.7,63.7,59,0.99,IGI,802623504,https://api.igi.org/viewpdf.php?r=802623504,
759-135,White,F,Asscher,5.04,5.00–9.99ct,VVS2,,EX,EX,9.44 X 9.15 X 6.18,67.5,63,1.03,IGI,818611984,https://api.igi.org/viewpdf.php?r=818611984,
M-21,Fancy Colour,Fancy Vivid Blue,Marquise,0.29,Under 1ct,VS1,,VG,VG,7.03 X 3.3 X 2.07,62.7,67,2.13,IGI,786694007,https://api.igi.org/viewpdf.php?r=786694007,
759-12,White,F,Asscher,5.01,5.00–9.99ct,VS1,,EX,EX,9.64 X 9.47 X 5.9,62.3,69,1.02,IGI,823643376,https://api.igi.org/viewpdf.php?r=823643376,
M-7,Fancy Colour,Fancy Vivid Blue,Marquise,0.28,Under 1ct,VS1,,VG,VG,6.92 X 3.29 X 2.08,63.2,62,2.1,IGI,786694001,https://api.igi.org/viewpdf.php?r=786694001,
M-32,Fancy Colour,Fancy Vivid Blue,Oval,0.28,Under 1ct,VS2,,VG,GD,5.2 X 3.61 X 2.23,61.8,67,1.44,IGI,786694121,https://api.igi.org/viewpdf.php?r=786694121,
R-28,Fancy Colour,Fancy Intense Pink,Round,0.27,Under 1ct,VS1,IDEAL,EX,VG,4.12 X 4.17 X 2.56,61.8,60,0.99,IGI,802623507,https://api.igi.org/viewpdf.php?r=802623507,
R-49,Fancy Colour,Fancy Intense Pink,Round,0.27,Under 1ct,VVS2,EX,VG,VG,4.07 X 4.12 X 2.56,62.5,62,0.99,IGI,802623505,https://api.igi.org/viewpdf.php?r=802623505,
R-42,Fancy Colour,Fancy Intense Pink,Round,0.27,Under 1ct,VS1,VG,VG,VG,4.18 X 4.21 X 2.49,59.4,65,0.99,IGI,802623503,https://api.igi.org/viewpdf.php?r=802623503,
PF-34,Fancy Colour,Fancy Vivid Pink,Pear,0.27,Under 1ct,VS1,,VG,VG,5.83 X 3.7 X 2.16,58.4,62,1.58,IGI,760590883,https://api.igi.org/viewpdf.php?r=760590883,
M-23,Fancy Colour,Fancy Vivid Blue,Marquise,0.27,Under 1ct,VVS2,,VG,VG,7.16 X 3.25 X 1.99,61.2,60,2.2,IGI,786694058,https://api.igi.org/viewpdf.php?r=786694058,
M-17,Fancy Colour,Fancy Vivid Blue,Marquise,0.27,Under 1ct,VVS2,,VG,VG,7.17 X 3.15 X 2.03,64.4,60,2.28,IGI,786694018,https://api.igi.org/viewpdf.php?r=786694018,
M-22,Fancy Colour,Fancy Vivid Blue,Marquise,0.27,Under 1ct,VS1,,VG,VG,7.14 X 3.25 X 2,61.5,67,2.2,IGI,786694019,https://api.igi.org/viewpdf.php?r=786694019,
R-38,Fancy Colour,Fancy Light Pink,Round,0.27,Under 1ct,VS2,VG,VG,GD,4.14 X 4.19 X 2.56,61.4,61,0.99,IGI,802623451,https://api.igi.org/viewpdf.php?r=802623451,
PF-7,Fancy Colour,Fancy Intense Pink,Emerald,0.26,Under 1ct,VS1,,VG,VG,4.54 X 3.09 X 1.96,63.4,67,1.47,IGI,760590869,https://api.igi.org/viewpdf.php?r=760590869,
PF-21,Fancy Colour,Fancy Vivid Pink,Emerald,0.26,Under 1ct,VS1,,VG,VG,4.34 X 3.03 X 2.09,69,65,1.43,IGI,760590881,https://api.igi.org/viewpdf.php?r=760590881,
M-4,Fancy Colour,Fancy Vivid Blue,Marquise,0.25,Under 1ct,VVS2,,VG,VG,6.85 X 3.16 X 1.94,61.4,62,2.17,IGI,786694022,https://api.igi.org/viewpdf.php?r=786694022,
R-73,Fancy Colour,Fancy Intense Pink,Round,0.25,Under 1ct,VS1,VG,VG,VG,4.01 X 4.08 X 2.51,62.3,61,0.98,IGI,802623430,https://api.igi.org/viewpdf.php?r=802623430,
M-9,Fancy Colour,Fancy Vivid Blue,Marquise,0.24,Under 1ct,VS1,,VG,VG,6.69 X 3.24 X 1.95,60.2,62,2.06,IGI,786694023,https://api.igi.org/viewpdf.php?r=786694023,
R-53,Fancy Colour,Fancy Intense Pink,Round,0.23,Under 1ct,VS1,VG,VG,VG,3.89 X 3.93 X 2.46,62.8,61,0.99,IGI,802623445,https://api.igi.org/viewpdf.php?r=802623445,
M-8,Fancy Colour,Fancy Vivid Blue,Marquise,0.23,Under 1ct,VVS2,,VG,VG,6.82 X 3.11 X 1.9,61.1,60,2.19,IGI,786694024,https://api.igi.org/viewpdf.php?r=786694024,
R-66,Fancy Colour,Fancy Pink,Round,0.23,Under 1ct,VVS2,EX,VG,VG,4.01 X 4.06 X 2.37,58.7,62,0.99,IGI,802623447,https://api.igi.org/viewpdf.php?r=802623447,
R-68,Fancy Colour,Fancy Light Pink,Round,0.22,Under 1ct,VVS2,VG,GD,VG,3.85 X 3.91 X 2.37,61.1,63,0.98,IGI,802623428,https://api.igi.org/viewpdf.php?r=802623428,
R-60,Fancy Colour,Fancy Intense Pink,Round,0.22,Under 1ct,VS1,EX,VG,VG,3.87 X 3.92 X 2.39,61.4,61,0.99,IGI,802623450,https://api.igi.org/viewpdf.php?r=802623450,
R-13,Fancy Colour,Fancy Pink,Round,0.22,Under 1ct,SI1,VG,VG,GD,3.89 X 3.95 X 2.39,60.9,61,0.98,IGI,802623448,https://api.igi.org/viewpdf.php?r=802623448,
R-25,Fancy Colour,Fancy Intense Pink,Round,0.21,Under 1ct,SI1,GD,VG,GD,3.85 X 3.88 X 2.29,59.2,61,0.99,IGI,802623429,https://api.igi.org/viewpdf.php?r=802623429,
PF-12,Fancy Colour,Fancy Intense Pink,Emerald,0.21,Under 1ct,VVS2,,VG,VG,3.85 X 2.95 X 2.05,69.5,66,1.31,IGI,760590867,https://api.igi.org/viewpdf.php?r=760590867,
PF-36,Fancy Colour,Fancy Vivid Pink,Pear,0.2,Under 1ct,VVS2,,VG,VG,4.95 X 3.22 X 2.16,67.1,54,1.54,IGI,760590863,https://api.igi.org/viewpdf.php?r=760590863,
R-41,Fancy Colour,Fancy Intense Pink,Round,0.2,Under 1ct,SI1,EX,VG,VG,3.73 X 3.75 X 2.34,62.6,60,0.99,IGI,802623464,https://api.igi.org/viewpdf.php?r=802623464,
R-5,Fancy Colour,Fancy Intense Pink,Round,0.2,Under 1ct,VS1,EX,EX,VG,3.75 X 3.79 X 2.29,60.6,63,0.99,IGI,802623467,https://api.igi.org/viewpdf.php?r=802623467,
R-45,Fancy Colour,Light Pink,Round,0.2,Under 1ct,VVS2,VG,VG,VG,3.7 X 3.76 X 2.34,62.7,59,0.98,IGI,802623469,https://api.igi.org/viewpdf.php?r=802623469,
R-9,Fancy Colour,Fancy Pink,Round,0.2,Under 1ct,VS2,EX,VG,VG,3.75 X 3.82 X 2.32,61.2,61,0.98,IGI,802623468,https://api.igi.org/viewpdf.php?r=802623468,
R-43,Fancy Colour,Fancy Pink,Round,0.19,Under 1ct,VS1,VG,VG,GD,3.68 X 3.72 X 2.29,61.8,57,0.99,IGI,802623466,https://api.igi.org/viewpdf.php?r=802623466,
R-36,Fancy Colour,Fancy Intense Pink,Round,0.19,Under 1ct,VVS2,EX,VG,VG,3.67 X 3.71 X 2.26,61.3,61,0.99,IGI,802623465,https://api.igi.org/viewpdf.php?r=802623465,
R-77,Fancy Colour,Fancy Intense Pink,Round,0.18,Under 1ct,VS1,EX,VG,VG,3.58 X 3.63 X 2.24,62.2,60,0.99,IGI,802623459,https://api.igi.org/viewpdf.php?r=802623459,
R-59,Fancy Colour,Fancy Intense Pink,Round,0.18,Under 1ct,SI1,VG,VG,GD,3.61 X 3.64 X 2.27,62.7,60,0.99,IGI,802623458,https://api.igi.org/viewpdf.php?r=802623458,
R-55,Fancy Colour,Fancy Intense Pink,Round,0.17,Under 1ct,VVS2,EX,VG,VG,3.59 X 3.61 X 2.22,61.6,60,0.99,IGI,802623457,https://api.igi.org/viewpdf.php?r=802623457,
R-30,Fancy Colour,Fancy Light Pink,Round,0.17,Under 1ct,VS2,IDEAL,VG,VG,3.54 X 3.57 X 2.16,60.9,59,0.99,IGI,802623456,https://api.igi.org/viewpdf.php?r=802623456,
PDKP-2227,Fancy Colour,VIVID BLUE,OVAL,20.02,10ct+,VS2,,EX,VG,20.01 - 14.63 * 8.82,60.3,62.0,1.37,IGI,793622320,https://api.igi.org/viewpdf.php?r=793622320,https://workshop.360view.link/360viewer/360view.html?d=0306266-PDKP-2227
PDJP-111,Fancy Colour,VIVID BLUE,PEAR,1.41,1.00–1.99ct,VS1,,VG,VG,9.43 - 6.22 * 3.73,60.0,63.0,1.52,IGI,825681216,https://api.igi.org/viewpdf.php?r=825681216,https://workshop.360view.link/360viewer/360view.html?d=1808260-JP-111
PDKP-2441,Fancy Colour,LIGHT BROWN,OVAL,1.51,1.00–1.99ct,VVS2,,EX,EX,8.49 - 5.88 * 3.85,65.5,63.0,1.44,IGI,826605149,https://api.igi.org/viewpdf.php?r=826605149,https://workshop.360view.link/360viewer/360view.html?d=2208268-PDKP-2441
PDPV-123A,Fancy Colour,VIVID BROWN,PEAR,4.62,3.00–4.99ct,VS1,,EX,EX,14.82 - 8.84 * 5.34,60.4,65.0,1.68,IGI,784654973,https://api.igi.org/viewpdf.php?r=784654973,https://workshop.360view.link/360viewer/360view.html?d=2104262-PV-49-
PDKP-2434,Fancy Colour,LIGHT BROWN,OVAL,2.01,2.00–2.99ct,VVS2,,EX,EX,9.73 - 6.54 * 4.03,61.6,57.0,1.49,IGI,826605154,https://api.igi.org/viewpdf.php?r=826605154,https://workshop.360view.link/360viewer/360view.html?d=2408261-PDKP-2434
PDKP-2435,Fancy Colour,LIGHT BROWN,OVAL,2.56,2.00–2.99ct,VS1,,EX,EX,10.11 - 7.01 * 4.37,62.3,66.0,1.44,IGI,826605153,https://api.igi.org/viewpdf.php?r=826605153,https://workshop.360view.link/360viewer/360view.html?d=2408262-PDKP-2435
PDKP-2452,Fancy Colour,FANCY LIGHT BROWN,CUSHION,1.81,1.00–1.99ct,VS1,,EX,EX,8.34 - 6.06 * 3.91,64.5,64.0,1.38,IGI,826605390,https://api.igi.org/viewpdf.php?r=826605390,
PDKP-2457,Fancy Colour,LIGHT BROWN,CUSHION,1.96,1.00–1.99ct,VS1,,EX,EX,8.47 - 6.14 * 4.03,65.6,62.0,1.38,IGI,826605472,https://api.igi.org/viewpdf.php?r=826605472,
PDKP-2456,Fancy Colour,LIGHT BROWN,CUSHION,1.87,1.00–1.99ct,VS1,,EX,EX,9.44 - 6.29 * 3.66,58.2,53.0,1.5,IGI,826605473,https://api.igi.org/viewpdf.php?r=826605473,https://workshop.360view.link/360viewer/360view.html?d=2608266-PDKP-2456
PDKP-2433,Fancy Colour,FANCY LIGHT BROWN,OVAL,1.15,1.00–1.99ct,VVS2,,VG,VG,7.74 - 5.36 * 3.53,65.9,60.0,1.44,IGI,826605155,https://api.igi.org/viewpdf.php?r=826605155,https://workshop.360view.link/360viewer/360view.html?d=2608265-PDKP-2433
PDKP-1829,Fancy Colour,VIVID GREEN,CUSHION,1.59,1.00–1.99ct,VS1,,VG,EX,7.70 - 5.89 * 4.10,67.0,69.9,1.31,IGI,731579976,https://api.igi.org/viewpdf.php?r=731579976,https://workshop.360view.link/360viewer/360view.html?d=2811254-MK311
PDKP-1823,Fancy Colour,VIVID GREEN,CUSHION,1.51,1.00–1.99ct,VS2,,EX,FAIR,8 - 5.78 * 4,62.0,69.0,1.38,IGI,731579970,https://api.igi.org/viewpdf.php?r=731579970,https://workshop.360view.link/360viewer/360view.html?d=2811250-MK308
PDKP-2029,Fancy Colour,VIVID GREEN,RADIANT,3.06,3.00–4.99ct,VS1,,GOOD,EX,10.14 - 7.10 * 4.84,66.0,68.2,1.43,IGI,764698586,https://api.igi.org/viewpdf.php?r=764698586,https://workshop.360view.link/360viewer/360view.html?d=0902261-PDKP-2029
PDJK-20,Fancy Colour,VIVID GREEN,RADIANT,2.4,2.00–2.99ct,VS1,,EX,EX,9.60 - 6.50 * 4.34,66.8,65.0,1.48,IGI,783631333,https://api.igi.org/viewpdf.php?r=783631333,https://workshop.360view.link/360viewer/360view.html?d=0304261-JK-20
PDKP-1895,Fancy Colour,VIVID GREEN,ROUND,1.04,1.00–1.99ct,SI1,ID,VG,EX,6.50 - 6.53 * 4,61.3,56.0,1.0,IGI,735517050,https://api.igi.org/viewpdf.php?r=735517050,https://workshop.360view.link/360viewer/360view.html?d=2811250-MK318
PDKP-1896,Fancy Colour,VIVID GREEN,ROUND,0.81,Under 1ct,SI1,VG,VG,GOOD,6 - 6.01 * 3.60,59.9,63.0,1.0,IGI,735508795,https://api.igi.org/viewpdf.php?r=735508795,https://workshop.360view.link/360viewer/360view.html?d=2811251-mk319
PDKP-2445,Fancy Colour,VIVID GREEN,OVAL,0.93,Under 1ct,VVS2,,EX,EX,8.06 - 5.22 * 3,57.5,65.0,1.54,IGI,826605255,https://api.igi.org/viewpdf.php?r=826605255,https://workshop.360view.link/360viewer/360view.html?d=2408267-PDKP-2445
PDKP-2447,Fancy Colour,FANCY GREEN,OVAL,0.9,Under 1ct,VS1,,EX,EX,8.22 - 5.26 * 2.92,55.5,66.0,1.56,IGI,826605256,https://api.igi.org/viewpdf.php?r=826605256,https://workshop.360view.link/360viewer/360view.html?d=2408264-PDKP-2447
PDJP-10,Fancy Colour,VIVID GREEN,RADIANT,2.82,2.00–2.99ct,VVS2,,VG,EX,9.93 - 6..83 * 4.63,67.8,65.0,1.66,IGI,826605146,https://api.igi.org/viewpdf.php?r=826605146,https://workshop.360view.link/360viewer/360view.html?d=2408268-JP-10-PT
PDKP-2446,Fancy Colour,VIVID GREEN,OVAL,1.76,1.00–1.99ct,VVS2,,EX,EX,9.77 - 6.37 * 3.78,59.3,64.0,1.53,IGI,826605251,https://api.igi.org/viewpdf.php?r=826605251,https://workshop.360view.link/360viewer/360view.html?d=2608264-PDKP-2446
PDJK-53,Fancy Colour,VIVID PINK,CUSHION,8.88,5.00–9.99ct,VVS2,,VG,EX,14.86 - 10.62 * 6.72,63.3,65.0,1.4,IGI,783631650,https://api.igi.org/viewpdf.php?r=783631650,https://workshop.360view.link/360viewer/360view.html?d=1104266-JK-53-PR
PDKP-3060,Fancy Colour,VIVID PINK,CUSHION,8.01,5.00–9.99ct,VS1,,EX,EX,13.14 - 10.07 * 6.57,65.2,68.0,1.3,IGI,808608829,https://api.igi.org/viewpdf.php?r=808608829,
PDJK-7,Fancy Colour,VIVID PINK,CUSHION,5.78,5.00–9.99ct,VS1,,EX,EX,11.08 - 9.24 * 5.98,64.7,64.0,1.2,IGI,780616764,https://api.igi.org/viewpdf.php?r=780616764,https://workshop.360view.link/360viewer/360view.html?d=2403263-JK-579
PDJK-7-A,Fancy Colour,VIVID PINK,CUSHION,5.11,5.00–9.99ct,VS2,,GOOD,EX,10.58 - 8.50 * 6.07,71.4,65.0,1.24,IGI,777612645,https://api.igi.org/viewpdf.php?r=777612645,https://workshop.360view.link/360viewer/360view.html?d=1104260-JK-7-A
PDJK-8,Fancy Colour,INTENSE PINK,CUSHION,5.06,5.00–9.99ct,VS1,,EX,EX,9.73 - 8.70 * 6.10,70.1,63.0,1.12,IGI,780616763,https://api.igi.org/viewpdf.php?r=780616763,https://workshop.360view.link/360viewer/360view.html?d=2403267-JK-506
PDKP-1469,Fancy Colour,VIVID PINK,CUSHION,5.06,5.00–9.99ct,VS1,,EX,EX,12.24 - 8.83 * 5.86,66.4,60.0,1.39,IGI,724573609,https://api.igi.org/viewpdf.php?r=724573609,https://workshop.360view.link/360viewer/360view.html?d=1808256-PDKP-1469
PDKP-2124,Fancy Colour,VIVID PINK,CUSHION,5.06,5.00–9.99ct,VS2,,EX,EX,11.43 - 8.96 * 5.72,63.8,68.0,1.28,IGI,779630403,https://api.igi.org/viewpdf.php?r=779630403,https://workshop.360view.link/360viewer/360view.html?d=2503267-PDKP-2124-PR
PDKP-3059,Fancy Colour,VIVID PINK,CUSHION,5.01,5.00–9.99ct,VS2,,EX,EX,11.92 - 8.61 * 5.65,65.6,55.0,1.38,IGI,804643368,https://api.igi.org/viewpdf.php?r=804643368,
PDJK-2,Fancy Colour,INTENSE PINK,CUSHION,5.0,5.00–9.99ct,VS2,,EX,EX,11.01 - 8.25 - 5.91,71.6,57.0,1.33,IGI,778614223,https://api.igi.org/viewpdf.php?r=778614223,https://workshop.360view.link/360viewer/360view.html?d=1103268-JK-2-PR
PDKP-3058,Fancy Colour,VIVID PINK,CUSHION,5.0,5.00–9.99ct,VS1,,EX,EX,12.01 - 8.62 * 5.42,62.9,66.0,1.39,IGI,804643370,https://api.igi.org/viewpdf.php?r=804643370,
PDKP-2364,Fancy Colour,INTENSE PINK,CUSHION,4.55,3.00–4.99ct,VVS2,,EX,EX,9.69 - 9.64 * 5.96,61.8,66.0,1.01,IGI,810615203,https://api.igi.org/viewpdf.php?r=810615203,https://workshop.360view.link/360viewer/360view.html?d=2006264-PDKP-23064
PDKP-2178,Fancy Colour,INTENSE PINK,CUSHION,3.84,3.00–4.99ct,VVS2,,VG,EX,8.79 - 8.77 * 5.46,62.3,67.0,1.0,IGI,783630955,https://api.igi.org/viewpdf.php?r=783630955,https://workshop.360view.link/360viewer/360view.html?d=0904261-PDKP-2178
PDKP-2132,Fancy Colour,VIVID PINK,CUSHION,3.78,3.00–4.99ct,VS1,,EX,EX,11.06 - 8.01 * 5.13,64.0,64.0,1.38,IGI,782621273,https://api.igi.org/viewpdf.php?r=782621273,https://workshop.360view.link/360viewer/360view.html?d=3003261-PDKP-1132
PDKP-2123,Fancy Colour,VIVID PINK,CUSHION,3.76,3.00–4.99ct,VS1,,EX,VG,10.92 - 7.98 * 5.07,63.5,63.0,1.37,IGI,779630407,https://api.igi.org/viewpdf.php?r=779630407,https://workshop.360view.link/360viewer/360view.html?d=2503264-PDKP-2123-PR
PDJK-8a,Fancy Colour,VIVID PINK,CUSHION,3.09,3.00–4.99ct,VS2,,EX,EX,9.23 - 7.51 * 4.99,66.4,62.0,1.23,IGI,782623634,https://api.igi.org/viewpdf.php?r=782623634,https://workshop.360view.link/360viewer/360view.html?d=0204264-JK-8-A
PDJK-16,Fancy Colour,VIVID PINK,CUSHION,2.82,2.00–2.99ct,VS2,,EX,EX,8.93 - 7.17 * 4.77,66.5,63.0,1.25,IGI,780616729,https://api.igi.org/viewpdf.php?r=780616729,https://workshop.360view.link/360viewer/360view.html?d=2403267-JK-282
PDKP-2023,Fancy Colour,VIVID PINK,CUSHION,2.71,2.00–2.99ct,VVS2,,EX,EX,10.36 - 6.92 * 4.36,63.0,65.0,1.5,IGI,733591528,https://api.igi.org/viewpdf.php?r=733591528,https://workshop.360view.link/360viewer/360view.html?d=2909257-SS-37-SM
PDKL-29,Fancy Colour,VIVID PINK,CUSHION,2.52,2.00–2.99ct,VS1,,EX,EX,8.35 - 6.77 * 4.86,71.8,56.0,1.23,IGI,681516498,https://api.igi.org/viewpdf.php?r=681516498,https://workshop.360view.link/360viewer/360view.html?d=2402255-681516498
PDKP-2222,Fancy Colour,VIVID PINK,CUSHION,2.41,2.00–2.99ct,VS1,,EX,EX,7.59 - 7.56 * 4.75,62.8,66.0,1.0,IGI,788685650,https://api.igi.org/viewpdf.php?r=788685650,https://workshop.360view.link/360viewer/360view.html?d=2204267-PDKP-2221
PDKP-2142,Fancy Colour,VIVID PINK,CUSHION,2.38,2.00–2.99ct,VVS1,,EX,EX,7.75 - 7.65 * 4.65,60.8,65.0,1.01,IGI,783630141,https://api.igi.org/viewpdf.php?r=783630141,https://workshop.360view.link/360viewer/360view.html?d=0304265-PDKP-2142
PDKP-2228-A,Fancy Colour,VIVID PINK,CUSHION,2.26,2.00–2.99ct,VVS2,,EX,VG,7.43 - 7.41 * 4.57,61.7,65.0,1.0,IGI,788685921,https://api.igi.org/viewpdf.php?r=788685921,https://workshop.360view.link/360viewer/360view.html?d=3004267-PDKP-2228-PR
PDKP-2384,Fancy Colour,VIVID PINK,CUSHION,2.17,2.00–2.99ct,VVS2,,EX,EX,7.03 - 6.99 * 4.56,65.2,65.0,1.01,IGI,817666201,https://api.igi.org/viewpdf.php?r=817666201,https://workshop.360view.link/360viewer/360view.html?d=1508268-PDKP-2384
PDKP-2383,Fancy Colour,VIVID PINK,CUSHION,2.07,2.00–2.99ct,VVS1,,EX,EX,6.98 - 6.88 * 4.57,66.4,62.0,1.01,IGI,817666200,https://api.igi.org/viewpdf.php?r=817666200,https://workshop.360view.link/360viewer/360view.html?d=1508265-PDKP-2383
PDKP-2385,Fancy Colour,VIVID PINK,CUSHION,2.06,2.00–2.99ct,VVS2,,EX,EX,6.96 - 6.95 * 4.56,65.6,63.0,1.0,IGI,817666202,https://api.igi.org/viewpdf.php?r=817666202,https://workshop.360view.link/360viewer/360view.html?d=1508268-PDKP-2385
PDKP-2388,Fancy Colour,VIVID PINK,CUSHION,2.06,2.00–2.99ct,VS1,,VG,VG,6.98 - 6.74 * 4.57,67.8,64.0,1.04,IGI,817666205,https://api.igi.org/viewpdf.php?r=817666205,https://workshop.360view.link/360viewer/360view.html?d=1508262-PDKP-2388
PDKP-2386,Fancy Colour,VIVID PINK,CUSHION,2.05,2.00–2.99ct,VVS2,,VG,VG,6.96 - 6.92 * 4.51,65.2,67.0,1.01,IGI,817666203,https://api.igi.org/viewpdf.php?r=817666203,https://workshop.360view.link/360viewer/360view.html?d=1508262-PDKP-2386
PDKP-2387,Fancy Colour,VIVID PINK,CUSHION,2.05,2.00–2.99ct,VVS1,,VG,VG,6.96 - 6.95 * 4.48,64.5,64.0,1.0,IGI,817666204,https://api.igi.org/viewpdf.php?r=817666204,https://workshop.360view.link/360viewer/360view.html?d=1508266-PDKP-2387
PDKP-1838,Fancy Colour,VIVID PINK,CUSHION,1.65,1.00–1.99ct,VS1,,EX,EX,8.34 - 6.07 * 4.03,66.4,62.0,1.37,IGI,691561180,https://api.igi.org/viewpdf.php?r=691561180,https://workshop.360view.link/360viewer/360view.html?d=0704254-691561180
PDKP-2221,Fancy Colour,VIVID PINK,CUSHION,1.59,1.00–1.99ct,VVS2,,EX,VG,6.57 - 6.90 * 4.21,64.8,63.0,0.95,IGI,788685649,https://api.igi.org/viewpdf.php?r=788685649,https://workshop.360view.link/360viewer/360view.html?d=2204267-PDKP-2221
PDKP-1837,Fancy Colour,VIVID PINK,CUSHION,1.56,1.00–1.99ct,VVS2,,EX,VG,8.23 - 5.94 * 4.01,67.5,59.0,1.39,IGI,691561169,https://api.igi.org/viewpdf.php?r=691561169,https://workshop.360view.link/360viewer/360view.html?d=0704250-691561169
PDKP-2110,Fancy Colour,VIVID PINK,CUSHION,1.56,1.00–1.99ct,VS1,,EX,EX,8.63 - 5.95 * 3.82,64.2,68.0,1.45,IGI,770624683,https://api.igi.org/viewpdf.php?r=770624683,https://workshop.360view.link/360viewer/360view.html?d=1003264-PDKP-2110
PDKP-2068,Fancy Colour,INTENSE PINK,CUSHION,1.47,1.00–1.99ct,VVS2,,VG,EX,6.62 - 6.55 * 4.44,67.8,63.0,1.01,IGI,790652623,https://api.igi.org/viewpdf.php?r=790652623,https://workshop.360view.link/360viewer/360view.html?d=3004265-PDKP-2068-PR
PDKP-1836,Fancy Colour,INTENSE PINK,CUSHION,1.41,1.00–1.99ct,VVS2,,EX,EX,7.74 - 5.68 * 3.95,69.5,63.0,1.36,IGI,693508636,https://api.igi.org/viewpdf.php?r=693508636,https://workshop.360view.link/360viewer/360view.html?d=1504252-693508636
PDKP-2375,Fancy Colour,VIVID PINK,CUSHION,1.09,1.00–1.99ct,VVS2,,EX,EX,5.58 - 5.57 * 3.70,66.4,61.0,1.0,IGI,817666208,https://api.igi.org/viewpdf.php?r=817666208,https://workshop.360view.link/360viewer/360view.html?d=1508264-PDKP-2375
PDKP-2380,Fancy Colour,VIVID PINK,CUSHION,1.08,1.00–1.99ct,VVS2,,EX,VG,5.66 - 5.61 * 3.66,65.2,61.0,1.01,IGI,817666212,https://api.igi.org/viewpdf.php?r=817666212,https://workshop.360view.link/360viewer/360view.html?d=1508262-PDKP-2380
PDKP-2374,Fancy Colour,VIVID PINK,CUSHION,1.05,1.00–1.99ct,VS1,,EX,VG,5.56 - 5.51 * 3.62,65.7,61.0,1.01,IGI,817666207,https://api.igi.org/viewpdf.php?r=817666207,https://workshop.360view.link/360viewer/360view.html?d=1508260-PDKP-2374
PDKP-2377,Fancy Colour,VIVID PINK,CUSHION,1.05,1.00–1.99ct,VVS2,,VG,EX,5.57 - 5.53 * 3.62,65.5,63.0,1.01,IGI,817666210,https://api.igi.org/viewpdf.php?r=817666210,https://workshop.360view.link/360viewer/360view.html?d=1508267-PDKP-2377
PDKP-2373,Fancy Colour,VIVID PINK,CUSHION,1.04,1.00–1.99ct,VVS2,,VG,VG,5.57 - 5.54 * 3.63,65.5,61.0,1.01,IGI,817666206,https://api.igi.org/viewpdf.php?r=817666206,https://workshop.360view.link/360viewer/360view.html?d=1508265-PDKP-2373
PDKP-2376,Fancy Colour,VIVID PINK,CUSHION,1.04,1.00–1.99ct,VVS1,,EX,EX,5.49 - 5.47 * 3.66,66.9,63.0,1.0,IGI,817666209,https://api.igi.org/viewpdf.php?r=817666209,https://workshop.360view.link/360viewer/360view.html?d=1508267-PDKP-2376
PDKP-2378,Fancy Colour,VIVID PINK,CUSHION,1.02,1.00–1.99ct,VS1,,EX,VG,5.55 - 5.54 * 3.53,63.7,62.0,1.0,IGI,817666211,https://api.igi.org/viewpdf.php?r=817666211,https://workshop.360view.link/360viewer/360view.html?d=1508266-PDKP-2378
PDKP-2379,Fancy Colour,VIVID PINK,CUSHION,1.01,1.00–1.99ct,VS1,,VG,VG,5.63 - 5.55 * 3.43,61.8,66.0,1.01,IGI,826604932,https://api.igi.org/viewpdf.php?r=826604932,https://workshop.360view.link/360viewer/360view.html?d=1508268-PDKP-2379
PDKP-2338,Fancy Colour,VIVID PINK,CUSHION,0.84,Under 1ct,VS1,,VG,VG,5.07 - 5.01 * 3.40,67.9,65.0,1.01,IGI,795624195,https://api.igi.org/viewpdf.php?r=795624195,https://workshop.360view.link/360viewer/360view.html?d=2005268-PDKP-2338
PDKP-2173,Fancy Colour,VIVID PINK,CUSHION,0.8,Under 1ct,VS1,,VG,VG,5.09 - 4.90 * 3.47,70.8,59.0,1.04,IGI,784655021,https://api.igi.org/viewpdf.php?r=784655021,https://workshop.360view.link/360viewer/360view.html?d=0303262-kl-24-pr
PDKP-2415,Fancy Colour,VIVID PINK,CUSHION,0.78,Under 1ct,VVS2,,VG,VG,5.02 - 4.94 * 3.32,67.2,67.0,1.02,IGI,826604960,https://api.igi.org/viewpdf.php?r=826604960,https://workshop.360view.link/360viewer/360view.html?d=1508268-PDKP-2415
PDKP-2398,Fancy Colour,VIVID PINK,CUSHION,0.73,Under 1ct,VVS2,,VG,VG,5.09 - 4.86 * 3.20,65.8,61.0,1.05,IGI,826604943,https://api.igi.org/viewpdf.php?r=826604943,https://workshop.360view.link/360viewer/360view.html?d=1208264-PDKP-2398
PDKP-2172,Fancy Colour,VIVID PINK,CUSHION,0.71,Under 1ct,VS1,,VG,GOOD,5.41 - 4.39 * 3.19,72.7,59.0,1.23,IGI,784655020,https://api.igi.org/viewpdf.php?r=784655020,https://workshop.360view.link/360viewer/360view.html?d=0303268-kl-23-pr
PDKP-2427,Fancy Colour,VIVID PINK,CUSHION,0.71,Under 1ct,VVS2,,VG,VG,5.02 - 4.47 * 3.35,74.9,58.0,1.12,IGI,826604972,https://api.igi.org/viewpdf.php?r=826604972,https://workshop.360view.link/360viewer/360view.html?d=1208267-PDKP-2427
PDKP-2403,Fancy Colour,VIVID PINK,CUSHION,0.56,Under 1ct,VS2,,VG,GD,4.93 - 4.31 * 2.80,65.0,64.0,1.14,IGI,826604948,https://api.igi.org/viewpdf.php?r=826604948,https://workshop.360view.link/360viewer/360view.html?d=1308268-PDKP-2403
PDKP-2418,Fancy Colour,VIVID PINK,CUSHION,0.49,Under 1ct,VVS2,,VG,VG,4.52 - 4.28 * 2.76,64.5,66.0,1.06,IGI,826604963,https://api.igi.org/viewpdf.php?r=826604963,https://workshop.360view.link/360viewer/360view.html?d=1508265-PDKP-2418
PDKP-2421,Fancy Colour,VIVID PINK,CUSHION,0.43,Under 1ct,VS1,,EX,EX,4.13 - 4.00 * 2.72,68.0,64.0,1.03,IGI,826604966,https://api.igi.org/viewpdf.php?r=826604966,https://workshop.360view.link/360viewer/360view.html?d=1508260-PDKP-2421
PDKP-2430,Fancy Colour,INTENSE PINK,CUSHION,0.41,Under 1ct,VVS2,,VG,VG,3.92 - 3.84 * 2.82,73.4,62.0,1.02,IGI,826604975,https://api.igi.org/viewpdf.php?r=826604975,https://workshop.360view.link/360viewer/360view.html?d=1208267-PDKP-2430
PDKP-2424,Fancy Colour,VIVID PINK,CUSHION,0.35,Under 1ct,VVS2,,VG,VG,3.98 - 3.75 * 2.45,65.3,60.0,1.06,IGI,826604969,https://api.igi.org/viewpdf.php?r=826604969,https://workshop.360view.link/360viewer/360view.html?d=1808268-PDKP-2424
PDKP-2425,Fancy Colour,VIVID PINK,CUSHION,0.33,Under 1ct,VS1,,VG,VG,3.90 - 3.69 * 2.39,64.8,63.0,1.06,IGI,826604970,https://api.igi.org/viewpdf.php?r=826604970,https://workshop.360view.link/360viewer/360view.html?d=1308267-PDKP-2425
PDKL-34,Fancy Colour,INTENSE PINK,EMERALD,8.88,5.00–9.99ct,VVS2,,EX,EX,13.93 - 9.51 * 6.45,67.8,62.0,1.46,IGI,723584116,https://api.igi.org/viewpdf.php?r=723584116,https://workshop.360view.link/360viewer/360view.html?d=0608253-PDKP-1391
PDKP-2203,Fancy Colour,INTENSE PINK,EMERALD,5.08,5.00–9.99ct,VS1,,VG,EX,11.82 - 8.09 * 5.37,66.4,62.0,1.46,IGI,786626084,https://api.igi.org/viewpdf.php?r=786626084,https://workshop.360view.link/360viewer/360view.html?d=2104266-PDKP-2202
PDKP-1396-M,Fancy Colour,INTENSE PINK,EMERALD,5.03,5.00–9.99ct,VS1,,VG,EX,11.31 - 8.12 * 5.59,68.8,64.0,1.39,IGI,731542038,https://api.igi.org/viewpdf.php?r=731542038,https://workshop.360view.link/360viewer/360view.html?d=1609252-pdkp-1396-pr
PDKP-2010,Fancy Colour,INTENSE PINK,EMERALD,5.01,5.00–9.99ct,VS1,,EX,EX,11.77 - 7.89 * 5.37,68.1,62.0,1.49,IGI,741588100,https://api.igi.org/viewpdf.php?r=741588100,https://workshop.360view.link/360viewer/360view.html?d=2212257-VV-1-PR
PDKP-2202,Fancy Colour,INTENSE PINK,EMERALD,5.01,5.00–9.99ct,VS1,,EX,EX,11.79 - 7.98 * 5.40,67.7,60.0,1.48,IGI,786626082,https://api.igi.org/viewpdf.php?r=786626082,
PDJP-105,Fancy Colour,VIVID PINK,EMERALD,3.09,3.00–4.99ct,VS1,,EX,EX,9.76 - 6.78 * 4.68,69.0,61.0,1.44,IGI,801684001,https://api.igi.org/viewpdf.php?r=801684001,https://workshop.360view.link/360viewer/360view.html?d=1606267-JP-105-
PDJP-103,Fancy Colour,VIVID PINK,EMERALD,3.07,3.00–4.99ct,VS1,,EX,EX,9.58 - 6.99 * 4.77,68.2,65.0,1.37,IGI,801684000,https://api.igi.org/viewpdf.php?r=801684000,https://workshop.360view.link/360viewer/360view.html?d=1606266-JP-103-
PDJP-104,Fancy Colour,VIVID PINK,EMERALD,3.06,3.00–4.99ct,VS1,,EX,EX,9.62 - 6.89 * 4.70,68.2,62.0,1.4,IGI,805634702,https://api.igi.org/viewpdf.php?r=805634702,https://workshop.360view.link/360viewer/360view.html?d=1606266-JP-104-176
PDH-02,Fancy Colour,INTENSE PINK,EMERALD,3.02,3.00–4.99ct,VS1,,EX,EX,10.02 - 6.53 * 4.50,68.9,67.0,1.53,IGI,756505697,https://api.igi.org/viewpdf.php?r=756505697,https://workshop.360view.link/360viewer/360view.html?d=3012251-PDKP-02-PR
PDJP-102,Fancy Colour,VIVID PINK,EMERALD,3.01,3.00–4.99ct,VS1,,EX,EX,9.63 - 6.91 * 4.58,66.3,70.0,1.39,IGI,805634703,https://api.igi.org/viewpdf.php?r=805634703,https://workshop.360view.link/360viewer/360view.html?d=1606260-JP-102-P-
PDKP-1902,Fancy Colour,VIVID PINK,EMERALD,2.99,2.00–2.99ct,VS2,,EX,EX,10.07 - 6.73 * 4.42,65.7,67.0,1.5,IGI,733591040,https://api.igi.org/viewpdf.php?r=733591040,https://workshop.360view.link/360viewer/360view.html?d=2011258-PDKP-1902
PDPV-162,Fancy Colour,INTENSE PINK,EMERALD,2.59,2.00–2.99ct,VVS2,,EX,EX,9.24 - 6.52 * 4.38,67.2,64.0,1.42,IGI,754566597,https://api.igi.org/viewpdf.php?r=754566597,https://workshop.360view.link/360viewer/360view.html?d=3012257-PV-162-PR
PDKP-1356,Fancy Colour,INTENSE PINK,EMERALD,2.56,2.00–2.99ct,VVS2,,EX,EX,8.03 - 7.51 * 4.62,61.5,67.0,1.07,IGI,713531466,https://api.igi.org/viewpdf.php?r=713531466,https://workshop.360view.link/360viewer/360view.html?d=0107250-abm-34a
PDPV-167,Fancy Colour,INTENSE PINK,EMERALD,2.54,2.00–2.99ct,VS 1,,EX,EX,9.15 - 6.54 * 4.38,67.0,62.0,1.4,IGI,754566602,https://api.igi.org/viewpdf.php?r=754566602,https://workshop.360view.link/360viewer/360view.html?d=3012250-PV-167-PR
PDKP-2247,Fancy Colour,INTENSE PINK,EMERALD,1.1,1.00–1.99ct,VS1,,EX,EX,6.88 - 4.96 * 3.30,66.5,71.0,1.39,IGI,790652629,https://api.igi.org/viewpdf.php?r=790652629,https://workshop.360view.link/360viewer/360view.html?d=2704264-PDKP-2247-
PDPV-170,Fancy Colour,INTENSE PINK,EMERALD,2.09,2.00–2.99ct,VS1,,EX,EX,8.53 - 6.11 * 4.11,67.3,65.0,1.4,IGI,754566605,https://api.igi.org/viewpdf.php?r=754566605,https://workshop.360view.link/360viewer/360view.html?d=3012258-PV-170-PR
PDPV-171,Fancy Colour,FANCY PINK,EMERALD,2.05,2.00–2.99ct,VS1,,EX,EX,8.62 - 5.98 * 4.06,67.9,66.0,1.44,IGI,754566606,https://api.igi.org/viewpdf.php?r=754566606,https://workshop.360view.link/360viewer/360view.html?d=3012255-PV-171-PR
PDPV-252,Fancy Colour,VIVID PINK,HEART,10.1,10ct+,VS2,,EX,EX,12.39 - 14.63 * 7.86,53.2,62.0,0.85,IGI,739527438,https://api.igi.org/viewpdf.php?r=739527438,https://workshop.360view.link/360viewer/360view.html?d=1805268-PV-252-P
PDPV-251,Fancy Colour,INTENSE PINK,HEART,10.02,10ct+,VS1,,EX,EX,13.23 - 13.86 * 7.71,55.6,61.0,0.95,IGI,791642889,https://api.igi.org/viewpdf.php?r=791642889,https://workshop.360view.link/360viewer/360view.html?d=1805261-PV-251-P
PDKP-2303,Fancy Colour,VIVID PINK,HEART,6.05,5.00–9.99ct,VVS2,,EX,EX,10.54 - 11.54 * 6.23,54.0,67.0,0.91,IGI,787611083,https://api.igi.org/viewpdf.php?r=787611083,https://workshop.360view.link/360viewer/360view.html?d=2504260-P-1268
PDKP-2088,Fancy Colour,VIVID PINK,HEART,5.07,5.00–9.99ct,VS2,,EX,EX,11.12 - 11.74 * 6.63,56.5,59.0,0.95,IGI,727552271,https://api.igi.org/viewpdf.php?r=727552271,https://workshop.360view.link/360viewer/360view.html?d=2702263-PDKP-2088
PDPV-256,Fancy Colour,VIVID PINK,HEART,5.01,5.00–9.99ct,VS1,,EX,EX,9.80 - 11.21 * 5.81,51.8,68.0,0.87,IGI,803614507,https://api.igi.org/viewpdf.php?r=803614507,https://workshop.360view.link/360viewer/360view.html?d=3107265-PV-255-PR-
PDKP-452,Fancy Colour,INTENSE PINK,HEART,4.52,3.00–4.99ct,VVS2,,EX,EX,10.18 - 11.16 * 5.73,51.3,68.0,0.91,IGI,727520290,https://api.igi.org/viewpdf.php?r=727520290,https://workshop.360view.link/360viewer/360view.html?d=1808258-PDKP-452
PDKP-2366,Fancy Colour,VIVID PINK,HEART,3.54,3.00–4.99ct,VVS2,,EX,EX,8.56 - 9.70 * 5.38,55.5,70.0,0.88,IGI,807663493,https://api.igi.org/viewpdf.php?r=807663493,https://workshop.360view.link/360viewer/360view.html?d=3006261-PDKP-2366-CHP
PDKP-2367,Fancy Colour,VIVID PINK,HEART,3.52,3.00–4.99ct,VVS2,,EX,EX,8.44 - 9.85 * 5.38,54.6,72.0,0.86,IGI,802625030,https://api.igi.org/viewpdf.php?r=802625030,https://workshop.360view.link/360viewer/360view.html?d=3006261-PDKP-2367-CHP
PDKP-1928,Fancy Colour,INTENSE PINK,HEART,2.87,2.00–2.99ct,VS1,,VG,VG,8.64 - 10.06 * 5.67,56.4,63.0,0.86,IGI,754564131,https://api.igi.org/viewpdf.php?r=754564131,https://workshop.360view.link/360viewer/360view.html?d=1912258-PDKP-1928
PDKP-2109,Fancy Colour,VIVID PINK,HEART,2.08,2.00–2.99ct,VVS1,,EX,EX,7.41 - 8.22 * 4.34,52.8,63.0,0.9,IGI,779609117,https://api.igi.org/viewpdf.php?r=779609117,https://workshop.360view.link/360viewer/360view.html?d=1003262-PDKP-2109
PDKP-1996,Fancy Colour,VIVID PINK,HEART,1.97,1.00–1.99ct,VS 1,,VG,EX,7.46 - 8.83 * 5.11,57.9,59.0,0.84,IGI,754566208,https://api.igi.org/viewpdf.php?r=754566208,https://workshop.360view.link/360viewer/360view.html?d=3012258-PDKP-1996-PR
PDKP-1992,Fancy Colour,VIVID PINK,HEART,1.96,1.00–1.99ct,VS1,,EX,EX,8.02 - 8.76 * 4.91,56.1,61.0,0.92,IGI,754565807,https://api.igi.org/viewpdf.php?r=754565807,https://workshop.360view.link/360viewer/360view.html?d=2612252-PDKP-1992
PDKP-1998,Fancy Colour,VIVID PINK,HEART,1.95,1.00–1.99ct,VS 1,,VG,EX,7.82 - 8.61 * 5.01,58.2,61.0,0.91,IGI,754566209,https://api.igi.org/viewpdf.php?r=754566209,https://workshop.360view.link/360viewer/360view.html?d=3012251-PDKP-1998-PR
PDKP-1994,Fancy Colour,INTENSE PINK,HEART,1.94,1.00–1.99ct,VVS2,,EX,EX,7.45 - 8.64 * 5.24,60.6,60.0,0.86,IGI,754565808,https://api.igi.org/viewpdf.php?r=754565808,https://workshop.360view.link/360viewer/360view.html?d=2612257-PDKP-1994
PDKP-2128,Fancy Colour,VIVID PINK,HEART,1.05,1.00–1.99ct,SI1,,VG,VG,5.93 - 6.28 * 3.67,58.4,61.0,0.94,IGI,778616792,https://api.igi.org/viewpdf.php?r=778616792,https://workshop.360view.link/360viewer/360view.html?d=3003268-PDKP-2128
PDJP-201,Fancy Colour,VIVID PINK,HEART,0.88,Under 1ct,VS1,,EX,VG,5.74 - 6.53 * 3.22,49.3,68.0,0.88,IGI,817665973,https://api.igi.org/viewpdf.php?r=817665973,https://workshop.360view.link/360viewer/360view.html?d=0708263-JP-201
PDJP-202,Fancy Colour,VIVID PINK,HEART,0.84,Under 1ct,VS1,,VG,VG,5.61 - 6.48 * 3.16,48.8,61.0,0.87,IGI,817665972,https://api.igi.org/viewpdf.php?r=817665972,https://workshop.360view.link/360viewer/360view.html?d=0708266-jp-202
PDJP-203,Fancy Colour,VIVID PINK,HEART,0.35,Under 1ct,VS1,,VG,VG,4.02 - 4.69 * 2.52,53.7,69.0,0.86,IGI,817665971,https://api.igi.org/viewpdf.php?r=817665971,https://workshop.360view.link/360viewer/360view.html?d=0708260-JP-203-
PDKP-1396,Fancy Colour,VIVID PINK,MARQUISE,10.53,10ct+,VS1,,EX,EX,22.86 - 11.29 * 6.57,58.2,65.0,2.02,IGI,728580349,https://api.igi.org/viewpdf.php?r=728580349,https://workshop.360view.link/360viewer/360view.html?d=1009251-PDKP-1396
PDKP-2215,Fancy Colour,VIVID PINK,MARQUISE,2.79,2.00–2.99ct,VVS2,,EX,EX,15.09 - 6.94 * 4.14,59.7,66.0,2.17,IGI,786699792,https://api.igi.org/viewpdf.php?r=786699792,https://workshop.360view.link/360viewer/360view.html?d=2104268-PDKP-2213
PDKP-2330,Fancy Colour,VIVID PINK,MARQUISE,0.81,Under 1ct,VS1,,VG,VG,8.66 - 4.55 * 3.01,66.2,60.0,1.9,IGI,795624187,https://api.igi.org/viewpdf.php?r=795624187,https://workshop.360view.link/360viewer/360view.html?d=2205263-PDKP-2330
PDKP-1926,Fancy Colour,VIVID PINK,OVAL,18.88,10ct+,VS2,,EX,EX,21.58 - 14.55 * 8.43,57.9,60.0,1.48,IGI,755521180,https://api.igi.org/viewpdf.php?r=755521180,https://workshop.360view.link/360viewer/360view.html?d=2712258-PDKP-1926
PDKP-2072,Fancy Colour,VIVID PINK,OVAL,14.66,10ct+,VS1,,EX,EX,19.60 - 13.38 * 7.79,58.2,65.0,1.46,IGI,818622702,https://api.igi.org/viewpdf.php?r=818622702,https://workshop.360view.link/360viewer/360view.html?d=1308266-PDKP-2072---
PDKP-3036,Fancy Colour,VIVID PINK,OVAL,5.26,5.00–9.99ct,VVS2,,EX,EX,13.70 - 9.69 * 5.62,58.0,63.0,1.41,IGI,811630023,https://api.igi.org/viewpdf.php?r=811630023,https://workshop.360view.link/360viewer/360view.html?d=2407267-PDKP-3046-
PDKP-1164,Fancy Colour,VIVID PINK,OVAL,4.65,3.00–4.99ct,VS1,,EX,EX,13.59 - 9.11 *  5.41,59.4,60.0,1.49,IGI,685599749,https://api.igi.org/viewpdf.php?r=685599749,https://workshop.360view.link/360viewer/360view.html?d=1703250-P-102-PR
PDPV-40,Fancy Colour,VIVID PINK,OVAL,4.64,3.00–4.99ct,VS2,,EX,EX,13.22 - 9.29 * 5.29,56.9,63.0,1.42,IGI,678590347,https://api.igi.org/viewpdf.php?r=678590347,https://workshop.360view.link/360viewer/360view.html?d=1002251-PV-40-PR
PDPV-148,Fancy Colour,VIVID PINK,OVAL,4.63,3.00–4.99ct,VS1,,EX,EX,13.98 - 9.12 * 5.22,57.2,66.0,1.53,IGI,754566737,https://api.igi.org/viewpdf.php?r=754566737,https://workshop.360view.link/360viewer/360view.html?d=1001264-PV-148-PR
PDKP-1533,Fancy Colour,VIVID PINK,OVAL,4.57,3.00–4.99ct,VS2,,EX,EX,13.29 - 9.25 * 5.29,57.2,62.0,1.44,IGI,739505024,https://api.igi.org/viewpdf.php?r=739505024,https://workshop.360view.link/360viewer/360view.html?d=1110256-PDKP-1533
PDKP-1907,Fancy Colour,VIVID PINK,OVAL,4.36,3.00–4.99ct,VVS2,,EX,EX,12.63 - 8.92 * 5.25,58.9,66.0,1.42,IGI,750531523,https://api.igi.org/viewpdf.php?r=750531523,https://workshop.360view.link/360viewer/360view.html?d=0912256-PDKP-1907
PDKP-2189,Fancy Colour,VIVID PINK,OVAL,4.35,3.00–4.99ct,VS1,,EX,EX,13.25 - 8.70 * 5.08,58.4,63.0,1.52,IGI,784655333,https://api.igi.org/viewpdf.php?r=784655333,https://workshop.360view.link/360viewer/360view.html?d=0904268-PDKP-2189
PDKP-2362,Fancy Colour,VIVID PINK,OVAL,4.21,3.00–4.99ct,VS1,,EX,EX,12.52 - 8.77 * 5.53,63.1,62.0,1.43,IGI,781641607,https://api.igi.org/viewpdf.php?r=781641607,https://workshop.360view.link/view/2103260-DL20-1100
PDKP-1929,Fancy Colour,VIVID PINK,OVAL,4.08,3.00–4.99ct,VS2,,EX,EX,12.47 - 8.84 * 5.67,64.1,61.0,1.41,IGI,741557234,https://api.igi.org/viewpdf.php?r=741557234,https://workshop.360view.link/360viewer/360view.html?d=0312256-PDKP-1929
PDKP-3070,Fancy Colour,VIVID PINK,OVAL,4.03,3.00–4.99ct,VVS2,,EX,EX,13.15 - 8.69 * 5.03,57.9,65.0,1.51,IGI,817696674,https://api.igi.org/viewpdf.php?r=817696674,
PDKP-1258,Fancy Colour,VIVID PINK,OVAL,3.91,3.00–4.99ct,VS1,,EX,EX,12.44 - 8.79 * 5.26,59.8,59.0,1.42,IGI,712535051,https://api.igi.org/viewpdf.php?r=712535051,https://workshop.360view.link/360viewer/360view.html?d=3006250-PDKP-1258
PDKP-2195,Fancy Colour,VIVID PINK,OVAL,3.9,3.00–4.99ct,VS1,,EX,EX,12.55 - 8.47 * 5.03,59.4,62.0,1.48,IGI,786625697,https://api.igi.org/viewpdf.php?r=786625697,https://workshop.360view.link/360viewer/360view.html?d=0904264-PDKP-2195
PDPV-154,Fancy Colour,VIVID PINK,OVAL,3.81,3.00–4.99ct,VS1,,EX,EX,12.07 - 8.81 * 5.11,58.0,63.0,1.37,IGI,752544365,https://api.igi.org/viewpdf.php?r=752544365,https://workshop.360view.link/360viewer/360view.html?d=1712253-pdpv-154
PDPV-157,Fancy Colour,VIVID PINK,OVAL,3.8,3.00–4.99ct,VS1,,EX,EX,11.99 - 8.76 * 5.14,58.7,64.0,1.37,IGI,754564767,https://api.igi.org/viewpdf.php?r=754564767,https://workshop.360view.link/360viewer/360view.html?d=2512255-pv-157-pr
PDPV-249,Fancy Colour,VIVID PINK,OVAL,3.73,3.00–4.99ct,VS1,,VG,EX,12.43 - 8.56 * 4.89,57.1,65.0,1.45,IGI,792694660,https://api.igi.org/viewpdf.php?r=792694660,https://workshop.360view.link/360viewer/360view.html?d=1805268-PV-249-P
PDPV-243,Fancy Colour,VIVID PINK,OVAL,3.68,3.00–4.99ct,VVS1,,EX,EX,12.43 - 8.56 * 4.97,58.1,64.0,1.45,IGI,786626695,https://api.igi.org/viewpdf.php?r=786626695,https://workshop.360view.link/360viewer/360view.html?d=2204265-PDKP-2222
PDP-132,Fancy Colour,DEEP PINK,OVAL,3.67,3.00–4.99ct,VS2,,EX,EX,11.40 - 7.98 *  5.23,65.5,58.0,1.43,IGI,688519438,https://api.igi.org/viewpdf.php?r=688519438,https://workshop.360view.link/360viewer/360view.html?d=2703253-p-132-pr
PDKP-3051,Fancy Colour,VIVID PINK,OVAL,3.65,3.00–4.99ct,VVS2,,EX,EX,12.10 - 8.50 * 4.89,57.5,66.0,1.42,IGI,816655689,https://api.igi.org/viewpdf.php?r=816655689,https://workshop.360view.link/360viewer/360view.html?d=1307262-PDKP-3051
PDKP-1520,Fancy Colour,VIVID PINK,OVAL,3.64,3.00–4.99ct,VS2,,EX,EX,12.27 - 8.39 * 4.89,58.3,65.0,1.46,IGI,737561571,https://api.igi.org/viewpdf.php?r=737561571,https://workshop.360view.link/360viewer/360view.html?d=0910253-PDKP-1520
PDKP-3012,Fancy Colour,VIVID PINK,OVAL,3.64,3.00–4.99ct,VVS2,,EX,EX,12.11 - 8.48 * 4.95,58.4,65.0,1.43,IGI,815647655,https://api.igi.org/viewpdf.php?r=815647655,https://workshop.360view.link/360viewer/360view.html?d=0907260-PDKP-3012
PDKP-3006,Fancy Colour,VIVID PINK,OVAL,3.59,3.00–4.99ct,VVS2,,EX,EX,11.96 - 8.35 * 4.95,59.3,64.0,1.43,IGI,815647683,https://api.igi.org/viewpdf.php?r=815647683,https://workshop.360view.link/360viewer/360view.html?d=0907263-PDKP-3006
PDKP-3011,Fancy Colour,VIVID PINK,OVAL,3.59,3.00–4.99ct,VVS2,,EX,EX,12.04 - 8.38 * 4.88,58.2,65.0,1.44,IGI,815647656,https://api.igi.org/viewpdf.php?r=815647656,https://workshop.360view.link/360viewer/360view.html?d=0907262-PDKP-3011
PDKP-2183,Fancy Colour,VIVID PINK,OVAL,3.57,3.00–4.99ct,VS1,,EX,EX,11.84 - 8.51 * 4.93,57.9,65.0,1.39,IGI,784655332,https://api.igi.org/viewpdf.php?r=784655332,https://workshop.360view.link/360viewer/360view.html?d=0904266-PDKP-2183
PDKP-3035,Fancy Colour,VIVID PINK,OVAL,3.56,3.00–4.99ct,VVS2,,EX,VG,12.25 - 8.42 * 4.92,58.4,64.0,1.45,IGI,816628459,https://api.igi.org/viewpdf.php?r=816628459,https://workshop.360view.link/360viewer/360view.html?d=0907264-PDKP-3035
PDKP-3000,Fancy Colour,VIVID PINK,OVAL,3.55,3.00–4.99ct,VS1,,EX,VG,11.76 - 8.52 * 4.92,57.7,65.0,1.38,IGI,815647680,https://api.igi.org/viewpdf.php?r=815647680,https://workshop.360view.link/360viewer/360view.html?d=0907266-PDKP-3000
PDKP-3034,Fancy Colour,VIVID PINK,OVAL,3.54,3.00–4.99ct,VVS2,,EX,VG,11.83 - 8.56 * 4.97,58.1,65.0,1.38,IGI,816628465,https://api.igi.org/viewpdf.php?r=816628465,https://workshop.360view.link/360viewer/360view.html?d=0907261-PDKP-3034
PDKP-3032,Fancy Colour,VIVID PINK,OVAL,3.53,3.00–4.99ct,VVS2,,EX,EX,12.31 - 8.35 * 4.82,57.7,68.0,1.47,IGI,816628466,https://api.igi.org/viewpdf.php?r=816628466,https://workshop.360view.link/360viewer/360view.html?d=0907260-PDKP-3032
PDKP-811,Fancy Colour,VIVID PINK,OVAL,3.51,3.00–4.99ct,SI1,,EX,EX,10.86 - 8.25 * 5.18,62.8,54.0,1.32,IGI,644421460,https://api.igi.org/viewpdf.php?r=644421460,https://workshop.360view.link/360viewer/360view.html?d=3107247-644421460
PDKP-2136,Fancy Colour,VIVID PINK,OVAL,3.48,3.00–4.99ct,VS1,,EX,EX,12.33 - 8.32 * 4.73,56.9,67.0,1.48,IGI,783630152,https://api.igi.org/viewpdf.php?r=783630152,https://workshop.360view.link/360viewer/360view.html?d=0304262-PDKP-2136
PDKP-3003,Fancy Colour,VIVID PINK,OVAL,3.48,3.00–4.99ct,VS1,,EX,EX,12.05 - 8.38 * 4.86,58.0,66.0,1.44,IGI,815647678,https://api.igi.org/viewpdf.php?r=815647678,https://workshop.360view.link/360viewer/360view.html?d=0907268-PDKP-3003
PDKP-3049,Fancy Colour,VIVID PINK,OVAL,3.48,3.00–4.99ct,VVS2,,EX,EX,11.98 - 8.34 * 4.87,58.4,65.0,1.44,IGI,816655690,https://api.igi.org/viewpdf.php?r=816655690,https://workshop.360view.link/360viewer/360view.html?d=1307267-PDKP-3049
PDKP-3004,Fancy Colour,VIVID PINK,OVAL,3.44,3.00–4.99ct,VVS2,,EX,EX,12.03 - 8.38 * 4.85,57.9,68.0,1.44,IGI,815647686,https://api.igi.org/viewpdf.php?r=815647686,https://workshop.360view.link/360viewer/360view.html?d=0907263-PDKP-3004
PDKP-3029,Fancy Colour,VIVID PINK,OVAL,3.4,3.00–4.99ct,VVS2,,EX,EX,12.07 - 8.33 * 4.75,57.0,66.0,1.45,IGI,816628463,https://api.igi.org/viewpdf.php?r=816628463,https://workshop.360view.link/360viewer/360view.html?d=0907268-PDKP-3029
PDKP-3048,Fancy Colour,VIVID PINK,OVAL,3.38,3.00–4.99ct,VVS2,,EX,EX,11.67 - 8.44 * 4.83,57.2,64.0,1.38,IGI,816655692,https://api.igi.org/viewpdf.php?r=816655692,https://workshop.360view.link/360viewer/360view.html?d=1307262-PDKP-3048
PDJK-9,Fancy Colour,VIVID PINK,OVAL,3.08,3.00–4.99ct,VVS2,,EX,EX,11.75 - 7.91 * 4.61,58.3,62.0,1.49,IGI,778614221,https://api.igi.org/viewpdf.php?r=778614221,https://workshop.360view.link/360viewer/360view.html?d=1103268-JK-9-PR
PDPRI-1,Fancy Colour,VIVID PINK,OVAL,3.0,3.00–4.99ct,SI2,,EX,EX,9.95 - 7.33 * 5.17,70.5,63.0,1.36,IGI,648463103,https://api.igi.org/viewpdf.php?r=648463103,
PDKP-2194,Fancy Colour,VIVID PINK,OVAL,2.84,2.00–2.99ct,VS1,,EX,EX,10.85 - 7.73 * 4.62,59.8,62.0,1.4,IGI,786625676,https://api.igi.org/viewpdf.php?r=786625676,https://workshop.360view.link/360viewer/360view.html?d=0704261-PDKP-2194
PDKP-2184,Fancy Colour,VIVID PINK,OVAL,2.82,2.00–2.99ct,VVS2,,EX,EX,11.22 - 7.75 * 4.53,58.5,64.0,1.45,IGI,786625668,https://api.igi.org/viewpdf.php?r=786625668,https://workshop.360view.link/360viewer/360view.html?d=0704263-PDKP-2184
PDKP-2218,Fancy Colour,VIVID PINK,OVAL,2.81,2.00–2.99ct,VS1,,EX,EX,10.94 - 7.74 * 4.70,60.7,64.0,1.41,IGI,786699795,https://api.igi.org/viewpdf.php?r=786699795,https://workshop.360view.link/360viewer/360view.html?d=1604262-PDKP-2218
PDKP-2196,Fancy Colour,VIVID PINK,OVAL,2.8,2.00–2.99ct,VVS2,,EX,EX,10.93 - 7.79 * 4.64,59.6,65.0,1.4,IGI,786625677,https://api.igi.org/viewpdf.php?r=786625677,https://workshop.360view.link/360viewer/360view.html?d=0704268-PDKP-2196
PDKP-2153-A,Fancy Colour,VIVID PINK,OVAL,2.78,2.00–2.99ct,VVS2,,EX,EX,10.87 - 7.82 * 4.53,57.9,65.0,1.39,IGI,786625637,https://api.igi.org/viewpdf.php?r=786625637,https://workshop.360view.link/360viewer/360view.html?d=0904266-PDKP-2153-A
PDKP-2190,Fancy Colour,VIVID PINK,OVAL,2.78,2.00–2.99ct,VS1,,EX,EX,11.27 - 7.73 * 4.52,58.5,65.0,1.46,IGI,786625673,https://api.igi.org/viewpdf.php?r=786625673,https://workshop.360view.link/360viewer/360view.html?d=0704264-PDKP-2190
PDKP-2151-A,Fancy Colour,VIVID PINK,OVAL,2.77,2.00–2.99ct,VVS2,,EX,EX,11.11 - 7.75 * 4.46,57.5,65.0,1.43,IGI,786625635,https://api.igi.org/viewpdf.php?r=786625635,https://workshop.360view.link/360viewer/360view.html?d=3004261-PDKP-2151-PR
PDPV-245,Fancy Colour,VIVID PINK,OVAL,2.77,2.00–2.99ct,VVS2,,EX,EX,11.37 - 7.73 * 4.42,57.2,66.0,1.47,IGI,786626624,https://api.igi.org/viewpdf.php?r=786626624,https://workshop.360view.link/360viewer/360view.html?d=1804261-pv-244-pr
PDKP-2198,Fancy Colour,VIVID PINK,OVAL,2.76,2.00–2.99ct,VS1,,EX,VG,10.64 - 7.76 * 4.60,59.3,65.0,1.37,IGI,786625836,https://api.igi.org/viewpdf.php?r=786625836,https://workshop.360view.link/360viewer/360view.html?d=1504266-PDKP-2198
PDPV-233,Fancy Colour,VIVID PINK,OVAL,2.76,2.00–2.99ct,VVS2,,EX,EX,11.35 - 7.63 * 4.44,66.0,58.2,1.49,IGI,786626622,https://api.igi.org/viewpdf.php?r=786626622,https://workshop.360view.link/360viewer/360view.html?d=1704265-JP-102-PR
PDPV-247,Fancy Colour,VIVID PINK,OVAL,2.76,2.00–2.99ct,VVS2,,EX,EX,11.05 - 7.75 * 4.49,57.9,66.0,1.43,IGI,792694614,https://api.igi.org/viewpdf.php?r=792694614,https://workshop.360view.link/360viewer/360view.html?d=0905265-PV-247
PDH-11,Fancy Colour,VIVID PINK,OVAL,2.75,2.00–2.99ct,VVS2,,EX,EX,11.09 - 7.56 * 4.28,56.6,61.0,1.47,IGI,754566703,https://api.igi.org/viewpdf.php?r=754566703,https://workshop.360view.link/360viewer/360view.html?d=2101264-pdh-11
PDKP-2137,Fancy Colour,VIVID PINK,OVAL,2.75,2.00–2.99ct,VVS2,,EX,EX,10.88 - 7.79 * 4.53,63.0,58.2,1.4,IGI,783630140,https://api.igi.org/viewpdf.php?r=783630140,https://workshop.360view.link/360viewer/360view.html?d=3003266-PDKP-2137
PDKP-2199,Fancy Colour,VIVID PINK,OVAL,2.75,2.00–2.99ct,VVS2,,EX,EX,11.03 - 7.71 * 4.52,58.6,66.0,1.43,IGI,786625837,https://api.igi.org/viewpdf.php?r=786625837,https://workshop.360view.link/360viewer/360view.html?d=1504268-PDKP-2199
PDKP-2273,Fancy Colour,VIVID PINK,OVAL,2.75,2.00–2.99ct,VVS2,,EX,EX,11.02 - 7.78 * 4.44,57.1,65.0,1.42,IGI,791642839,https://api.igi.org/viewpdf.php?r=791642839,https://workshop.360view.link/360viewer/360view.html?d=3004261-PDKP-2273-PR
PDPV-158,Fancy Colour,VIVID PINK,OVAL,2.75,2.00–2.99ct,VVS2,,EX,EX,11.16 - 7.72 * 4.45,57.6,65.0,1.45,IGI,754564782,https://api.igi.org/viewpdf.php?r=754564782,https://workshop.360view.link/360viewer/360view.html?d=2212251-PDPV-158
PDJK-15,Fancy Colour,VIVID PINK,OVAL,2.74,2.00–2.99ct,VVS2,,VG,EX,10.87 - 7.79 * 4.52,58.0,65.0,1.4,IGI,797637889,https://api.igi.org/viewpdf.php?r=797637889,https://workshop.360view.link/360viewer/360view.html?d=1805265-JK-15-P
PDKP-2152-A,Fancy Colour,VIVID PINK,OVAL,2.74,2.00–2.99ct,VS1,,EX,EX,11.04 - 7.82 * 4.57,58.4,62.0,1.41,IGI,784654989,https://api.igi.org/viewpdf.php?r=784654989,https://workshop.360view.link/360viewer/360view.html?d=0904262-PDKP-2152
PDKP-2180,Fancy Colour,VIVID PINK,OVAL,2.74,2.00–2.99ct,VS1,,EX,EX,10.93 - 7.69 * 4.51,58.6,67.0,1.42,IGI,786625665,https://api.igi.org/viewpdf.php?r=786625665,https://workshop.360view.link/360viewer/360view.html?d=0704267-PDKP-2180
PDKP-2216,Fancy Colour,VIVID PINK,OVAL,2.74,2.00–2.99ct,VVS2,,EX,EX,10.93 - 7.86 * 4.51,57.4,65.0,1.39,IGI,786699793,https://api.igi.org/viewpdf.php?r=786699793,https://workshop.360view.link/360viewer/360view.html?d=1604267-PDKP-2216
PDKP-2032,Fancy Colour,VIVID PINK,OVAL,2.73,2.00–2.99ct,VS1,,EX,EX,11.02 - 7.82 * 4.48,57.3,66.0,1.41,IGI,763618014,https://api.igi.org/viewpdf.php?r=763618014,https://workshop.360view.link/360viewer/360view.html?d=0902265-PDKP-2032
PDKP-2151,Fancy Colour,VIVID PINK,OVAL,2.73,2.00–2.99ct,VVS2,,EX,EX,11.06 - 7.64 * 4.45,58.2,65.0,1.45,IGI,784654988,https://api.igi.org/viewpdf.php?r=784654988,https://workshop.360view.link/360viewer/360view.html?d=0904266-PDKP-2151
PDKP-2152,Fancy Colour,VIVID PINK,OVAL,2.73,2.00–2.99ct,VVS2,,EX,EX,10.85 - 7.78 * 4.48,57.6,64.0,1.39,IGI,786625636,https://api.igi.org/viewpdf.php?r=786625636,https://workshop.360view.link/360viewer/360view.html?d=0904266-PDKP-2152-
PDKP-2154,Fancy Colour,VIVID PINK,OVAL,2.73,2.00–2.99ct,VVS2,,EX,EX,11.13 - 7.70 * 4.51,58.6,65.0,1.45,IGI,784654991,https://api.igi.org/viewpdf.php?r=784654991,https://workshop.360view.link/360viewer/360view.html?d=0904261-PDKP-2154
PDKP-2179,Fancy Colour,VIVID PINK,OVAL,2.73,2.00–2.99ct,VS1,,EX,VG,11.17 - 7.75 * 4.48,57.8,66.0,1.44,IGI,786625664,https://api.igi.org/viewpdf.php?r=786625664,https://workshop.360view.link/360viewer/360view.html?d=0704262-PDKP-2179
PDKP-2210,Fancy Colour,VIVID PINK,OVAL,2.73,2.00–2.99ct,VS1,,EX,EX,11.30 - 7.64 * 4.35,56.9,67.0,1.48,IGI,786699787,https://api.igi.org/viewpdf.php?r=786699787,https://workshop.360view.link/360viewer/360view.html?d=1604267-PDKP-2210
PDPV-234,Fancy Colour,VIVID PINK,OVAL,2.73,2.00–2.99ct,VVS2,,EX,EX,11.09 - 7.75 * 4.48,66.0,57.8,1.43,IGI,786626623,https://api.igi.org/viewpdf.php?r=786626623,https://workshop.360view.link/360viewer/360view.html?d=1704267-JP-103-PR
PDKP-2154-A,Fancy Colour,VIVID PINK,OVAL,2.72,2.00–2.99ct,VVS2,,EX,EX,11.12 - 7.69 * 4.46,58.0,63.0,1.45,IGI,786625638,https://api.igi.org/viewpdf.php?r=786625638,https://workshop.360view.link/360viewer/360view.html?d=0904268-PDKP-2154-A
PDKP-2182,Fancy Colour,VIVID PINK,OVAL,2.72,2.00–2.99ct,VS1,,EX,EX,10.89 - 7.70 * 4.54,59.0,65.0,1.41,IGI,786625667,https://api.igi.org/viewpdf.php?r=786625667,https://workshop.360view.link/360viewer/360view.html?d=0704264-PDKP-2182
PDPV-140,Fancy Colour,VIVID PINK,OVAL,2.72,2.00–2.99ct,VS1,,EX,EX,11.06 - 7.64 * 4.53,59.3,67.0,1.45,IGI,724573598,https://api.igi.org/viewpdf.php?r=724573598,https://workshop.360view.link/360viewer/360view.html?d=1408252-PV-140-PR
PDKP-2041,Fancy Colour,VIVID PINK,OVAL,2.71,2.00–2.99ct,VS1,,EX,EX,10.83 - 7.71 * 4.47,58.0,65.0,1.4,IGI,766659078,https://api.igi.org/viewpdf.php?r=766659078,https://workshop.360view.link/360viewer/360view.html?d=1702265-PDKP-2041-PR
PDKP-2265,Fancy Colour,VIVID PINK,OVAL,2.7,2.00–2.99ct,VS1,,EX,EX,11.56 - 7.67 * 4.38,57.1,66.0,1.51,IGI,790652620,https://api.igi.org/viewpdf.php?r=790652620,https://workshop.360view.link/360viewer/360view.html?d=2704268-PDKP-2265
PDKP-2135,Fancy Colour,VIVID PINK,OVAL,2.69,2.00–2.99ct,VS1,,EX,EX,11.45 - 7.57 * 4.34,57.3,67.0,1.51,IGI,783629993,https://api.igi.org/viewpdf.php?r=783629993,https://workshop.360view.link/360viewer/360view.html?d=3003267-PDKP-2135
PDKP-2213,Fancy Colour,VIVID PINK,OVAL,2.69,2.00–2.99ct,VVS2,,EX,EX,11.16 - 7.64 * 4.44,58.1,66.0,1.46,IGI,786699790,https://api.igi.org/viewpdf.php?r=786699790,https://workshop.360view.link/360viewer/360view.html?d=2104265-PDKP-2205
PDKP-2153,Fancy Colour,VIVID PINK,OVAL,2.68,2.00–2.99ct,VS1,,EX,EX,11.17 - 7.58 * 4.42,58.3,67.0,1.47,IGI,784654990,https://api.igi.org/viewpdf.php?r=784654990,https://workshop.360view.link/360viewer/360view.html?d=0904263-PDKP-2153
PDPV-248,Fancy Colour,VIVID PINK,OVAL,2.67,2.00–2.99ct,VVS2,,EX,EX,11.05 - 7.72 * 4.46,57.8,67.0,1.43,IGI,792694613,https://api.igi.org/viewpdf.php?r=792694613,https://workshop.360view.link/360viewer/360view.html?d=0905267-PV-248
PDH-08,Fancy Colour,VIVID PINK,OVAL,2.65,2.00–2.99ct,VS1,,EX,VG,11.27 - 7.51 * 4.44,59.1,62.0,1.5,IGI,758552696,https://api.igi.org/viewpdf.php?r=758552696,https://workshop.360view.link/360viewer/360view.html?d=0301263-PDH-08
PDKP-2186,Fancy Colour,VIVID PINK,OVAL,2.65,2.00–2.99ct,VVS2,,VG,VG,11.14 - 7.66 * 4.40,57.4,66.0,1.45,IGI,786625670,https://api.igi.org/viewpdf.php?r=786625670,https://workshop.360view.link/360viewer/360view.html?d=0704260-PDKP-2186
PDKP-2264,Fancy Colour,VIVID PINK,OVAL,2.65,2.00–2.99ct,VVS2,,EX,EX,11.26 - 7.72 * 4.21,54.5,66.0,1.46,IGI,790652619,https://api.igi.org/viewpdf.php?r=790652619,https://workshop.360view.link/360viewer/360view.html?d=2704260-PDKP-2264
PDJK-13-A,Fancy Colour,VIVID PINK,OVAL,2.64,2.00–2.99ct,VS1,,EX,EX,11.04 - 7.43 * 4.97,66.9,59.0,1.49,IGI,777612384,https://api.igi.org/viewpdf.php?r=777612384,https://workshop.360view.link/360viewer/360view.html?d=1003268-JK-13-A
PDKP-2030,Fancy Colour,VIVID PINK,OVAL,2.64,2.00–2.99ct,VVS2,,VG,VG,10.91 - 7.62 * 4.42,58.0,66.0,1.43,IGI,763618012,https://api.igi.org/viewpdf.php?r=763618012,https://workshop.360view.link/360viewer/360view.html?d=0902268-PDKP-2030
PDJK-16A,Fancy Colour,VIVID PINK,OVAL,2.62,2.00–2.99ct,VS1,,EX,EX,10.55 - 6.87 * 4.53,65.9,64.0,1.54,IGI,778614181,https://api.igi.org/viewpdf.php?r=778614181,https://workshop.360view.link/360viewer/360view.html?d=1003261-JK-16-A
PDPV-155,Fancy Colour,VIVID PINK,OVAL,2.61,2.00–2.99ct,VVS2,,EX,EX,11 - 7.58 * 4.38,57.8,66.0,1.45,IGI,752544372,https://api.igi.org/viewpdf.php?r=752544372,https://workshop.360view.link/360viewer/360view.html?d=1712251-PDPV-155
PDKP-2219,Fancy Colour,VIVID PINK,OVAL,2.57,2.00–2.99ct,VS1,,EX,EX,11.07 - 7.54 * 4.42,58.6,65.0,1.47,IGI,788685368,https://api.igi.org/viewpdf.php?r=788685368,https://workshop.360view.link/360viewer/360view.html?d=0105265-PDKP-2219
PDJK-20A,Fancy Colour,INTENSE PINK,OVAL,2.54,2.00–2.99ct,VS1,,EX,EX,10.31 - 6.77 * 4.46,65.9,62.0,1.52,IGI,778614182,https://api.igi.org/viewpdf.php?r=778614182,https://workshop.360view.link/360viewer/360view.html?d=1103260-JK-20-A
PDJP-25,Fancy Colour,VIVID PINK,OVAL,2.52,2.00–2.99ct,VVS2,,VG,EX,10.95 - 7.53 * 4.37,58.0,66.0,1.45,IGI,754564132,https://api.igi.org/viewpdf.php?r=754564132,https://workshop.360view.link/360viewer/360view.html?d=1712255-pdKP-1927
PDKP-1364,Fancy Colour,VIVID PINK,OVAL,2.49,2.00–2.99ct,VVS2,,EX,EX,10.45 - 7.66 * 4.36,56.9,65.0,1.36,IGI,713537539,https://api.igi.org/viewpdf.php?r=713537539,https://workshop.360view.link/360viewer/360view.html?d=2307257-PDKP-1364
PDPV-144,Fancy Colour,VIVID PINK,OVAL,2.45,2.00–2.99ct,VS1,,VG,VG,10.45 - 7.57 * 4.38,57.9,64.0,1.38,IGI,731542036,https://api.igi.org/viewpdf.php?r=731542036,https://workshop.360view.link/360viewer/360view.html?d=1709257-PV-144
PDKP-2191,Fancy Colour,VIVID PINK,OVAL,2.3,2.00–2.99ct,VVS2,,EX,EX,10.70 - 7.28 * 4.16,57.1,65.0,1.47,IGI,786625674,https://api.igi.org/viewpdf.php?r=786625674,
PDKP-2197,Fancy Colour,VIVID PINK,OVAL,2.3,2.00–2.99ct,VS1,,EX,EX,9.94 - 7.46 * 4.27,57.2,65.0,1.33,IGI,786625835,https://api.igi.org/viewpdf.php?r=786625835,https://workshop.360view.link/360viewer/360view.html?d=1504265-PDKP-2197
PDKP-2214,Fancy Colour,VIVID PINK,OVAL,2.3,2.00–2.99ct,VVS1,,EX,EX,10.31 - 7.41 * 4.32,58.3,66.0,1.39,IGI,786699791,https://api.igi.org/viewpdf.php?r=786699791,https://workshop.360view.link/360viewer/360view.html?d=1604261-PDKP-2214
PDKP-2211,Fancy Colour,VIVID PINK,OVAL,2.28,2.00–2.99ct,VS2,,EX,EX,10.77 - 7.04 * 4.11,58.4,65.0,1.53,IGI,786699788,https://api.igi.org/viewpdf.php?r=786699788,https://workshop.360view.link/360viewer/360view.html?d=1604260-PDKP-2211
PDH-10,Fancy Colour,VIVID PINK,OVAL,2.27,2.00–2.99ct,VS1,,EX,EX,10.69 - 7.12 * 4.17,58.6,66.0,1.5,IGI,754566690,https://api.igi.org/viewpdf.php?r=754566690,https://workshop.360view.link/360viewer/360view.html?d=1001267-PDH-10-PR
PDKP-2034,Fancy Colour,VIVID PINK,OVAL,2.14,2.00–2.99ct,VVS2,,VG,EX,10.18 - 7.11 * 4.09,57.5,65.0,1.43,IGI,763618016,https://api.igi.org/viewpdf.php?r=763618016,https://workshop.360view.link/360viewer/360view.html?d=0902265-PDKP-2034
PDKP-2035,Fancy Colour,VIVID PINK,OVAL,2.08,2.00–2.99ct,VVS1,,VG,EX,9.70 - 7 * 4.22,60.3,66.0,1.39,IGI,763618017,https://api.igi.org/viewpdf.php?r=763618017,https://workshop.360view.link/360viewer/360view.html?d=0902264-PDKP-2035
PDPV-235,Fancy Colour,VIVID PINK,OVAL,1.95,1.00–1.99ct,VVS2,,EX,EX,10.32 - 6.79 * 3.93,67.0,57.9,1.52,IGI,786626621,https://api.igi.org/viewpdf.php?r=786626621,https://workshop.360view.link/360viewer/360view.html?d=1704261-JP-101-PR
PDPV-236,Fancy Colour,VIVID PINK,OVAL,1.94,1.00–1.99ct,VS1,,EX,VG,9.77 - 6.82 * 4.01,64.0,58.8,1.43,IGI,786626750,https://api.igi.org/viewpdf.php?r=786626750,https://workshop.360view.link/360viewer/360view.html?d=1704268-JP-114-PR
PDPV-237,Fancy Colour,VIVID PINK,OVAL,1.93,1.00–1.99ct,VVS2,,EX,EX,9.90 - 6.96 * 4.02,65.0,57.8,1.42,IGI,786626625,https://api.igi.org/viewpdf.php?r=786626625,https://workshop.360view.link/360viewer/360view.html?d=1704261-JP-106-PR
PDPV-238,Fancy Colour,VIVID PINK,OVAL,1.9,1.00–1.99ct,IF,,EX,EX,10.21 - 6.62 * 3.96,66.0,59.8,1.54,IGI,786626628,https://api.igi.org/viewpdf.php?r=786626628,https://workshop.360view.link/360viewer/360view.html?d=1704264-JP-110-PR
PDPV-244,Fancy Colour,VIVID PINK,OVAL,1.89,1.00–1.99ct,VS1,,EX,VG,9.41 - 6.90 * 4.04,58.6,65.0,1.36,IGI,786626749,https://api.igi.org/viewpdf.php?r=786626749,https://workshop.360view.link/360viewer/360view.html?d=1804267-pv-243-pr
PDPV-246,Fancy Colour,VIVID PINK,OVAL,1.79,1.00–1.99ct,VVS2,,EX,EX,9.74 - 6.72 * 3.85,57.3,65.0,1.45,IGI,786626629,https://api.igi.org/viewpdf.php?r=786626629,https://workshop.360view.link/360viewer/360view.html?d=3004263-PV-246
PDH-09,Fancy Colour,VIVID PINK,OVAL,1.67,1.00–1.99ct,VVS2,,EX,VG,9.51 - 6.52 * 3.78,58.0,63.0,1.46,IGI,758552697,https://api.igi.org/viewpdf.php?r=758552697,https://workshop.360view.link/360viewer/360view.html?d=0301262-PDH-09
PDPV-239,Fancy Colour,VIVID PINK,OVAL,1.36,1.00–1.99ct,VS1,,EX,EX,8.49 - 6.09 * 3.68,64.0,60.4,1.39,IGI,786626627,https://api.igi.org/viewpdf.php?r=786626627,https://workshop.360view.link/360viewer/360view.html?d=1704267-JP-109-PR
PDPV-241,Fancy Colour,VIVID PINK,OVAL,1.21,1.00–1.99ct,VVS2,,EX,EX,8.06 - 5.92 * 3.45,63.0,58.3,1.36,IGI,786626626,https://api.igi.org/viewpdf.php?r=786626626,https://workshop.360view.link/360viewer/360view.html?d=1704260-JP-108-PR
PDKP-2166,Fancy Colour,VIVID PINK,OVAL,0.93,Under 1ct,VS2,,VG,GOOD,6.74 - 4.97 * 3.42,68.8,61.0,1.36,IGI,784655014,https://api.igi.org/viewpdf.php?r=784655014,https://workshop.360view.link/360viewer/360view.html?d=0303263-KL-11-PR
PDKP-2389,Fancy Colour,VIVID PINK,OVAL,0.93,Under 1ct,VS2,,VG,VG,7.27 - 5.18 * 3.17,61.2,63.0,1.4,IGI,826604934,https://api.igi.org/viewpdf.php?r=826604934,https://workshop.360view.link/360viewer/360view.html?d=1508260-PDKP-2389
PDKP-2396,Fancy Colour,VIVID PINK,OVAL,0.89,Under 1ct,VS1,,VG,VG,6.79 - 4.76 * 3.29,69.1,61.0,1.43,IGI,826604941,https://api.igi.org/viewpdf.php?r=826604941,https://workshop.360view.link/360viewer/360view.html?d=1208260-PDKP-2396
PDKP-2426,Fancy Colour,VIVID PINK,OVAL,0.84,Under 1ct,VVS2,,EX,EX,7.35 - 4.84 * 3.06,63.2,59.0,1.52,IGI,826604971,https://api.igi.org/viewpdf.php?r=826604971,https://workshop.360view.link/360viewer/360view.html?d=1208264-PDKP-2426
PDKP-2422,Fancy Colour,VIVID PINK,OVAL,0.56,Under 1ct,VVS2,,VG,EX,5.95 - 4.21 * 2.76,65.6,62.0,1.41,IGI,826604967,https://api.igi.org/viewpdf.php?r=826604967,https://workshop.360view.link/360viewer/360view.html?d=1508261-PDKP-2422
PDKP-2357,Fancy Colour,VIVID PINK,OVAL,3.1,3.00–4.99ct,VS2,,EX,EX,11.23 - 8.18 * 4.77,58.3,64.0,1.37,IGI,799626107,https://api.igi.org/viewpdf.php?r=799626107,https://workshop.360view.link/360viewer/360view.html?d=2905260-PDKP-2357
PDKP-2350,Fancy Colour,VIVID PINK,OVAL,0.91,Under 1ct,VVS2,,VG,VG,7.10 - 4.80 * 3.33,69.4,58.0,1.48,IGI,799626110,https://api.igi.org/viewpdf.php?r=799626110,https://workshop.360view.link/360viewer/360view.html?d=2905264-PDKP-2350
PDKP-2321,Fancy Colour,VIVID PINK,OVAL,0.63,Under 1ct,VVS2,,VG,VG,6.22 - 4.17 * 2.97,71.2,59.0,1.49,IGI,795624178,https://api.igi.org/viewpdf.php?r=795624178,https://workshop.360view.link/360viewer/360view.html?d=2205260-PDKP-2321
PDKP-2320,Fancy Colour,VIVID PINK,OVAL,0.44,Under 1ct,VS1,,VG,VG,5.76 - 3.76 * 2.54,67.6,55.0,1.53,IGI,795624177,https://api.igi.org/viewpdf.php?r=795624177,https://workshop.360view.link/360viewer/360view.html?d=2205266-PDKP-2320
PDKP-1246,Fancy Colour,VIVID PINK,PEAR,11.48,10ct+,VS1,,EX,EX,18.72 - 11.37 * 7.13,62.7,58.0,1.65,IGI,696544084,https://api.igi.org/viewpdf.php?r=696544084,https://workshop.360view.link/360viewer/360view.html?d=0105254-PDKP-1246
PDKP-1241,Fancy Colour,VIVID PINK,PEAR,10.99,10ct+,VS1,,EX,EX,18.41 - 11.35 * 6.95,61.2,65.0,1.62,IGI,696544088,https://api.igi.org/viewpdf.php?r=696544088,https://workshop.360view.link/360viewer/360view.html?d=3004254-NEM-1-138
PDKP-1460,Fancy Colour,VIVID PINK,PEAR,9.37,5.00–9.99ct,VS1,,EX,EX,18.18 - 11.33 * 6.69,59.0,62.0,1.6,IGI,727568692,https://api.igi.org/viewpdf.php?r=727568692,https://workshop.360view.link/360viewer/360view.html?d=2208250-PDKP-1460
PDKP-2075,Fancy Colour,VIVID PINK,PEAR,9.2,5.00–9.99ct,VVS2,,EX,EX,18.39 - 11.52 * 6.48,56.3,66.0,1.6,IGI,818622703,https://api.igi.org/viewpdf.php?r=818622703,https://workshop.360view.link/360viewer/360view.html?d=1308268-PDKP-2073--
PDKP-3054-A,Fancy Colour,VIVID PINK,PEAR,9.02,5.00–9.99ct,VVS2,,EX,EX,18.35 - 11.34 * 6.53,57.6,66.0,1.62,IGI,816663018,https://api.igi.org/viewpdf.php?r=816663018,https://workshop.360view.link/360viewer/360view.html?d=1307262-PDKP-3054
PDPV-115,Fancy Colour,VIVID PINK,PEAR,6.91,5.00–9.99ct,VVS2,,EX,VG,17.43 - 10.25 * 5.96,58.1,66.0,1.7,IGI,712534975,https://api.igi.org/viewpdf.php?r=712534975,https://workshop.360view.link/360viewer/360view.html?d=2006256-pv115
PDPV-106,Fancy Colour,VIVID PINK,PEAR,6.43,5.00–9.99ct,VVS2,,EX,EX,16.90 - 9.90 * 5.90,59.5,65.0,1.71,IGI,704515621,https://api.igi.org/viewpdf.php?r=704515621,https://workshop.360view.link/360viewer/360view.html?d=0905255-PV-106-PR
PDKP-3063,Fancy Colour,VIVID PINK,PEAR,6.31,5.00–9.99ct,VS1,,EX,EX,16.63 - 9.98 * 5.73,57.4,71.0,1.67,IGI,809685099,https://api.igi.org/viewpdf.php?r=809685099,https://workshop.360view.link/360viewer/360view.html?d=2007266-PDKP-3063
PDKP-1541,Fancy Colour,VIVID PINK,PEAR,6.01,5.00–9.99ct,VS1,,VG,VG,15.75 - 9.42 * 5.44,57.7,65.0,1.67,IGI,742524883,https://api.igi.org/viewpdf.php?r=742524883,https://workshop.360view.link/360viewer/360view.html?d=1111252-pdkp-1541
PDKP-3044,Fancy Colour,VIVID PINK,PEAR,5.36,5.00–9.99ct,VVS2,,EX,EX,14.90 - 9.52 * 5.62,59.0,64.0,1.57,IGI,811630026,https://api.igi.org/viewpdf.php?r=811630026,https://workshop.360view.link/360viewer/360view.html?d=2407266-PDKP-3044
PDKP-3042,Fancy Colour,VIVID PINK,PEAR,5.34,5.00–9.99ct,VVS2,,EX,EX,15.08 - 9.49 * 5.42,57.1,69.0,1.59,IGI,811630024,https://api.igi.org/viewpdf.php?r=811630024,https://workshop.360view.link/360viewer/360view.html?d=2407268-PDKP-3042
PDKP-3043,Fancy Colour,VIVID PINK,PEAR,5.33,5.00–9.99ct,VVS2,,EX,EX,15.03 - 9.46 * 5.48,57.9,70.0,1.59,IGI,811630025,https://api.igi.org/viewpdf.php?r=811630025,https://workshop.360view.link/360viewer/360view.html?d=2407261-PDKP-3043
PDKP-3045,Fancy Colour,VIVID PINK,PEAR,5.09,5.00–9.99ct,VVS2,,EX,EX,14.57 - 9.50 * 5.43,57.2,65.0,1.53,IGI,811630027,https://api.igi.org/viewpdf.php?r=811630027,https://workshop.360view.link/360viewer/360view.html?d=2407262-PDKP-3045
PDKP-2361,Fancy Colour,VIVID PINK,PEAR,5.05,5.00–9.99ct,VS1,,EX,EX,15.56 - 9.26 * 5.37,58.0,65.0,1.68,IGI,807663450,https://api.igi.org/viewpdf.php?r=807663450,https://workshop.360view.link/360viewer/360view.html?d=1506264-PDKP-2361
PDKP-2372,Fancy Colour,VIVID PINK,PEAR,5.04,5.00–9.99ct,VS1,,EX,EX,13.55 - 8.43 * 5.78,68.6,63.0,1.61,IGI,816688496,https://api.igi.org/viewpdf.php?r=816688496,https://workshop.360view.link/360viewer/360view.html?d=0608260-PDKP-2372
PDKP-1360,Fancy Colour,VIVID PINK,PEAR,4.58,3.00–4.99ct,VS1,,VG,VG,14.69 - 8.90 * 5.36,60.2,62.0,1.65,IGI,723540593,https://api.igi.org/viewpdf.php?r=723540593,https://workshop.360view.link/360viewer/360view.html?d=0409251-PDKP-1360-
PDKP-3067,Fancy Colour,VIVID PINK,PEAR,4.55,3.00–4.99ct,VS1,,EX,EX,15.23 - 9.01 * 5.14,57.0,66.0,1.69,IGI,818608783,https://api.igi.org/viewpdf.php?r=818608783,
PDKP-3068,Fancy Colour,VIVID PINK,PEAR,4.51,3.00–4.99ct,VS1,,EX,EX,14.76 - 9.16 * 5.03,54.9,67.0,1.61,IGI,817696530,https://api.igi.org/viewpdf.php?r=817696530,
PDKL-30,Fancy Colour,VIVID PINK,PEAR,4.47,3.00–4.99ct,VVS2,,EX,EX,15.02 - 8.80 * 5.17,58.8,68.0,1.71,IGI,700596958,https://api.igi.org/viewpdf.php?r=700596958,https://workshop.360view.link/360viewer/360view.html?d=1205254-pv-94-pr
PDKP-1260,Fancy Colour,VIVID PINK,PEAR,4.43,3.00–4.99ct,VVS2,,EX,EX,14.94 - 8.51 * 5.28,62.0,61.0,1.76,IGI,712535006,https://api.igi.org/viewpdf.php?r=712535006,https://workshop.360view.link/360viewer/360view.html?d=2706253-PDKP-1260
PDKP-3021,Fancy Colour,VIVID PINK,PEAR,4.43,3.00–4.99ct,VVS2,,EX,EX,14.41 - 8.97 * 5.19,57.9,65.0,1.61,IGI,815647657,https://api.igi.org/viewpdf.php?r=815647657,https://workshop.360view.link/360viewer/360view.html?d=0907264-PDKP-3021
PDKP-1288,Fancy Colour,VIVID PINK,PEAR,4.35,3.00–4.99ct,VVS2,,EX,VG,14.68 - 8.57 * 5.25,61.3,61.0,1.71,IGI,713536857,https://api.igi.org/viewpdf.php?r=713536857,https://workshop.360view.link/360viewer/360view.html?d=0107254-pdkp-1288
PDKP-3022,Fancy Colour,VIVID PINK,PEAR,4.33,3.00–4.99ct,VS1,,EX,EX,14.25 - 8.87 * 5.08,57.3,67.0,1.61,IGI,815647663,https://api.igi.org/viewpdf.php?r=815647663,https://workshop.360view.link/360viewer/360view.html?d=0907266-PDKP-3022
PDKP-1294,Fancy Colour,VIVID PINK,PEAR,4.32,3.00–4.99ct,VS1,,EX,EX,15.34 - 8.63 * 5.12,59.3,64.0,1.78,IGI,713536881,https://api.igi.org/viewpdf.php?r=713536881,https://workshop.360view.link/360viewer/360view.html?d=0107257-pdkp-1294
PDKP-1331,Fancy Colour,VIVID PINK,PEAR,4.32,3.00–4.99ct,VS1,,EX,EX,14.86 - 8.70 * 5.15,59.2,67.0,1.71,IGI,713537368,https://api.igi.org/viewpdf.php?r=713537368,https://workshop.360view.link/360viewer/360view.html?d=1907254-PDKP-1331
PDKP-3069,Fancy Colour,VIVID PINK,PEAR,4.31,3.00–4.99ct,VS1,,EX,EX,14.10 -  8.85 * 5.10,57.6,62.0,1.59,IGI,817696627,https://api.igi.org/viewpdf.php?r=817696627,
PDKP-1329,Fancy Colour,VIVID PINK,PEAR,4.25,3.00–4.99ct,VVS2,,EX,EX,14.76 - 8.66 * 5.12,59.1,63.0,1.7,IGI,713537373,https://api.igi.org/viewpdf.php?r=713537373,https://workshop.360view.link/360viewer/360view.html?d=1907253-PDKP-1329
PDKP-3024,Fancy Colour,VIVID PINK,PEAR,4.23,3.00–4.99ct,VVS2,,EX,EX,14.02 - 8.85 * 5.03,56.8,66.0,1.58,IGI,815647664,https://api.igi.org/viewpdf.php?r=815647664,https://workshop.360view.link/360viewer/360view.html?d=0907266-PDKP-3024
PDKP-1327,Fancy Colour,VIVID PINK,PEAR,4.21,3.00–4.99ct,VVS2,,EX,EX,14.68 - 8.57 * 5.03,58.7,64.0,1.71,IGI,713537376,https://api.igi.org/viewpdf.php?r=713537376,https://workshop.360view.link/360viewer/360view.html?d=1907251-PDKP-1327
PDJP-420,Fancy Colour,VIVID PINK,PEAR,4.19,3.00–4.99ct,VS1,,EX,EX,14.77 - 8.50 * 4.98,58.6,61.0,1.74,IGI,745520054,https://api.igi.org/viewpdf.php?r=745520054,https://workshop.360view.link/360viewer/360view.html?d=1310250-jp-420-pr
PDKP-3025,Fancy Colour,VIVID PINK,PEAR,4.19,3.00–4.99ct,VS1,,EX,EX,14.01 - 8.78 * 5.03,57.3,65.0,1.6,IGI,815647675,https://api.igi.org/viewpdf.php?r=815647675,https://workshop.360view.link/360viewer/360view.html?d=0907261-PDKP-3025
PDKP-1256,Fancy Colour,VIVID PINK,PEAR,4.1,3.00–4.99ct,VS1,,EX,EX,14.52 - 8.53 * 5.065,59.2,62.0,1.7,IGI,712534972,https://api.igi.org/viewpdf.php?r=712534972,https://workshop.360view.link/360viewer/360view.html?d=2006256-PDKP-1256
PDKP-1332,Fancy Colour,VIVID PINK,PEAR,4.01,3.00–4.99ct,VS1,,EX,EX,14.07 - 8.50 * 5.04,59.3,61.0,1.66,IGI,713537367,https://api.igi.org/viewpdf.php?r=713537367,https://workshop.360view.link/360viewer/360view.html?d=1907253-PDKP-1332
PDKP-3020,Fancy Colour,VIVID PINK,PEAR,4.01,3.00–4.99ct,VVS2,,EX,EX,13.76 - 8.61 * 5.05,58.7,68.0,1.6,IGI,815647670,https://api.igi.org/viewpdf.php?r=815647670,https://workshop.360view.link/360viewer/360view.html?d=0907265-PDKP-3020
PDPV-143,Fancy Colour,VIVID PINK,PEAR,4.01,3.00–4.99ct,VS1,,EX,EX,13.75 - 8.58 * 5.06,59.0,64.0,1.6,IGI,726546685,https://api.igi.org/viewpdf.php?r=726546685,https://workshop.360view.link/360viewer/360view.html?d=2608256-PV-143-PR
PDKP-1262,Fancy Colour,VIVID PINK,PEAR,3.94,3.00–4.99ct,VS1,,EX,EX,14.64 - 8.37 * 4.94,59.0,63.0,1.75,IGI,712535049,https://api.igi.org/viewpdf.php?r=712535049,https://workshop.360view.link/360viewer/360view.html?d=3006257-PDKP-1262
PDKP-1341,Fancy Colour,VIVID PINK,PEAR,3.93,3.00–4.99ct,VVS2,,EX,EX,14.36 - 8.53 * 4.93,57.8,65.0,1.68,IGI,723511715,https://api.igi.org/viewpdf.php?r=723511715,https://workshop.360view.link/360viewer/360view.html?d=2807252-PDKP-1341
PDKP-1264,Fancy Colour,VIVID PINK,PEAR,3.92,3.00–4.99ct,VS1,,EX,EX,14.06 - 8.32 * 5.11,61.4,61.0,1.69,IGI,713536772,https://api.igi.org/viewpdf.php?r=713536772,https://workshop.360view.link/360viewer/360view.html?d=0107253-pdkp-1264
PDKP-1344,Fancy Colour,VIVID PINK,PEAR,3.92,3.00–4.99ct,VVS2,,EX,EX,14.50 - 8.15 * 4.84,59.4,60.0,1.78,IGI,713537480,https://api.igi.org/viewpdf.php?r=713537480,https://workshop.360view.link/360viewer/360view.html?d=2307252-PDKP-1344
PDKP-1254,Fancy Colour,VIVID PINK,PEAR,3.91,3.00–4.99ct,VS1,,EX,EX,14.70 - 8.31 * 4.86,58.5,65.0,1.77,IGI,712535005,https://api.igi.org/viewpdf.php?r=712535005,https://workshop.360view.link/360viewer/360view.html?d=2706253-PDKP-1254
PDKP-1362-A,Fancy Colour,VIVID PINK,PEAR,3.9,3.00–4.99ct,VVS2,,EX,VG,14.69 - 8.37 * 4.99,59.6,67.0,1.76,IGI,713537450,https://api.igi.org/viewpdf.php?r=713537450,https://workshop.360view.link/360viewer/360view.html?d=2307257-PDKP-1362
PDKP-1359,Fancy Colour,VIVID PINK,PEAR,3.77,3.00–4.99ct,VS1,,EX,EX,13.65 - 8.35 * 4.94,59.2,58.0,1.63,IGI,726503969,https://api.igi.org/viewpdf.php?r=726503969,https://workshop.360view.link/360viewer/360view.html?d=1408253-PDKP-1359-
PDKP-1295,Fancy Colour,VIVID PINK,PEAR,3.74,3.00–4.99ct,VS1,,EX,EX,14.38 - 8.36 * 4.83,57.8,64.0,1.72,IGI,713536930,https://api.igi.org/viewpdf.php?r=713536930,https://workshop.360view.link/360viewer/360view.html?d=0307253-PDKP-1295
PDKL-28,Fancy Colour,INTENSE PINK,PEAR,3.73,3.00–4.99ct,VS1,,EX,EX,13.73 - 8.46 * 4.83,57.1,62.0,1.62,IGI,654418133,https://api.igi.org/viewpdf.php?r=654418133,https://workshop.360view.link/360viewer/360view.html?d=2410244-PV-19
PDKP-1257,Fancy Colour,INTENSE PINK,PEAR,3.71,3.00–4.99ct,VS1,,EX,EX,14.38 - 8.30 * 4.89,58.9,66.0,1.73,IGI,713536781,https://api.igi.org/viewpdf.php?r=713536781,https://workshop.360view.link/360viewer/360view.html?d=0107254-pdkp-1257
PDPV-129,Fancy Colour,VIVID PINK,PEAR,3.71,3.00–4.99ct,VS1,,EX,EX,13.55 - 8.48 * 5.03,59.3,65.0,1.6,IGI,713537477,https://api.igi.org/viewpdf.php?r=713537477,https://workshop.360view.link/360viewer/360view.html?d=2307257-PV-129
PDKP-3064,Fancy Colour,VIVID PINK,PEAR,3.67,3.00–4.99ct,VS1,,EX,EX,13.56 - 8.42 * 4.87,57.8,67.0,1.61,IGI,811621502,https://api.igi.org/viewpdf.php?r=811621502,
PDKP-2126,Fancy Colour,VIVID PINK,PEAR,3.65,3.00–4.99ct,VS1,,EX,EX,13.64 - 8.48 * 4.84,57.1,64.0,1.61,IGI,779630401,https://api.igi.org/viewpdf.php?r=779630401,https://workshop.360view.link/360viewer/360view.html?d=2503262-PDKP-2126-PR
PDKP-2141,Fancy Colour,VIVID PINK,PEAR,3.6,3.00–4.99ct,VS1,,EX,EX,12.94 - 8.10 * 4.95,61.1,65.0,1.6,IGI,783630156,https://api.igi.org/viewpdf.php?r=783630156,https://workshop.360view.link/360viewer/360view.html?d=0304262-PDKP-2141
PDKP-2082,Fancy Colour,VIVID PINK,PEAR,3.59,3.00–4.99ct,VS1,,EX,EX,12.87 - 8.41 * 4.88,58.0,64.0,1.53,IGI,770653408,https://api.igi.org/viewpdf.php?r=770653408,https://workshop.360view.link/360viewer/360view.html?d=1103267-PDKP-2082
PDKP-3052,Fancy Colour,VIVID PINK,PEAR,3.57,3.00–4.99ct,VVS2,,EX,EX,13.41 - 8.35 * 4.85,58.1,66.0,1.61,IGI,816655687,https://api.igi.org/viewpdf.php?r=816655687,https://workshop.360view.link/360viewer/360view.html?d=1307264-PDKP-3052
PDKP-3053,Fancy Colour,VIVID PINK,PEAR,3.57,3.00–4.99ct,VVS2,,EX,EX,13.35 - 8.38 * 4.87,58.1,67.0,1.59,IGI,816655683,https://api.igi.org/viewpdf.php?r=816655683,https://workshop.360view.link/360viewer/360view.html?d=1307261-PDKP-3053
PDKP-3071,Fancy Colour,VIVID PINK,PEAR,3.56,3.00–4.99ct,VVS2,,EX,EX,13.77 - 8.15 * 4.77,58.5,66.0,1.69,IGI,818608784,https://api.igi.org/viewpdf.php?r=818608784,
PDKP-3017,Fancy Colour,VIVID PINK,PEAR,3.55,3.00–4.99ct,VS1,,EX,EX,13.19 - 8.27 * 4.82,58.3,66.0,1.59,IGI,815647661,https://api.igi.org/viewpdf.php?r=815647661,https://workshop.360view.link/360viewer/360view.html?d=0907268-PDKP-3017
PDKP-3040,Fancy Colour,VIVID PINK,PEAR,3.53,3.00–4.99ct,VVS2,,EX,EX,13.40 - 8.36 * 4.79,57.3,68.0,1.6,IGI,816628470,https://api.igi.org/viewpdf.php?r=816628470,https://workshop.360view.link/360viewer/360view.html?d=0907262-PDKP-3040
PDKP-2369,Fancy Colour,VIVID PINK,PEAR,3.51,3.00–4.99ct,VVS2,,EX,EX,13.23 - 7.77 * 4.79,61.6,64.0,1.7,IGI,819699984,https://api.igi.org/viewpdf.php?r=819699984,https://workshop.360view.link/360viewer/360view.html?d=2807263-PDKP-2369
PDP-2,Fancy Colour,DEEP PINK,PEAR,3.05,3.00–4.99ct,VS2,,EX,EX,12.97 - 7.45 * 4.55,61.1,58.0,1.74,IGI,683547564,https://api.igi.org/viewpdf.php?r=683547564,https://workshop.360view.link/360viewer/360view.html?d=2703254-p-2-pr
PDKP-1909,Fancy Colour,VIVID PINK,PEAR,2.3,2.00–2.99ct,VVS2,,EX,EX,11.40 - 7.01 * 4.27,60.9,63.0,1.63,IGI,750531541,https://api.igi.org/viewpdf.php?r=750531541,
PDKP-3002,Fancy Colour,INTENSE PINK,PEAR,2.28,2.00–2.99ct,VVS2,,EX,EX,11.37 - 7.09 * 4.15,58.5,66.0,1.6,IGI,816603733,https://api.igi.org/viewpdf.php?r=816603733,https://workshop.360view.link/360viewer/360view.html?d=1807268-PDKP-3002
PDPVY-9-A,Fancy Colour,VIVID PINK,PEAR,2.07,2.00–2.99ct,SI1,,EX,EX,10.29 - 6.76 * 4.12,60.9,60.0,1.52,IGI,683547560,https://api.igi.org/viewpdf.php?r=683547560,https://workshop.360view.link/360viewer/360view.html?d=2703253-pvy-9-a-pr
PDKP-2368,Fancy Colour,VIVID PINK,PEAR,2.06,2.00–2.99ct,VS1,,EX,EX,11.43 - 6.55 * 4,61.1,56.0,1.75,IGI,814633728,https://api.igi.org/viewpdf.php?r=814633728,https://workshop.360view.link/360viewer/360view.html?d=3006261-PDKP-2368-CHP-
PDPVY-8-D,Fancy Colour,VIVID PINK,PEAR,1.91,1.00–1.99ct,VS2,,EX,EX,10.42 - 6.60 * 4.07,61.7,58.0,1.58,IGI,683547562,https://api.igi.org/viewpdf.php?r=683547562,https://workshop.360view.link/360viewer/360view.html?d=2703255-pvy-8-d-pr
PDKP-2371,Fancy Colour,VIVID PINK,PEAR,1.75,1.00–1.99ct,VVS2,,EX,EX,9.48 - 6.03 * 4.14,68.7,59.0,1.57,IGI,809688801,https://api.igi.org/viewpdf.php?r=809688801,https://workshop.360view.link/360viewer/360view.html?d=2807265-PDKP-2371
PDPVY-13-B,Fancy Colour,VIVID PINK,PEAR,1.7,1.00–1.99ct,VS2,,EX,EX,10.37 - 6.13 * 3.81,62.2,60.0,1.69,IGI,694547241,https://api.igi.org/viewpdf.php?r=694547241,https://workshop.360view.link/360viewer/360view.html?d=2204254-PVY-13-B
PVY-9-C,Fancy Colour,VIVID PINK,PEAR,1.59,1.00–1.99ct,SI1,,EX,EX,9.40 - 6.02 * 3.84,63.8,56.0,1.56,IGI,683547565,https://api.igi.org/viewpdf.php?r=683547565,https://workshop.360view.link/360viewer/360view.html?d=2703252-pvy-9-c-pr
PDKP-2381,Fancy Colour,VIVID PINK,PEAR,1.52,1.00–1.99ct,VS1,,EX,EX,9.22 - 6.03 * 3.82,63.3,59.0,1.53,IGI,817666199,https://api.igi.org/viewpdf.php?r=817666199,https://workshop.360view.link/360viewer/360view.html?d=1508262-PDKP-2381
PDKP-2358,Fancy Colour,VIVID PINK,PEAR,1.23,1.00–1.99ct,VS2,,EX,EX,8.86 - 5.71 * 3.59,62.9,61.0,1.55,IGI,801683507,https://api.igi.org/viewpdf.php?r=801683507,https://workshop.360view.link/360viewer/360view.html?d=1006262-PDKP-2358
PDKY-1012-C,Fancy Colour,VIVID PINK,PEAR,1.21,1.00–1.99ct,SI2,,EX,EX,8.62 - 5.57 * 3.39,60.9,61.0,1.55,IGI,683547566,https://api.igi.org/viewpdf.php?r=683547566,
PDKP-2301,Fancy Colour,VIVID PINK,PEAR,1.04,1.00–1.99ct,VVS2,,EX,EX,8.14 - 5.41 * 3.22,59.5,65.0,1.5,IGI,794634108,https://api.igi.org/viewpdf.php?r=794634108,https://workshop.360view.link/360viewer/360view.html?d=0805263-PDKP-2301
PDKP-2370,Fancy Colour,VIVID PINK,PEAR,1.01,1.00–1.99ct,VVS1,,EX,EX,8.89 - 5.19 * 3.14,60.5,62.0,1.71,IGI,821610235,https://api.igi.org/viewpdf.php?r=821610235,https://workshop.360view.link/360viewer/360view.html?d=0708262-PDKP-2370
PDKP-2201,Fancy Colour,VIVID PINK,PEAR,0.93,Under 1ct,VVS2,,VG,VG,7.67 - 5.19 * 3.24,62.4,60.0,1.48,IGI,786625846,https://api.igi.org/viewpdf.php?r=786625846,https://workshop.360view.link/360viewer/360view.html?d=0303268-kl-26-pr
PDKP-2341,Fancy Colour,VIVID PINK,PEAR,0.92,Under 1ct,VS1,,VG,VG,8.75 - 5.14 * 3.01,58.6,61.0,1.7,IGI,795624198,https://api.igi.org/viewpdf.php?r=795624198,https://workshop.360view.link/360viewer/360view.html?d=2005264-PDKP-2341
JP-204,Fancy Colour,VIVID PINK,PEAR,0.9,Under 1ct,VVS2,,VG,VG,8.34 - 4.80 * 3.13,65.2,58.0,1.74,IGI,826604930,https://api.igi.org/viewpdf.php?r=826604930,https://workshop.360view.link/360viewer/360view.html?d=1208267-JP-204-
PDKP-2336,Fancy Colour,VIVID PINK,PEAR,0.89,Under 1ct,VVS2,,VG,VG,7.74 - 5.01 * 3.13,62.5,61.0,1.54,IGI,795624193,https://api.igi.org/viewpdf.php?r=795624193,https://workshop.360view.link/360viewer/360view.html?d=2005263-PDKP-2336
PDKP-2334,Fancy Colour,VIVID PINK,PEAR,0.87,Under 1ct,VVS2,,VG,VG,8.40 - 5.13 * 2.83,55.2,59.0,1.64,IGI,795624191,https://api.igi.org/viewpdf.php?r=795624191,https://workshop.360view.link/360viewer/360view.html?d=2005263-PDKP-2334
PDKP-2335,Fancy Colour,VIVID PINK,PEAR,0.86,Under 1ct,VS1,,VG,VG,7.51 - 4.96 * 3.10,62.5,58.0,1.51,IGI,795624192,https://api.igi.org/viewpdf.php?r=795624192,https://workshop.360view.link/360viewer/360view.html?d=2005264-PDKP-2335
PDKP-2417,Fancy Colour,VIVID PINK,PEAR,0.81,Under 1ct,VVS2,,VG,EX,7.35 - 4.88 * 3.11,63.7,59.0,1.51,IGI,826604962,https://api.igi.org/viewpdf.php?r=826604962,https://workshop.360view.link/360viewer/360view.html?d=1508261-PDKP-2417
PDKP-2164,Fancy Colour,VIVID PINK,PEAR,0.8,Under 1ct,VVS2,,VG,VG,7.33 - 4.77 * 3.19,66.9,56.0,1.54,IGI,784655012,https://api.igi.org/viewpdf.php?r=784655012,https://workshop.360view.link/360viewer/360view.html?d=0303266-KL-13-PR
PDKP-2167,Fancy Colour,VIVID PINK,PEAR,0.71,Under 1ct,VVS2,,VG,GOOD,7.18 - 4.70 * 2.91,61.9,62.0,1.53,IGI,784655015,https://api.igi.org/viewpdf.php?r=784655015,https://workshop.360view.link/360viewer/360view.html?d=0303267-KL-02-PR
PDKP-2407,Fancy Colour,VIVID PINK,PEAR,0.7,Under 1ct,VVS2,,VG,VG,7.03 - 4.48 * 2.96,66.1,63.0,1.57,IGI,826604952,https://api.igi.org/viewpdf.php?r=826604952,https://workshop.360view.link/360viewer/360view.html?d=1508266-PDKP-2407
PDKP-2175,Fancy Colour,VIVID PINK,PEAR,0.68,Under 1ct,VS1,,VG,VG,6.85 - 4.52 * 2.94,65.0,60.0,1.52,IGI,784655023,https://api.igi.org/viewpdf.php?r=784655023,https://workshop.360view.link/360viewer/360view.html?d=0303261-kl-4-PR
PDKP-2162,Fancy Colour,VIVID PINK,PEAR,0.67,Under 1ct,VVS2,,GOOD,VG,6.68 - 4.53 * 3.03,66.9,57.0,1.47,IGI,784655010,https://api.igi.org/viewpdf.php?r=784655010,https://workshop.360view.link/360viewer/360view.html?d=0303260-KL-10-PR
PDKP-2177,Fancy Colour,VIVID PINK,PEAR,0.66,Under 1ct,VVS2,,VG,VG,6.89 - 4.62 * 2.92,63.2,61.0,1.49,IGI,784655025,https://api.igi.org/viewpdf.php?r=784655025,https://workshop.360view.link/360viewer/360view.html?d=0303260-KL-10-PR
PDKP-2160,Fancy Colour,VIVID PINK,PEAR,0.63,Under 1ct,VS1,,VG,VG,6.54 - 4.52 * 2.88,63.7,59.0,1.45,IGI,784655008,https://api.igi.org/viewpdf.php?r=784655008,https://workshop.360view.link/360viewer/360view.html?d=0303266-kl-25-pr
PDKP-2312-A,Fancy Colour,VIVID PINK,PEAR,0.62,Under 1ct,VVS1,,VG,EX,6.59 - 4.55 * 2.84,62.4,60.0,1.45,IGI,795624169,https://api.igi.org/viewpdf.php?r=795624169,https://workshop.360view.link/360viewer/360view.html?d=2205267-PDKP-2312-
PDKP-2325,Fancy Colour,VIVID PINK,PEAR,0.58,Under 1ct,VS1,,VG,VG,6.59 - 4.35 * 2.74,63.0,60.0,1.51,IGI,795624182,https://api.igi.org/viewpdf.php?r=795624182,https://workshop.360view.link/360viewer/360view.html?d=2205261-PDKP-2325
PDKP-2317,Fancy Colour,VIVID PINK,PEAR,0.54,Under 1ct,VVS2,,VG,VG,6.61 - 4.22 * 2.70,64.0,61.0,1.57,IGI,795624174,https://api.igi.org/viewpdf.php?r=795624174,https://workshop.360view.link/360viewer/360view.html?d=2205266-PDKP-2317
PDKP-2314-A,Fancy Colour,VIVID PINK,PEAR,0.53,Under 1ct,VVS2,,VG,VG,6.23 - 4.22 * 2.81,66.6,56.0,1.48,IGI,795624171,https://api.igi.org/viewpdf.php?r=795624171,https://workshop.360view.link/360viewer/360view.html?d=2205263-PDKP-2314-
PDKP-2339,Fancy Colour,VIVID PINK,PEAR,0.52,Under 1ct,VS2,,VG,VG,6.26 - 4.16 * 2.66,63.9,59.0,1.5,IGI,795624196,https://api.igi.org/viewpdf.php?r=795624196,https://workshop.360view.link/360viewer/360view.html?d=2005263-PDKP-2339
PDKP-2161,Fancy Colour,VIVID PINK,PEAR,0.49,Under 1ct,VVS2,,VG,VG,6.09 - 4.05 * 2.70,66.7,59.0,1.5,IGI,784655009,https://api.igi.org/viewpdf.php?r=784655009,
PDKP-2412,Fancy Colour,VIVID PINK,PEAR,0.49,Under 1ct,VVS2,,VG,VG,6.35 - 3.93 * 2.61,66.4,63.0,1.62,IGI,826604957,https://api.igi.org/viewpdf.php?r=826604957,https://workshop.360view.link/360viewer/360view.html?d=1508264-PDKP-2412
PDKP-2337,Fancy Colour,VIVID PINK,PEAR,0.47,Under 1ct,VS1,,VG,VG,6.47 - 4.10 * 2.46,60.0,62.0,1.58,IGI,795624194,https://api.igi.org/viewpdf.php?r=795624194,https://workshop.360view.link/360viewer/360view.html?d=2005261-PDKP-2337
PDKP-2399,Fancy Colour,VIVID PINK,PEAR,0.47,Under 1ct,VS1,,VG,GD,6.30 - 3.90 * 2.62,67.2,61.0,1.62,IGI,826604944,https://api.igi.org/viewpdf.php?r=826604944,https://workshop.360view.link/360viewer/360view.html?d=1308268-PDKP-2399
PDKP-2318,Fancy Colour,VIVID PINK,PEAR,0.46,Under 1ct,VVS2,,VG,VG,6.04 - 4.08 * 2.56,62.7,60.0,1.48,IGI,795624175,https://api.igi.org/viewpdf.php?r=795624175,https://workshop.360view.link/360viewer/360view.html?d=2205265-PDKP-2318
PDKP-2332,Fancy Colour,VIVID PINK,PEAR,0.46,Under 1ct,VS1,,VG,VG,6.22 - 4.13 * 2.50,60.5,63.0,1.51,IGI,795624189,https://api.igi.org/viewpdf.php?r=795624189,https://workshop.360view.link/360viewer/360view.html?d=2005263-PDKP-2332
PDKP-2390,Fancy Colour,VIVID PINK,PEAR,0.45,Under 1ct,VVS2,,VG,GD,6.18 - 4.05 * 2.45,60.5,59.0,1.53,IGI,826604935,https://api.igi.org/viewpdf.php?r=826604935,https://workshop.360view.link/360viewer/360view.html?d=1508262-PDKP-2390
PDKP-2420,Fancy Colour,VIVID PINK,PEAR,0.45,Under 1ct,VVS2,,VG,VG,6.39 - 3.85 * 2.44,63.4,65.0,1.66,IGI,826604965,https://api.igi.org/viewpdf.php?r=826604965,https://workshop.360view.link/360viewer/360view.html?d=1508264-PDKP-2420
PDKP-2327,Fancy Colour,VIVID PINK,PEAR,0.44,Under 1ct,VS1,,VG,VG,6.08 - 4.05 * 2.45,60.5,60.0,1.5,IGI,795624184,https://api.igi.org/viewpdf.php?r=795624184,https://workshop.360view.link/360viewer/360view.html?d=2205260-PDKP-2327
PDKP-2429,Fancy Colour,VIVID PINK,PEAR,0.43,Under 1ct,VVS2,,VG,VG,6.24 - 3.92 * 2.43,62.0,61.0,1.59,IGI,826604974,https://api.igi.org/viewpdf.php?r=826604974,https://workshop.360view.link/360viewer/360view.html?d=1308260-PDKP-2429
PDKP-2419,Fancy Colour,VIVID PINK,PEAR,0.4,Under 1ct,VS1,,VG,VG,6.18 - 3.81 * 2.39,62.7,56.0,1.62,IGI,826604964,https://api.igi.org/viewpdf.php?r=826604964,https://workshop.360view.link/360viewer/360view.html?d=1508268-PDKP-2419
PDKP-2428,Fancy Colour,VIVID PINK,PEAR,0.4,Under 1ct,VVS2,,EX,EX,5.74 - 3.60 * 2.49,69.2,56.0,1.59,IGI,826604973,https://api.igi.org/viewpdf.php?r=826604973,https://workshop.360view.link/360viewer/360view.html?d=1308260-PDKP-2428
PDKP-2416,Fancy Colour,VIVID PINK,PEAR,0.39,Under 1ct,VS1,,VG,VG,6.00 - 3.76 * 2.40,63.8,63.0,1.6,IGI,826604961,https://api.igi.org/viewpdf.php?r=826604961,https://workshop.360view.link/360viewer/360view.html?d=1508262-PDKP-2416
PDKP-2319,Fancy Colour,VIVID PINK,PEAR,0.38,Under 1ct,VVS2,,VG,VG,6.02 - 3.69 * 2.41,65.3,57.0,1.63,IGI,795624176,https://api.igi.org/viewpdf.php?r=795624176,https://workshop.360view.link/360viewer/360view.html?d=2205262-PDKP-2319
PDKP-2406,Fancy Colour,VIVID PINK,PEAR,0.38,Under 1ct,VS1,,VG,VG,5.83 - 3.87 * 2.31,59.7,64.0,1.51,IGI,826604951,https://api.igi.org/viewpdf.php?r=826604951,https://workshop.360view.link/360viewer/360view.html?d=1508260-PDKP-2406
PDKP-2411,Fancy Colour,VIVID PINK,PEAR,0.38,Under 1ct,VVS2,,VG,VG,5.73 - 3.75 * 2.40,64.0,58.0,1.53,IGI,826604956,https://api.igi.org/viewpdf.php?r=826604956,https://workshop.360view.link/360viewer/360view.html?d=1508262-PDKP-2411
PDKP-2315-A,Fancy Colour,VIVID PINK,PEAR,0.37,Under 1ct,VVS2,,VG,VG,5.85 - 3.78 * 2.25,59.5,58.0,1.55,IGI,795624172,https://api.igi.org/viewpdf.php?r=795624172,https://workshop.360view.link/360viewer/360view.html?d=2205265-PDKP-2315-
PDKP-2401,Fancy Colour,VIVID PINK,PEAR,0.37,Under 1ct,VVS2,,VG,GD,5.70 - 3.62 * 2.39,66.0,56.0,1.57,IGI,826604946,https://api.igi.org/viewpdf.php?r=826604946,https://workshop.360view.link/360viewer/360view.html?d=1208265-PDKP-2401
PDKP-2408,Fancy Colour,VIVID PINK,PEAR,0.37,Under 1ct,VVS2,,VG,VG,5.78 - 3.82 * 2.34,61.3,66.0,1.51,IGI,826604953,https://api.igi.org/viewpdf.php?r=826604953,https://workshop.360view.link/360viewer/360view.html?d=1508261-PDKP-2408
PDKP-2394,Fancy Colour,VIVID PINK,PEAR,0.36,Under 1ct,VS1,,VG,VG,6.04 - 3.42 * 2.38,69.6,58.0,1.77,IGI,826604939,https://api.igi.org/viewpdf.php?r=826604939,https://workshop.360view.link/360viewer/360view.html?d=1508261-PDKP-2394
PDKP-2324,Fancy Colour,VIVID PINK,PEAR,0.35,Under 1ct,VVS2,,VG,VG,5.64 - 3.69 * 2.24,60.7,60.0,1.53,IGI,795624181,https://api.igi.org/viewpdf.php?r=795624181,https://workshop.360view.link/360viewer/360view.html?d=2205268-PDKP-2324
PDKP-2328,Fancy Colour,VIVID PINK,PEAR,0.35,Under 1ct,VVS2,,EX,EX,5.75 - 3.54 * 2.32,65.5,56.0,1.62,IGI,795624185,https://api.igi.org/viewpdf.php?r=795624185,https://workshop.360view.link/360viewer/360view.html?d=2205263-PDKP-2328
PDKP-2391,Fancy Colour,VIVID PINK,PEAR,0.35,Under 1ct,VVS2,,VG,GD,5.67 - 3.59 * 2.30,64.1,58.0,1.58,IGI,826604936,https://api.igi.org/viewpdf.php?r=826604936,https://workshop.360view.link/360viewer/360view.html?d=1508262-PDKP-2391
PDKP-2404,Fancy Colour,VIVID PINK,PEAR,0.35,Under 1ct,VVS2,,VG,VG,6.10 - 3.71 * 2.10,56.6,56.0,1.64,IGI,826604949,https://api.igi.org/viewpdf.php?r=826604949,https://workshop.360view.link/360viewer/360view.html?d=1308267-PDKP-2404
PDKP-2410,Fancy Colour,VIVID PINK,PEAR,0.35,Under 1ct,VVS2,,VG,VG,5.82 - 3.55 * 2.31,65.1,60.0,1.64,IGI,826604955,https://api.igi.org/viewpdf.php?r=826604955,https://workshop.360view.link/360viewer/360view.html?d=1508267-PDKP-2410
PDKP-2431,Fancy Colour,VIVID PINK,PEAR,0.35,Under 1ct,VVS2,,VG,GD,6.13 - 3.58 * 2.23,62.3,57.0,1.71,IGI,826604931,https://api.igi.org/viewpdf.php?r=826604931,https://workshop.360view.link/360viewer/360view.html?d=1508264-PDKP-2431
PDKP-2393,Fancy Colour,VIVID PINK,PEAR,0.34,Under 1ct,VS2,,VG,GD,5.69 - 3.64 * 2.25,61.8,57.0,1.56,IGI,826604938,https://api.igi.org/viewpdf.php?r=826604938,https://workshop.360view.link/360viewer/360view.html?d=1508266-PDKP-2393
PDKP-2316,Fancy Colour,VIVID PINK,PEAR,0.33,Under 1ct,VVS2,,VG,VG,6.07 - 3.59 * 2.14,59.6,63.0,1.69,IGI,795624173,https://api.igi.org/viewpdf.php?r=795624173,https://workshop.360view.link/360viewer/360view.html?d=2205268-PDKP-2316
PDKP-2331,Fancy Colour,VIVID PINK,PEAR,0.33,Under 1ct,VVS2,,VG,VG,5.64 - 3.68 * 2.31,62.8,58.0,1.53,IGI,795624188,https://api.igi.org/viewpdf.php?r=795624188,https://workshop.360view.link/360viewer/360view.html?d=2205268-PDKP-2331
PDKP-2397,Fancy Colour,VIVID PINK,PEAR,0.33,Under 1ct,VS1,,VG,GD,5.56 - 3.59 * 2.32,64.6,56.0,1.55,IGI,826604942,https://api.igi.org/viewpdf.php?r=826604942,https://workshop.360view.link/360viewer/360view.html?d=1208264-PDKP-2397
PDKP-2400,Fancy Colour,VIVID PINK,PEAR,0.33,Under 1ct,VVS2,,VG,VG,5.58 - 3.54 * 2.26,63.8,58.0,1.58,IGI,826604945,https://api.igi.org/viewpdf.php?r=826604945,https://workshop.360view.link/360viewer/360view.html?d=1308268-PDKP-2400
PDKP-2405,Fancy Colour,VIVID PINK,PEAR,0.32,Under 1ct,VS1,,VG,GD,6.02 - 3.45 * 2.18,63.2,65.0,1.74,IGI,826604950,https://api.igi.org/viewpdf.php?r=826604950,https://workshop.360view.link/360viewer/360view.html?d=1508261-PDKP-2405
PDKP-2323,Fancy Colour,VIVID PINK,PEAR,0.31,Under 1ct,VVS2,,VG,VG,5.42 - 3.47 * 2.22,64.0,62.0,1.56,IGI,795624180,https://api.igi.org/viewpdf.php?r=795624180,https://workshop.360view.link/360viewer/360view.html?d=2205260-PDKP-2323
PDKP-2392,Fancy Colour,VIVID PINK,PEAR,0.31,Under 1ct,VS2,,VG,VG,5.64 - 3.38 * 2.19,64.8,58.0,1.67,IGI,826604937,https://api.igi.org/viewpdf.php?r=826604937,https://workshop.360view.link/360viewer/360view.html?d=1208266-PDKP-2392
PDKP-2395,Fancy Colour,VIVID PINK,PEAR,0.31,Under 1ct,VVS2,,VG,GD,5.50 - 3.52 * 2.20,62.5,59.0,1.56,IGI,826604940,https://api.igi.org/viewpdf.php?r=826604940,https://workshop.360view.link/360viewer/360view.html?d=1308260-PDKP-2395
PDKP-2413,Fancy Colour,VIVID PINK,PEAR,0.31,Under 1ct,VVS2,,VG,VG,6.18 - 3.57 * 2.01,56.3,59.0,1.73,IGI,826604958,https://api.igi.org/viewpdf.php?r=826604958,https://workshop.360view.link/360viewer/360view.html?d=1508262-PDKP-2413
PDKP-2322,Fancy Colour,VIVID PINK,PEAR,0.29,Under 1ct,VVS2,,VG,VG,5.48 - 3.56 * 2.01,56.5,64.0,1.54,IGI,795624179,https://api.igi.org/viewpdf.php?r=795624179,https://workshop.360view.link/360viewer/360view.html?d=2205265-PDKP-2322
PDKP-2074-A,Fancy Colour,VIVID PINK,RADIANT,9.99,5.00–9.99ct,VS1,,VG,EX,15.20 - 10.53 * 7.05,67.0,68.0,1.44,IGI,818622699,https://api.igi.org/viewpdf.php?r=818622699,https://workshop.360view.link/360viewer/360view.html?d=1308261-PDKP-2074--
PDKP-3054,Fancy Colour,VIVID PINK,RADIANT,8.47,5.00–9.99ct,VVS2,,EX,EX,14.23 - 10.17 * 6.41,63.0,67.0,1.4,IGI,809688751,https://api.igi.org/viewpdf.php?r=809688751,https://workshop.360view.link/360viewer/360view.html?d=2407260-PDKP-3054-
PDKP-1149,Fancy Colour,INTENSE PINK,RADIANT,6.55,5.00–9.99ct,VS1,,VG,EX,13.04 - 9.01 * 6.21,68.9,65.0,1.45,IGI,681572969,https://api.igi.org/viewpdf.php?r=681572969,https://workshop.360view.link/360viewer/360view.html?d=1203254-P-128-pt
PDKP-2036,Fancy Colour,VIVID PINK,RADIANT,6.51,5.00–9.99ct,VS1,,VG,EX,13.62 - 9.21 * 6.04,66.0,65.6,1.48,IGI,763617997,https://api.igi.org/viewpdf.php?r=763617997,https://workshop.360view.link/360viewer/360view.html?d=1202265-PDKP-2036
PDKP-2115,Fancy Colour,VIVID PINK,RADIANT,6.0,5.00–9.99ct,VVS2,,EX,EX,12.79 - 8.82 * 5.99,67.9,71.0,1.45,IGI,781603282,https://api.igi.org/viewpdf.php?r=781603282,https://workshop.360view.link/360viewer/360view.html?d=2503268-PDKP-2115-PR
PDV-3,Fancy Colour,VIVID PINK,RADIANT,5.1,5.00–9.99ct,VS1,,EX,EX,12.16 - 8.61 * 5.75,66.8,66.0,1.41,IGI,776672237,https://api.igi.org/viewpdf.php?r=776672237,https://workshop.360view.link/360viewer/360view.html?d=1805267-JK-54-P
PDKP-1517,Fancy Colour,VIVID PINK,RADIANT,4.5,3.00–4.99ct,VVS2,,EX,EX,12.12 - 8.12 * 5.34,65.8,65.0,1.49,IGI,737543780,https://api.igi.org/viewpdf.php?r=737543780,https://workshop.360view.link/360viewer/360view.html?d=0810256-PDKP-1517
PDKP-3061,Fancy Colour,VIVID PINK,RADIANT,4.08,3.00–4.99ct,VS1,,EX,EX,11.148 - 7.86 * 5.17,65.8,67.0,1.42,IGI,811621507,https://api.igi.org/viewpdf.php?r=811621507,
PDJK-5,Fancy Colour,VIVID PINK,RADIANT,4.06,3.00–4.99ct,VS1,,EX,EX,11.91 - 7.63 * 5.09,66.7,65.0,1.56,IGI,775619889,https://api.igi.org/viewpdf.php?r=775619889,https://workshop.360view.link/360viewer/360view.html?d=2702261-JK-5-PR
PDKP-1513,Fancy Colour,VIVID PINK,RADIANT,4.02,3.00–4.99ct,VS2,,EX,EX,11.49 - 7.88 * 5.13,65.1,69.0,1.46,IGI,737543785,https://api.igi.org/viewpdf.php?r=737543785,https://workshop.360view.link/360viewer/360view.html?d=0810250-PDKP-1513
PDKP-2071,Fancy Colour,VIVID PINK,RADIANT,4.02,3.00–4.99ct,VS1,,VG,EX,10.89 - 8.05 * 5.32,66.1,67.0,1.35,IGI,778616756,https://api.igi.org/viewpdf.php?r=778616756,https://workshop.360view.link/360viewer/360view.html?d=1103268-PDKP-2071
PDKP-1512,Fancy Colour,VIVID PINK,RADIANT,4.01,3.00–4.99ct,VVS2,,EX,EX,11.78 - 7.91 * 4.91,62.1,69.0,1.49,IGI,737543783,https://api.igi.org/viewpdf.php?r=737543783,https://workshop.360view.link/360viewer/360view.html?d=0810256-PDKP-1512
PDKP-2074,Fancy Colour,VIVID PINK,RADIANT,3.98,3.00–4.99ct,VS1,,EX,EX,10.66 - 7.90 * 5.34,67.6,67.0,1.35,IGI,778616759,https://api.igi.org/viewpdf.php?r=778616759,https://workshop.360view.link/360viewer/360view.html?d=1103261-PDKP-2074
PDKP-904,Fancy Colour,VIVID PINK,RADIANT,3.96,3.00–4.99ct,VS2,,EX,EX,11.11 - 7.85 * 5.22,66.5,66.0,1.42,IGI,660445871,https://api.igi.org/viewpdf.php?r=660445871,https://workshop.360view.link/360viewer/360view.html?d=3011242-ant-136-3
PDJK-4,Fancy Colour,VIVID PINK,RADIANT,3.69,3.00–4.99ct,VS2,,EX,EX,11.43 - 7.49 * 5.12,68.4,65.0,1.53,IGI,778614220,https://api.igi.org/viewpdf.php?r=778614220,https://workshop.360view.link/360viewer/360view.html?d=1103265-JK-4-PR
PDJK-10,Fancy Colour,VIVID PINK,RADIANT,3.61,3.00–4.99ct,VS1,,EX,EX,11.42 - 7.32 * 4.88,66.7,65.0,1.56,IGI,775619890,https://api.igi.org/viewpdf.php?r=775619890,https://workshop.360view.link/360viewer/360view.html?d=2702265-JK-10-
PDKP-2070,Fancy Colour,VIVID PINK,RADIANT,3.57,3.00–4.99ct,VVS2,,VG,EX,10.71 - 7.41 * 5.04,68.0,65.0,1.45,IGI,778616755,https://api.igi.org/viewpdf.php?r=778616755,https://workshop.360view.link/360viewer/360view.html?d=1103261-PDKP-2070
PDJK-10-A,Fancy Colour,VIVID PINK,RADIANT,3.26,3.00–4.99ct,VS2,,EX,EX,10.91 - 7.14 * 4.93,69.0,64.0,1.53,IGI,775619894,https://api.igi.org/viewpdf.php?r=775619894,https://workshop.360view.link/360viewer/360view.html?d=2702263-JK-10-A-
PDPV-181,Fancy Colour,VIVID PINK,RADIANT,3.09,3.00–4.99ct,VVS2,,EX,EX,10.43 - 7.20 * 4.69,65.1,65.0,1.45,IGI,766657842,https://api.igi.org/viewpdf.php?r=766657842,https://workshop.360view.link/360viewer/360view.html?d=1902268-pv-181-pr
PDKP-2073,Fancy Colour,VIVID PINK,RADIANT,3.08,3.00–4.99ct,VVS2,,VG,EX,9.85 - 7.33 * 4.88,66.6,66.0,1.34,IGI,778616758,https://api.igi.org/viewpdf.php?r=778616758,https://workshop.360view.link/360viewer/360view.html?d=1103267-pdkp-2073
PDPV-180,Fancy Colour,VIVID PINK,RADIANT,3.07,3.00–4.99ct,VS1,,EX,EX,10.26 - 7.09 * 4.82,68.0,66.0,1.45,IGI,766657839,https://api.igi.org/viewpdf.php?r=766657839,https://workshop.360view.link/360viewer/360view.html?d=1702263-PV-180-PR
PDKP-1922,Fancy Colour,VIVID PINK,RADIANT,3.04,3.00–4.99ct,VVS2,,VG,EX,10.24 - 7.12 * 4.85,68.1,63.0,1.44,IGI,750531527,https://api.igi.org/viewpdf.php?r=750531527,https://workshop.360view.link/360viewer/360view.html?d=0912254-PDKP-1922
PDKP-1518,Fancy Colour,VIVID PINK,RADIANT,3.03,3.00–4.99ct,VS1,,VG,EX,9.93 - 7.12 * 4.77,67.0,66.0,1.39,IGI,737543781,https://api.igi.org/viewpdf.php?r=737543781,https://workshop.360view.link/360viewer/360view.html?d=0810257-PDKP-1518
PDPV-177,Fancy Colour,VIVID PINK,RADIANT,3.02,3.00–4.99ct,VS1,,EX,EX,10.29 - 7.10 * 4.67,65.8,66.0,1.45,IGI,766657841,https://api.igi.org/viewpdf.php?r=766657841,https://workshop.360view.link/360viewer/360view.html?d=1702267-PV-177-PR
PDKP-1473,Fancy Colour,VIVID PINK,RADIANT,2.97,2.00–2.99ct,VS1,,EX,EX,10.26 - 7 * 4.62,66.0,65.0,1.47,IGI,724573589,https://api.igi.org/viewpdf.php?r=724573589,https://workshop.360view.link/360viewer/360view.html?d=1408257-PDKP-1473
PDKP-2090,Fancy Colour,VIVID PINK,RADIANT,2.84,2.00–2.99ct,VS1,,EX,EX,9.61 - 7.11 * 4.68,65.8,69.0,1.35,IGI,780616237,https://api.igi.org/viewpdf.php?r=780616237,https://workshop.360view.link/360viewer/360view.html?d=2003264-PDKP-2090
PDKP-1468,Fancy Colour,VIVID PINK,RADIANT,2.67,2.00–2.99ct,VS2,,EX,EX,9.96 - 6.91 * 4.54,65.7,67.0,1.44,IGI,724573593,https://api.igi.org/viewpdf.php?r=724573593,https://workshop.360view.link/360viewer/360view.html?d=1408254-PDKP-1468
PDPV-24,Fancy Colour,VIVID PINK,RADIANT,2.09,2.00–2.99ct,VS1,,EX,VG,8.98 - 6.37 * 4.28,67.2,62.0,1.41,IGI,658494982,https://api.igi.org/viewpdf.php?r=658494982,
PDKP-2037,Fancy Colour,INTENSE PINK,RADIANT,1.41,1.00–1.99ct,VVS2,,VG,EX,8.19 - 5.66 - 3.47,61.3,71.0,1.45,IGI,763618018,https://api.igi.org/viewpdf.php?r=763618018,https://workshop.360view.link/360viewer/360view.html?d=0902268-PDKP-2037
PDKP-2237,Fancy Colour,VIVID PINK,RADIANT,1.4,1.00–1.99ct,VVS2,,EX,EX,7.83 - 5.55 * 3.78,68.1,63.0,1.41,IGI,790652628,https://api.igi.org/viewpdf.php?r=790652628,https://workshop.360view.link/360viewer/360view.html?d=2704264-PDKP-2237-
PDKP-2233,Fancy Colour,VIVID PINK,RADIANT,1.3,1.00–1.99ct,VS2,,EX,EX,7.53 - 5.37 * 3.66,68.2,64.0,1.4,IGI,790652627,https://api.igi.org/viewpdf.php?r=790652627,https://workshop.360view.link/360viewer/360view.html?d=2704265-PDKP-2233-
PDKP-2071-A,Fancy Colour,INTENSE PINK,RADIANT,1.19,1.00–1.99ct,VS1,,EX,EX,7.48 - 5.21 * 3.52,67.6,64.0,1.44,IGI,790652626,https://api.igi.org/viewpdf.php?r=790652626,https://workshop.360view.link/360viewer/360view.html?d=2704263-PDKP-2071-
PDKP-2313,Fancy Colour,VIVID PINK,RADIANT,1.05,1.00–1.99ct,VS1,,EX,EX,6.91 - 4.68 * 3.37,72.0,65.0,1.48,IGI,797638995,https://api.igi.org/viewpdf.php?r=797638995,https://workshop.360view.link/360viewer/360view.html?d=2005265-PDKP-2313
PDKP-2312,Fancy Colour,VIVID PINK,RADIANT,1.04,1.00–1.99ct,VS2,,EX,EX,6.75 - 4.69 * 3.39,72.3,63.0,1.44,IGI,797638994,https://api.igi.org/viewpdf.php?r=797638994,https://workshop.360view.link/360viewer/360view.html?d=2005266-PDKP-2312
PDKP-2409,Fancy Colour,VIVID PINK,RADIANT,0.86,Under 1ct,VVS2,,VG,EX,6.72 - 4.47 * 2.98,66.7,70.0,1.5,IGI,826604954,https://api.igi.org/viewpdf.php?r=826604954,https://workshop.360view.link/360viewer/360view.html?d=1808265-PDKP-2409
PDKP-1389-P,Fancy Colour,INTENSE PINK,ROUND,10.7,10ct+,VS1,EX,EX,EX,14.05 - 14.10 * 8.62,61.3,61.0,1.0,IGI,731582781,https://api.igi.org/viewpdf.php?r=731582781,https://workshop.360view.link/360viewer/360view.html?d=0110254-pdkp-1389
PDKP471,Fancy Colour,INTENSE PINK,ROUND,4.67,3.00–4.99ct,VS1,ID,EX,EX,10.61 - 10.69 * 6.57,61.6,57.0,0.99,IGI,633404807,https://api.igi.org/viewpdf.php?r=633404807,
PDPV-74,Fancy Colour,LIGHT PINK,ROUND,1.78,1.00–1.99ct,VS1,VG,VG,EX,7.65 - 7.69 * 4.75,62.0,60.0,0.99,IGI,691565509,https://api.igi.org/viewpdf.php?r=691565509,https://workshop.360view.link/360viewer/360view.html?d=0204251-pv-74-pr
PDPV-81,Fancy Colour,FANCY PINK,ROUND,1.58,1.00–1.99ct,VS1,GD,VG,VG,7.55 - 7.61 * 4.30,56.7,64.0,0.99,IGI,694547244,https://api.igi.org/viewpdf.php?r=694547244,https://workshop.360view.link/360viewer/360view.html?d=2204258-PV-81-PR
PDPV-83,Fancy Colour,FANCY PINK,ROUND,1.49,1.00–1.99ct,VS2,VG,VG,GD,7.34 - 7.36 * 4.48,60.9,60.0,1.0,IGI,694547247,https://api.igi.org/viewpdf.php?r=694547247,https://workshop.360view.link/360viewer/360view.html?d=2204250-PV-83-PR
PDPV-187,Fancy Colour,VIVID PINK,ROUND,1.08,1.00–1.99ct,VS1,ID,VG,VG,6.63 - 6.65 * 3.94,59.3,63.0,1.0,IGI,786625634,https://api.igi.org/viewpdf.php?r=786625634,https://workshop.360view.link/360viewer/360view.html?d=0904264-PV-187
PDPV-198,Fancy Colour,INTENSE PINK,ROUND,1.01,1.00–1.99ct,VVS1,ID,EX,EX,6.45 - 6.49 * 3.94,60.9,56.0,0.99,IGI,790652613,https://api.igi.org/viewpdf.php?r=790652613,https://workshop.360view.link/360viewer/360view.html?d=2704261-PV-198
PDPV-222,Fancy Colour,FANCY LIGHT PINK,ROUND,1.01,1.00–1.99ct,VVS2,EX,EX,EX,6.39 - 6.41 * 3.96,61.8,56.0,1.0,IGI,801685164,https://api.igi.org/viewpdf.php?r=801685164,https://workshop.360view.link/360viewer/360view.html?d=1706260-PV-222-PR
PDPV-202,Fancy Colour,INTENSE PINK,ROUND,0.99,Under 1ct,VVS2,ID,EX,EX,6.44 - 6.45 * 3.86,59.9,59.0,1.0,IGI,791642826,https://api.igi.org/viewpdf.php?r=791642826,https://workshop.360view.link/360viewer/360view.html?d=0105264-PV-202
PDPV-212,Fancy Colour,INTENSE PINK,ROUND,0.99,Under 1ct,VS2,ID,EX,EX,6.37 - 6.39 * 3.94,61.8,57.0,1.0,IGI,791642836,https://api.igi.org/viewpdf.php?r=791642836,https://workshop.360view.link/360viewer/360view.html?d=3004265-PV-212-PR
PDPV-217,Fancy Colour,FANCY PINK,ROUND,0.98,Under 1ct,VS2,EX,EX,EX,6.38 - 6.42 * 3.85,60.1,59.0,0.99,IGI,790653241,https://api.igi.org/viewpdf.php?r=790653241,https://workshop.360view.link/360viewer/360view.html?d=3004264-PV-217-PR
PDPV-200,Fancy Colour,FANCY PINK,ROUND,0.97,Under 1ct,VVS1,ID,EX,EX,6.42 - 6.47 * 3.84,59.6,57.0,0.99,IGI,790652649,https://api.igi.org/viewpdf.php?r=790652649,https://workshop.360view.link/360viewer/360view.html?d=0105267-PV-200
PDPV-208,Fancy Colour,INTENSE PINK,ROUND,0.97,Under 1ct,VS1,ID,EX,EX,6.33 - 6.35 * 3.90,61.5,58.0,1.0,IGI,791642832,https://api.igi.org/viewpdf.php?r=791642832,https://workshop.360view.link/360viewer/360view.html?d=3004268-PV-208-PR
PDPV-224,Fancy Colour,LIGHT PINK,ROUND,0.97,Under 1ct,VS1,ID,EX,EX,6.29 - 6.32 * 3.89,61.6,59.0,1.0,IGI,801685169,https://api.igi.org/viewpdf.php?r=801685169,https://workshop.360view.link/360viewer/360view.html?d=1706268-PV-224-PR
PDPV-193,Fancy Colour,VIVID PINK,ROUND,0.96,Under 1ct,VS2,ID,EX,EX,6.36 - 6.38 * 3.84,60.4,60.0,1.0,IGI,788685941,https://api.igi.org/viewpdf.php?r=788685941,https://workshop.360view.link/360viewer/360view.html?d=3004266-PV-193-PR
PDPV-203,Fancy Colour,INTENSE PINK,ROUND,0.96,Under 1ct,VS2,ID,EX,EX,6.32 - 6.34 * 3.88,61.3,59.0,1.0,IGI,791642827,https://api.igi.org/viewpdf.php?r=791642827,https://workshop.360view.link/360viewer/360view.html?d=3004261-PV-203-PR
PDPV-223,Fancy Colour,FANCY LIGHT PINK,ROUND,0.96,Under 1ct,VS1,ID,EX,EX,6.35 - 6.39 * 3.90,61.2,58.0,0.99,IGI,801685168,https://api.igi.org/viewpdf.php?r=801685168,https://workshop.360view.link/360viewer/360view.html?d=1706264-PV-223-PR
PDPV-184,Fancy Colour,INTENSE PINK,ROUND,0.95,Under 1ct,VS1,EX,VG,VG,6.19 - 6.26 * 3.89,62.4,59.0,0.99,IGI,782621271,https://api.igi.org/viewpdf.php?r=782621271,https://workshop.360view.link/360viewer/360view.html?d=3003266-PV-184
PDPV-195,Fancy Colour,INTENSE PINK,ROUND,0.95,Under 1ct,VVS2,EX,EX,EX,6.24 - 6.26 * 3.92,62.7,58.0,1.0,IGI,791642348,https://api.igi.org/viewpdf.php?r=791642348,https://workshop.360view.link/360viewer/360view.html?d=2704263-PV-195
PDPV-197,Fancy Colour,VIVID PINK,ROUND,0.95,Under 1ct,VVS2,ID,EX,EX,6.35 - 6.37 * 3.85,60.5,58.0,1.0,IGI,791642350,https://api.igi.org/viewpdf.php?r=791642350,https://workshop.360view.link/360viewer/360view.html?d=2704267-PV-197
PDPV-207,Fancy Colour,INTENSE PINK,ROUND,0.95,Under 1ct,VS2,ID,EX,EX,6.32 - 6.35 * 3.83,60.5,57.0,1.0,IGI,791642831,https://api.igi.org/viewpdf.php?r=791642831,https://workshop.360view.link/360viewer/360view.html?d=3004261-PV-207-PR
PDPV-214,Fancy Colour,INTENSE PINK,ROUND,0.95,Under 1ct,VS1,EX,VG,EX,6.26 - 6.31 * 3.84,61.0,59.0,0.99,IGI,790653239,https://api.igi.org/viewpdf.php?r=790653239,https://workshop.360view.link/360viewer/360view.html?d=3004266-PV-214-PR
PDPV-220,Fancy Colour,VIVID PINK,ROUND,0.95,Under 1ct,VS2,ID,EX,EX,6.25 - 6.26 * 3.90,62.4,58.0,1.0,IGI,795623011,https://api.igi.org/viewpdf.php?r=795623011,https://workshop.360view.link/360viewer/360view.html?d=2005263-PV-220-PR
PDPV-228,Fancy Colour,FANCY PINK,ROUND,0.95,Under 1ct,VS1,ID,EX,EX,6.26 - 6.28 * 3.88,61.9,58.0,1.0,IGI,817665893,https://api.igi.org/viewpdf.php?r=817665893,https://workshop.360view.link/360viewer/360view.html?d=0708265-PV-228
PDPV-192,Fancy Colour,VIVID PINK,ROUND,0.94,Under 1ct,VS2,ID,EX,EX,6.25 - 6.28 * 3.86,61.6,57.0,1.0,IGI,786626111,https://api.igi.org/viewpdf.php?r=786626111,https://workshop.360view.link/360viewer/360view.html?d=1604262-PV-192-PR
PDPV-218,Fancy Colour,INTENSE PINK,ROUND,0.94,Under 1ct,VVS2,ID,EX,EX,6.25 - 6.27 * 3.85,61.5,58.0,1.0,IGI,790653242,https://api.igi.org/viewpdf.php?r=790653242,https://workshop.360view.link/360viewer/360view.html?d=3004267-PV-218-PR
PDPV-191,Fancy Colour,VIVID PINK,ROUND,0.93,Under 1ct,VS2,ID,EX,EX,6.31 - 6.33 * 3.82,60.5,57.0,1.0,IGI,786626112,https://api.igi.org/viewpdf.php?r=786626112,https://workshop.360view.link/360viewer/360view.html?d=1604266-PV-191-PR
PDPV-194,Fancy Colour,VIVID PINK,ROUND,0.93,Under 1ct,VS2,ID,EX,EX,6.22 - 6.28 * 3.87,61.9,60.0,0.99,IGI,788685940,https://api.igi.org/viewpdf.php?r=788685940,https://workshop.360view.link/360viewer/360view.html?d=3004263-PV-194-PR
PDPV-210,Fancy Colour,INTENSE PINK,ROUND,0.93,Under 1ct,VS2,ID,EX,EX,6.22 - 6.26 * 3.85,61.7,57.0,0.99,IGI,791642834,https://api.igi.org/viewpdf.php?r=791642834,https://workshop.360view.link/360viewer/360view.html?d=3004264-PV-210-PR
PDPV-211,Fancy Colour,INTENSE PINK,ROUND,0.93,Under 1ct,SI1,ID,EX,EX,6.30 - 6.32 * 3.81,60.3,57.0,1.0,IGI,791642835,https://api.igi.org/viewpdf.php?r=791642835,https://workshop.360view.link/360viewer/360view.html?d=3004261-PV-211-PR
PDPV-215,Fancy Colour,VIVID PINK,ROUND,0.93,Under 1ct,SI1,ID,EX,EX,6.23 - 6.25 * 3.83,61.4,56.0,1.0,IGI,790653240,https://api.igi.org/viewpdf.php?r=790653240,https://workshop.360view.link/360viewer/360view.html?d=3004264-PV-215-PR
PDPV-205,Fancy Colour,VIVID PINK,ROUND,0.92,Under 1ct,SI1,ID,EX,EX,6.20 - 6.23 * 3.84,61.7,58.0,1.0,IGI,791642829,https://api.igi.org/viewpdf.php?r=791642829,https://workshop.360view.link/360viewer/360view.html?d=3004260-PV-205-PR
PDPV-196,Fancy Colour,VIVID PINK,ROUND,0.91,Under 1ct,VS2,ID,EX,EX,6.19 - 6.22 * 3.83,61.7,59.0,1.0,IGI,791642349,https://api.igi.org/viewpdf.php?r=791642349,https://workshop.360view.link/360viewer/360view.html?d=2704268-PV-196
PDPV-221,Fancy Colour,VIVID PINK,ROUND,0.91,Under 1ct,VS2,EX,EX,EX,6.19 - 6.22 * 3.82,61.5,57.0,1.0,IGI,795623009,https://api.igi.org/viewpdf.php?r=795623009,https://workshop.360view.link/360viewer/360view.html?d=2005265-PV-221-PR
PDPV-225,Fancy Colour,FANCY PINK,ROUND,0.91,Under 1ct,VS1,EX,EX,EX,6.13 - 6.15 * 3.83,62.4,57.0,1.0,IGI,801685170,https://api.igi.org/viewpdf.php?r=801685170,https://workshop.360view.link/360viewer/360view.html?d=1706264-PV-225-PR
PDPV-204,Fancy Colour,INTENSE PINK,ROUND,0.89,Under 1ct,VVS2,ID,EX,EX,6.21 - 6.25 * 3.75,60.1,58.0,0.99,IGI,791642828,https://api.igi.org/viewpdf.php?r=791642828,https://workshop.360view.link/360viewer/360view.html?d=3004261-PV-204-PR
PDPV-206,Fancy Colour,INTENSE PINK,ROUND,0.89,Under 1ct,VVS2,ID,EX,EX,6.24 - 6.27 * 3.75,59.9,58.0,1.0,IGI,791642830,https://api.igi.org/viewpdf.php?r=791642830,https://workshop.360view.link/360viewer/360view.html?d=3004266-PV-206-PR
PDPV-213,Fancy Colour,VIVID PINK,ROUND,0.88,Under 1ct,SI2,ID,EX,EX,6.18 - 6.21 * 3.73,60.2,58.0,1.0,IGI,791642837,https://api.igi.org/viewpdf.php?r=791642837,https://workshop.360view.link/360viewer/360view.html?d=3004266-PV-213-PR
PDKP-1923,Fancy Colour,VIVID PINK,SQUARE EMERALD,24.72,10ct+,VS1,,EX,EX,16.23 - 15.94 * 10.31,64.7,66.0,1.02,IGI,754552218,https://api.igi.org/viewpdf.php?r=754552218,https://workshop.360view.link/360viewer/360view.html?d=0801267-PDKP-1923
PDKP-2005,Fancy Colour,VIVID PINK,SQUARE EMERALD,21.37,10ct+,VS2,,EX,EX,15.68 - 15.49 * 9.57,61.8,65.0,1.01,IGI,758589978,https://api.igi.org/viewpdf.php?r=758589978,https://workshop.360view.link/360viewer/360view.html?d=2001263-PDKP-2005
PDKP-2351,Fancy Colour,INTENSE PINK,SQUARE EMERALD,1.0,1.00–1.99ct,VS1,,EX,VG,5.63 - 5.55 * 3.78,68.1,71.0,1.01,IGI,799626159,https://api.igi.org/viewpdf.php?r=799626159,https://workshop.360view.link/360viewer/360view.html?d=2905261-PDKP-2351
PDKL-32,Fancy Colour,VIVID PINK,SQUARE RADIANT,3.35,3.00–4.99ct,VS1,,EX,EX,8.22 - 8.18 * 5.34,65.3,63.0,1.0,IGI,702506253,https://api.igi.org/viewpdf.php?r=702506253,https://workshop.360view.link/360viewer/360view.html?d=1606250-702506253
PDKL-33,Fancy Colour,VIVID PINK,SQUARE RADIANT,3.26,3.00–4.99ct,VVS2,,EX,EX,8.15 - 8.13 * 5.37,66.1,62.0,1.0,IGI,713525542,https://api.igi.org/viewpdf.php?r=713525542,https://workshop.360view.link/360viewer/360view.html?d=2606258-713525542
PDJP-205,Fancy Colour,VIVID PINK,HEART,0.76,Under 1ct,VS1,,EX,EX,5.39 - 6.23 * 3.14,50.4,58.0,0.87,IGI,826605124,https://api.igi.org/viewpdf.php?r=826605124,https://workshop.360view.link/360viewer/360view.html?d=2208260-JP-205-
PDJP-206,Fancy Colour,VIVID PINK,HEART,0.8,Under 1ct,VS1,,EX,EX,5.55 - 6.42 * 3.02,47.0,66.0,0.86,IGI,826605125,https://api.igi.org/viewpdf.php?r=826605125,https://workshop.360view.link/360viewer/360view.html?d=2208260-JP-206-
PDJP-209,Fancy Colour,VIVID PINK,HEART,0.71,Under 1ct,VS1,,EX,EX,4.99 - 5.97 * 3.17,53.1,63.0,0.84,IGI,826605126,https://api.igi.org/viewpdf.php?r=826605126,https://workshop.360view.link/360viewer/360view.html?d=2208268-JP-209
PDJP-208,Fancy Colour,VIVID PINK,HEART,0.6,Under 1ct,VS1,,EX,EX,5.13 - 5.81 * 2.83,48.7,67.0,0.88,IGI,826605127,https://api.igi.org/viewpdf.php?r=826605127,https://workshop.360view.link/360viewer/360view.html?d=2208267-JP-208-
PDJP-207,Fancy Colour,VIVID PINK,HEART,0.7,Under 1ct,VS1,,EX,EX,5.07 - 5.81 * 3.11,53.5,66.0,0.87,IGI,826605128,https://api.igi.org/viewpdf.php?r=826605128,https://workshop.360view.link/360viewer/360view.html?d=2208267-JP-207
PDJP-210,Fancy Colour,VIVID PINK,HEART,3.01,3.00–4.99ct,VS1,,EX,EX,8.25 - 9.42 * 5.07,53.8,68.0,0.88,IGI,803614652,https://api.igi.org/viewpdf.php?r=803614652,https://workshop.360view.link/360viewer/360view.html?d=2208263-803614652-CHP
PDJP-211,Fancy Colour,VIVID PINK,HEART,3.0,3.00–4.99ct,VS1,,EX,EX,8.31 - 9.45 * 5.05,53.4,63.0,0.88,IGI,814632433,https://api.igi.org/viewpdf.php?r=814632433,https://workshop.360view.link/360viewer/360view.html?d=2208260-814632433-CHP
PDKP-2463,Fancy Colour,VIVID PINK,HEART,2.03,2.00–2.99ct,VVS1,,EX,EX,7.05 - 8.05 * 4.52,56.1,62.0,0.88,IGI,821667902,https://api.igi.org/viewpdf.php?r=821667902,https://workshop.360view.link/360viewer/360view.html?d=2608265-PDKP-2462
PDKP-2464,Fancy Colour,VIVID PINK,HEART,2.04,2.00–2.99ct,VVS1,,EX,EX,7.09 - 8.11 * 4.49,55.4,65.0,0.87,IGI,821667864,https://api.igi.org/viewpdf.php?r=821667864,https://workshop.360view.link/360viewer/360view.html?d=2608260-PDKP-2463
PDKP-2465,Fancy Colour,VIVID PINK,HEART,2.05,2.00–2.99ct,VVS1,,EX,EX,7.07 - 8.09 * 4.47,55.3,66.0,0.87,IGI,822608774,https://api.igi.org/viewpdf.php?r=822608774,https://workshop.360view.link/360viewer/360view.html?d=2608264-PDKP-2464
PDKP-2466,Fancy Colour,VIVID PINK,HEART,2.06,2.00–2.99ct,VVS1,,EX,EX,7.07 - 8.11 * 4.47,55.1,69.0,0.87,IGI,822608790,https://api.igi.org/viewpdf.php?r=822608790,https://workshop.360view.link/360viewer/360view.html?d=2608264-PDKP-2466
PDKP-1481,Fancy Colour,INTENSE YELLOW,CUSHION,11.08,10ct+,VS1,,EX,EX,12.30 - 12.30 * 8.09,65.8,66.0,1.0,IGI,717521056,https://api.igi.org/viewpdf.php?r=717521056,https://workshop.360view.link/360viewer/360view.html?d=1408252-D-1-PR
PDKP-2056,Fancy Colour,VIVID YELLOW,CUSHION,8.09,5.00–9.99ct,VS1,,EX,EX,11.31 - 10.72 * 7.05,65.8,58.0,1.06,IGI,760505783,https://api.igi.org/viewpdf.php?r=760505783,https://workshop.360view.link/360viewer/360view.html?d=0502267-1004-5-DH
PDKP-1975,Fancy Colour,VIVID YELLOW,CUSHION,7.01,5.00–9.99ct,VS1,,EX,EX,10.33 - 10.27 * 6.92,67.4,61.0,1.01,IGI,732559479,https://api.igi.org/viewpdf.php?r=732559479,https://workshop.360view.link/360viewer/360view.html?d=1609258-732559479
PDKP-1976,Fancy Colour,VIVID YELLOW,CUSHION,6.99,5.00–9.99ct,VS1,,EX,EX,10.37 - 10.27 * 6.59,64.2,73.0,1.01,IGI,732559475,https://api.igi.org/viewpdf.php?r=732559475,https://workshop.360view.link/360viewer/360view.html?d=1609254-732559475
PDKP-1977,Fancy Colour,VIVID YELLOW,CUSHION,6.07,5.00–9.99ct,VS1,,EX,EX,9.84 - 9.61 * 6.50,67.6,64.0,1.02,IGI,734521037,https://api.igi.org/viewpdf.php?r=734521037,https://workshop.360view.link/360viewer/360view.html?d=2609253-734521037
PDKP-2057,Fancy Colour,VIVID YELLOW,CUSHION,6.07,5.00–9.99ct,VS1,,EX,EX,10.14 - 9.88 * 6.45,65.3,61.0,1.03,IGI,760505578,https://api.igi.org/viewpdf.php?r=760505578,https://workshop.360view.link/360viewer/360view.html?d=0302260-1004-32-DY
PDKP-1299,Fancy Colour,INTENSE YELLOW,CUSHION,6.02,5.00–9.99ct,VS2,,EX,EX,9.89 - 9.58 * 6.46,67.4,69.0,1.03,IGI,702570767,https://api.igi.org/viewpdf.php?r=702570767,https://workshop.360view.link/360viewer/360view.html?d=2005256-702570767
PDKP-1978,Fancy Colour,VIVID YELLOW,CUSHION,5.73,5.00–9.99ct,VVS2,,EX,EX,9.64 - 9.52 * 6.34,66.6,64.0,1.01,IGI,723558105,https://api.igi.org/viewpdf.php?r=723558105,https://workshop.360view.link/360viewer/360view.html?d=0408251-723558105
PDKP-2059,Fancy Colour,VIVID YELLOW,CUSHION,5.09,5.00–9.99ct,VS1,,EX,EX,9.51 - 9.26 * 6.08,65.7,61.0,1.03,IGI,760505782,https://api.igi.org/viewpdf.php?r=760505782,https://workshop.360view.link/360viewer/360view.html?d=0502260-1004-6-DH
PDKP-1156A,Fancy Colour,VIVID YELLOW,CUSHION,4.99,3.00–4.99ct,VS1,,EX,EX,10.37 - 8.48 * 5.93,69.9,57.0,1.22,IGI,687572478,https://api.igi.org/viewpdf.php?r=687572478,https://workshop.360view.link/360viewer/360view.html?d=1703256-509-25-PR
PDKP-1539,Fancy Colour,VIVID YELLOW,CUSHION,4.88,3.00–4.99ct,VS1,,EX,EX,11.26 - 8.69 * 5.55,63.9,63.0,1.3,IGI,739586531,https://api.igi.org/viewpdf.php?r=739586531,https://workshop.360view.link/360viewer/360view.html?d=1610253-PDKP-1539
PDKP-1540,Fancy Colour,VIVID YELLOW,CUSHION,4.82,3.00–4.99ct,VS1,,EX,EX,11.75 - 8.35 * 5.61,67.2,64.0,1.41,IGI,739542117,https://api.igi.org/viewpdf.php?r=739542117,https://workshop.360view.link/360viewer/360view.html?d=1410250-pdkp-1538-pr
PDKP-1306,Fancy Colour,VIVID YELLOW,CUSHION,4.61,3.00–4.99ct,VS2,,EX,EX,10.31 - 8.24 * 5.70,69.2,58.0,1.25,IGI,700596957,https://api.igi.org/viewpdf.php?r=700596957,https://workshop.360view.link/360viewer/360view.html?d=1205250-700596957
PDKP-1175A,Fancy Colour,VIVID YELLOW,CUSHION,4.58,3.00–4.99ct,VS2,,EX,EX,10.28 - 8.06 * 5.59,69.4,64.0,1.28,IGI,675531973,https://api.igi.org/viewpdf.php?r=675531973,https://workshop.360view.link/360viewer/360view.html?d=2701251-675531973
PDKP-1981,Fancy Colour,VIVID YELLOW,CUSHION,4.51,3.00–4.99ct,VS1,,EX,EX,8.98 - 8.52 * 5.92,69.5,61.0,1.05,IGI,743511173,https://api.igi.org/viewpdf.php?r=743511173,https://workshop.360view.link/360viewer/360view.html?d=0811258-1001-27
PDJP-1200,Fancy Colour,INTENSE YELLOW,CUSHION,4.11,3.00–4.99ct,VS2,,EX,EX,10.29 - 8.10 * 5.33,65.8,61.0,1.27,IGI,745520057,https://api.igi.org/viewpdf.php?r=745520057,https://workshop.360view.link/360viewer/360view.html?d=1610250-JP-1200
PDKP-1973,Fancy Colour,VIVID YELLOW,CUSHION,4.06,3.00–4.99ct,VS1,,EX,EX,8.58 - 8.45 * 5.63,66.6,66.0,1.02,IGI,694562658,https://api.igi.org/viewpdf.php?r=694562658,https://workshop.360view.link/360viewer/360view.html?d=2204254-694562658
PDKP-1305,Fancy Colour,VIVID YELLOW,CUSHION,4.03,3.00–4.99ct,VS1,,EX,EX,9.85 - 7.82 * 5.49,70.2,55.0,1.26,IGI,694562651,https://api.igi.org/viewpdf.php?r=694562651,https://workshop.360view.link/360viewer/360view.html?d=1806257-600-16
PDKP-1321,Fancy Colour,VIVID YELLOW,CUSHION,4.03,3.00–4.99ct,VS1,,EX,EX,9.68 - 7.93 * 5.39,68.0,59.0,1.22,IGI,696505246,https://api.igi.org/viewpdf.php?r=696505246,https://workshop.360view.link/360viewer/360view.html?d=2504255-696505246
PDJP-150,Fancy Colour,FANCY YELLOW,EMERALD,2.92,2.00–2.99ct,VVS2,,EX,EX,10.36 - 6.61 * 4.05,61.3,68.0,1.57,IGI,742524687,https://api.igi.org/viewpdf.php?r=742524687,https://workshop.360view.link/360viewer/360view.html?d=2007268-JP-1500
PDJP-1300-3,Fancy Colour,LIGHT YELLOW,EMERALD,0.99,Under 1ct,VS1,,EX,EX,6.81 - 4.82 * 3.19,66.2,70.0,1.41,IGI,746509885,https://api.igi.org/viewpdf.php?r=746509885,https://workshop.360view.link/360viewer/360view.html?d=1610257-JP-1300-3
PDKP-1502,Fancy Colour,INTENSE YELLOW,HEART,6.1,5.00–9.99ct,VS1,,EX,EX,10.81 - 11.45 * 6.40,55.9,66.0,0.94,IGI,726563146,https://api.igi.org/viewpdf.php?r=726563146,https://workshop.360view.link/360viewer/360view.html?d=1308253-jy-9-sn
PDKP-1504,Fancy Colour,INTENSE YELLOW,HEART,6.05,5.00–9.99ct,VVS2,,EX,EX,10.65 - 11.27 * 6.27,55.6,61.0,0.94,IGI,729505743,https://api.igi.org/viewpdf.php?r=729505743,https://workshop.360view.link/360viewer/360view.html?d=0409251-JY-20-SN
PDKP-1182A,Fancy Colour,VIVID YELLOW,HEART,4.14,3.00–4.99ct,VS2,,EX,EX,9.40 - 10.46 * 5.47,52.3,65.0,0.9,IGI,680502272,https://api.igi.org/viewpdf.php?r=680502272,https://workshop.360view.link/360viewer/360view.html?d=1702250-680502272
PDKP-1935,Fancy Colour,VIVID YELLOW,OVAL,9.05,5.00–9.99ct,VS1,,EX,EX,15.45 - 10.81 * 6.90,63.8,58.0,1.43,IGI,728574080,https://api.igi.org/viewpdf.php?r=728574080,https://workshop.360view.link/360viewer/360view.html?d=1410254-1001-16
PDKP-1937,Fancy Colour,VIVID YELLOW,OVAL,8.03,5.00–9.99ct,VS1,,EX,EX,14.98 - 10.40 * 6.64,63.8,60.0,1.44,IGI,735525493,https://api.igi.org/viewpdf.php?r=735525493,https://workshop.360view.link/360viewer/360view.html?d=0210258-735525493
PDKP-1938,Fancy Colour,VIVID YELLOW,OVAL,8.02,5.00–9.99ct,VS1,,EX,EX,14.33 - 10.08 * 6.89,68.4,61.0,1.42,IGI,732559474,https://api.igi.org/viewpdf.php?r=732559474,https://workshop.360view.link/360viewer/360view.html?d=1609256-732559474
PDKP-1536,Fancy Colour,INTENSE YELLOW,OVAL,7.05,5.00–9.99ct,VVS2,,EX,EX,13.91 - 9.99 * 6.54,65.5,62.0,1.39,IGI,725518495,https://api.igi.org/viewpdf.php?r=725518495,https://workshop.360view.link/360viewer/360view.html?d=1308256-SK-5-PM
PDKP-1543,Fancy Colour,INTENSE YELLOW,OVAL,7.0,5.00–9.99ct,VS2,,EX,EX,14.19 - 9.95 * 6.24,62.7,60.0,1.43,IGI,737551943,https://api.igi.org/viewpdf.php?r=737551943,https://workshop.360view.link/360viewer/360view.html?d=0910252-737551943
PDKP-1939,Fancy Colour,VIVID YELLOW,OVAL,6.83,5.00–9.99ct,VS1,,EX,EX,14.03 - 9.70 * 6.25,64.4,62.0,1.45,IGI,728574084,https://api.igi.org/viewpdf.php?r=728574084,https://workshop.360view.link/360viewer/360view.html?d=1410255-1001-19
PDKP-2063,Fancy Colour,INTENSE YELLOW,OVAL,6.21,5.00–9.99ct,VS1,,EX,EX,13.52 - 9.41 * 6.20,65.9,53.0,1.44,IGI,768683568,https://api.igi.org/viewpdf.php?r=768683568,https://workshop.360view.link/360viewer/360view.html?d=0702261-nem-1-559
PDKP-1941,Fancy Colour,VIVID YELLOW,OVAL,6.01,5.00–9.99ct,VS1,,EX,EX,13.22 - 9.17 * 6.23,67.9,57.0,1.44,IGI,737567973,https://api.igi.org/viewpdf.php?r=737567973,https://workshop.360view.link/360viewer/360view.html?d=1010251-1001-4-SY
PDKP-1943,Fancy Colour,VIVID YELLOW,OVAL,5.41,5.00–9.99ct,VS1,,EX,EX,13.12 - 9.09 * 5.78,63.6,58.0,1.44,IGI,728574087,https://api.igi.org/viewpdf.php?r=728574087,https://workshop.360view.link/360viewer/360view.html?d=1410252-1100-13
PDKP-1931,Fancy Colour,VIVID YELLOW,OVAL,5.36,5.00–9.99ct,VS1,,EX,EX,12.57 - 8.89 * 5.96,67.0,58.0,1.41,IGI,743560392,https://api.igi.org/viewpdf.php?r=743560392,https://workshop.360view.link/360viewer/360view.html?d=0811254-400-12
PDKP-1547,Fancy Colour,INTENSE YELLOW,OVAL,5.03,5.00–9.99ct,VS2,,EX,EX,12.58 - 8.55 * 5.87,68.7,59.0,1.47,IGI,739566322,https://api.igi.org/viewpdf.php?r=739566322,https://workshop.360view.link/360viewer/360view.html?d=1410251-739566322
PDKP-1948,Fancy Colour,VIVID YELLOW,OVAL,5.0,5.00–9.99ct,VS1,,EX,EX,12.31 - 8.57 * 5.90,68.8,59.0,1.44,IGI,736504910,https://api.igi.org/viewpdf.php?r=736504910,https://workshop.360view.link/360viewer/360view.html?d=0910254-736504910
PDKP-1317,Fancy Colour,INTENSE YELLOW,OVAL,4.02,3.00–4.99ct,VS1,,EX,EX,12.37 - 8.24 * 5.04,61.2,60.0,1.5,IGI,706568031,https://api.igi.org/viewpdf.php?r=706568031,https://workshop.360view.link/360viewer/360view.html?d=1806253-705-48
PDKP-1548,Fancy Colour,INTENSE YELLOW,OVAL,4.01,3.00–4.99ct,VS1,,EX,EX,11.34 - 7.87 * 5.55,70.5,59.0,1.44,IGI,735551009,https://api.igi.org/viewpdf.php?r=735551009,https://workshop.360view.link/360viewer/360view.html?d=0310252-R-12-YELLOW
PDKP-1186A,Fancy Colour,VIVID YELLOW,OVAL,3.59,3.00–4.99ct,VS1,,EX,EX,11.06 - 7.66 * 5.26,68.7,60.0,1.44,IGI,675531985,https://api.igi.org/viewpdf.php?r=675531985,https://workshop.360view.link/360viewer/360view.html?d=2701253-675531985
PDKP-1355,Fancy Colour,VIVID YELLOW,PEAR,8.69,5.00–9.99ct,VS1,,EX,EX,17.91 - 10.45 * 6.30,60.3,65.0,1.71,IGI,713578959,https://api.igi.org/viewpdf.php?r=713578959,https://workshop.360view.link/360viewer/360view.html?d=2706252-713578959
PDKP-2062,Fancy Colour,INTENSE YELLOW,PEAR,8.07,5.00–9.99ct,VS2,,EX,EX,15.76 - 10.01 * 6.81,68.0,62.0,1.57,IGI,769651609,https://api.igi.org/viewpdf.php?r=769651609,https://workshop.360view.link/360viewer/360view.html?d=0702262-nem-1-558
PDKP-1408,Fancy Colour,VIVID YELLOW,PEAR,5.51,5.00–9.99ct,VS1,,EX,EX,13.94 - 8.92 * 5.92,66.4,65.0,1.56,IGI,707532044,https://api.igi.org/viewpdf.php?r=707532044,https://workshop.360view.link/360viewer/360view.html?d=1306251-707532044
PDKP-1365,Fancy Colour,VIVID YELLOW,PEAR,5.09,5.00–9.99ct,VS1,,EX,EX,13.84 - 8.65 * 5.77,66.7,62.0,1.6,IGI,707532045,https://api.igi.org/viewpdf.php?r=707532045,https://workshop.360view.link/360viewer/360view.html?d=1306258-707532045
PDKP-1318,Fancy Colour,VIVID YELLOW,PEAR,5.08,5.00–9.99ct,VS2,,EX,EX,13.33 - 8.63 * 5.89,68.3,59.0,1.54,IGI,704515559,https://api.igi.org/viewpdf.php?r=704515559,https://workshop.360view.link/360viewer/360view.html?d=0905253-704515559
PDKP-1366,Fancy Colour,VIVID YELLOW,PEAR,5.07,5.00–9.99ct,VVS2,,EX,EX,13.86 - 8.64 * 5.67,65.6,61.0,1.6,IGI,712564816,https://api.igi.org/viewpdf.php?r=712564816,https://workshop.360view.link/360viewer/360view.html?d=2706257-712564816
PDKP-1367,Fancy Colour,INTENSE YELLOW,PEAR,5.03,5.00–9.99ct,VS1,,EX,EX,13.80 - 8.67 * 5.76,66.4,62.0,1.59,IGI,710543767,https://api.igi.org/viewpdf.php?r=710543767,https://workshop.360view.link/360viewer/360view.html?d=2106250-710543767
PDKP-1368,Fancy Colour,INTENSE YELLOW,PEAR,5.01,5.00–9.99ct,VS2,,EX,EX,13.38 - 8.64 * 5.80,67.1,62.0,1.55,IGI,709529249,https://api.igi.org/viewpdf.php?r=709529249,https://workshop.360view.link/360viewer/360view.html?d=1306252-709529249
PDKP-1409,Fancy Colour,INTENSE YELLOW,PEAR,5.01,5.00–9.99ct,VS1,,EX,EX,13.84 - 8.72 * 5.73,65.7,61.0,1.59,IGI,710543775,https://api.igi.org/viewpdf.php?r=710543775,https://workshop.360view.link/360viewer/360view.html?d=2106250-710543775
PDKP-1013,Fancy Colour,VIVID YELLOW,PEAR,4.82,3.00–4.99ct,VS2,,EX,EX,14.08 - 9.06 * 5.45,60.2,65.0,1.55,IGI,675531972,https://api.igi.org/viewpdf.php?r=675531972,https://workshop.360view.link/360viewer/360view.html?d=2301253-PDKP-1013
PDKP-1410,Fancy Colour,VIVID YELLOW,PEAR,4.65,3.00–4.99ct,VS1,,EX,EX,13.20 - 8.42 * 5.67,67.3,63.0,1.57,IGI,711527112,https://api.igi.org/viewpdf.php?r=711527112,https://workshop.360view.link/360viewer/360view.html?d=2706251-711527112
PDKP-1412,Fancy Colour,INTENSE YELLOW,PEAR,4.52,3.00–4.99ct,VS1,,EX,EX,13.19 - 8.35 * 5.55,66.5,61.0,1.58,IGI,710543765,https://api.igi.org/viewpdf.php?r=710543765,https://workshop.360view.link/360viewer/360view.html?d=2106256-710543765
PDKP-1414,Fancy Colour,VIVID YELLOW,PEAR,4.31,3.00–4.99ct,VS1,,EX,EX,12.56 - 8.11 * 5.58,68.8,61.0,1.55,IGI,698526247,https://api.igi.org/viewpdf.php?r=698526247,https://workshop.360view.link/360viewer/360view.html?d=2604254-698526247
PDKP-1960,Fancy Colour,VIVID YELLOW,PEAR,4.19,3.00–4.99ct,VS1,,EX,EX,12.69 - 8.08 * 5.66,70.0,57.0,1.57,IGI,706568043,https://api.igi.org/viewpdf.php?r=706568043,https://workshop.360view.link/360viewer/360view.html?d=2106257-706568043
PDKP-1418,Fancy Colour,VIVID YELLOW,PEAR,4.08,3.00–4.99ct,VS1,,EX,EX,12.66 - 8.17 * 5.41,66.2,60.0,1.55,IGI,713530927,https://api.igi.org/viewpdf.php?r=713530927,https://workshop.360view.link/360viewer/360view.html?d=2706255-713530927
PDKP-1419,Fancy Colour,INTENSE YELLOW,PEAR,4.08,3.00–4.99ct,VS1,,EX,EX,13.03 - 8.14 * 5.30,65.1,58.0,1.6,IGI,706568021,https://api.igi.org/viewpdf.php?r=706568021,
PDKP-1420,Fancy Colour,INTENSE YELLOW,PEAR,4.06,3.00–4.99ct,VS1,,EX,EX,12.54 - 7.98 * 5.45,68.3,62.0,1.57,IGI,700596960,https://api.igi.org/viewpdf.php?r=700596960,https://workshop.360view.link/360viewer/360view.html?d=1205254-700596960
PDKP-1310,Fancy Colour,VIVID YELLOW,PEAR,4.03,3.00–4.99ct,VVS2,,EX,EX,12.96 - 7.91 * 5.31,67.1,63.0,1.64,IGI,706568030,https://api.igi.org/viewpdf.php?r=706568030,https://workshop.360view.link/360viewer/360view.html?d=1806257-704-42
PDKP-1423,Fancy Colour,INTENSE YELLOW,PEAR,4.02,3.00–4.99ct,VS1,,EX,EX,12.98 - 8.06 * 5.24,65.5,59.0,1.61,IGI,706568023,https://api.igi.org/viewpdf.php?r=706568023,
PDKP-1961,Fancy Colour,VIVID YELLOW,PEAR,4.02,3.00–4.99ct,VS1,,EX,EX,12.73 - 8.02 * 5.38,67.1,59.0,1.59,IGI,722510556,https://api.igi.org/viewpdf.php?r=722510556,https://workshop.360view.link/360viewer/360view.html?d=2307258-722510556
PDKP-1309,Fancy Colour,VIVID YELLOW,PEAR,4.0,3.00–4.99ct,VS1,,EX,EX,12.67 - 7.89 * 5.38,68.2,63.0,1.61,IGI,706568032,https://api.igi.org/viewpdf.php?r=706568032,https://workshop.360view.link/360viewer/360view.html?d=1806257-704-44
PDKP-916,Fancy Colour,INTENSE YELLOW,PEAR,3.95,3.00–4.99ct,VVS2,,EX,EX,12.82 - 8.09 * 5.21,64.4,55.0,1.58,IGI,652417044,https://api.igi.org/viewpdf.php?r=652417044,https://workshop.360view.link/360viewer/360view.html?d=0310247-k-6-pr
PDKP-1425,Fancy Colour,INTENSE YELLOW,PEAR,3.92,3.00–4.99ct,VS2,,EX,EX,12.48 - 7.81 * 5.26,68.5,59.0,1.6,IGI,713530923,https://api.igi.org/viewpdf.php?r=713530923,https://workshop.360view.link/360viewer/360view.html?d=2706256-713530923
PDKP-1199A,Fancy Colour,VIVID YELLOW,PEAR,3.75,3.00–4.99ct,VS2,,EX,EX,12.61 - 7.79 * 5.18,66.5,61.0,1.62,IGI,677504758,https://api.igi.org/viewpdf.php?r=677504758,https://workshop.360view.link/360viewer/360view.html?d=0102252-677504758
PDPV-142,Fancy Colour,INTENSE YELLOW,PEAR,3.56,3.00–4.99ct,VS1,,EX,EX,12.36 - 7.96 * 4.98,62.6,56.0,1.55,IGI,713505278,https://api.igi.org/viewpdf.php?r=713505278,https://workshop.360view.link/360viewer/360view.html?d=1907253-PV-142
PDKP-1202A,Fancy Colour,INTENSE YELLOW,PEAR,3.54,3.00–4.99ct,VS1,,EX,VG,11.80 - 7.61 * 5.16,67.8,60.0,1.55,IGI,687528328,https://api.igi.org/viewpdf.php?r=687528328,https://workshop.360view.link/360viewer/360view.html?d=1703256-687528328
PDKP-1204A,Fancy Colour,VIVID YELLOW,PEAR,3.51,3.00–4.99ct,VS2,,EX,EX,12.05 - 7.58 * 5.09,67.2,64.0,1.59,IGI,680506456,https://api.igi.org/viewpdf.php?r=680506456,https://workshop.360view.link/360viewer/360view.html?d=0504255-PDKP-1204A
PDKP-1322,Fancy Colour,INTENSE YELLOW,PEAR,3.51,3.00–4.99ct,VS1,,EX,EX,12.40 - 7.69 * 4.99,64.9,62.0,1.61,IGI,707514717,https://api.igi.org/viewpdf.php?r=707514717,https://workshop.360view.link/360viewer/360view.html?d=1806252-704-28
PDKP-1433,Fancy Colour,INTENSE YELLOW,PEAR,3.5,3.00–4.99ct,VS1,,EX,EX,11.74 - 7.66 * 5.24,68.4,62.0,1.53,IGI,707532046,https://api.igi.org/viewpdf.php?r=707532046,https://workshop.360view.link/360viewer/360view.html?d=1306256-707532046
PDJP-1300-1,Fancy Colour,INTENSE YELLOW,PEAR,3.39,3.00–4.99ct,VVS2,,EX,EX,12.80 - 7.89 * 4.77,60.5,64.0,1.62,IGI,745520047,https://api.igi.org/viewpdf.php?r=745520047,https://workshop.360view.link/360viewer/360view.html?d=1610253-JP-1300-1
PDKP-1207A,Fancy Colour,VIVID YELLOW,PEAR,3.09,3.00–4.99ct,VS1,,EX,EX,11.64 - 7.33 * 4.91,67.0,61.0,1.59,IGI,678543660,https://api.igi.org/viewpdf.php?r=678543660,https://workshop.360view.link/360viewer/360view.html?d=1002256-678543660
PDKP-1435,Fancy Colour,INTENSE YELLOW,PEAR,3.09,3.00–4.99ct,VS1,,EX,EX,11.62 - 7.30 * 4.83,66.2,63.0,1.59,IGI,713530915,https://api.igi.org/viewpdf.php?r=713530915,https://workshop.360view.link/360viewer/360view.html?d=2706252-713530915
PDKP-1209A,Fancy Colour,INTENSE YELLOW,PEAR,3.02,3.00–4.99ct,VS1,,EX,VG,11.29 - 7.31 * 4.87,66.6,63.0,1.54,IGI,687572482,https://api.igi.org/viewpdf.php?r=687572482,https://workshop.360view.link/360viewer/360view.html?d=1703257-687572482
PDKP-1211A,Fancy Colour,INTENSE YELLOW,PEAR,3.0,3.00–4.99ct,VS1,,EX,VG,11.67 - 7.37 * 4.81,65.3,58.0,1.58,IGI,683574605,https://api.igi.org/viewpdf.php?r=683574605,https://workshop.360view.link/360viewer/360view.html?d=0703255-683574605
PDPVY-10,Fancy Colour,VIVID YELLOW,PEAR,2.9,2.00–2.99ct,VS1,,EX,EX,12.50 - 7.57 * 4.26,56.3,63.0,1.65,IGI,671428367,https://api.igi.org/viewpdf.php?r=671428367,https://workshop.360view.link/360viewer/360view.html?d=0802256-PXY-10
PDKP-1213A,Fancy Colour,INTENSE YELLOW,PEAR,2.81,2.00–2.99ct,VS1,,EX,EX,11.12 - 7.07 * 4.82,68.2,62.0,1.57,IGI,687528322,https://api.igi.org/viewpdf.php?r=687528322,https://workshop.360view.link/360viewer/360view.html?d=1703250-687528322
PDKP-1320,Fancy Colour,VIVID YELLOW,PEAR,2.53,2.00–2.99ct,VS1,,EX,EX,11.04 - 6.91 * 4.53,65.6,57.0,1.6,IGI,691532922,https://api.igi.org/viewpdf.php?r=691532922,https://workshop.360view.link/360viewer/360view.html?d=0704250-691532922
PDPVY-12-B,Fancy Colour,INTENSE YELLOW,PEAR,2.4,2.00–2.99ct,VS2,,EX,EX,11.21 - 6.94 * 4.38,63.1,60.0,1.62,IGI,670459267,https://api.igi.org/viewpdf.php?r=670459267,https://workshop.360view.link/360viewer/360view.html?d=3112240-PVY-12-B
PDKP-1510,Fancy Colour,INTENSE YELLOW,PEAR,2.21,2.00–2.99ct,VS1,,EX,EX,11.19 - 6.82 * 3.95,57.9,68.0,1.64,IGI,732591133,https://api.igi.org/viewpdf.php?r=732591133,https://workshop.360view.link/360viewer/360view.html?d=1809258-NEM-1-366-A
PVY-7-B,Fancy Colour,VIVID YELLOW,PEAR,1.87,1.00–1.99ct,VS2,,EX,EX,10.28 - 6.22 * 3.94,63.3,59.0,1.65,IGI,675557454,https://api.igi.org/viewpdf.php?r=675557454,https://workshop.360view.link/360viewer/360view.html?d=2701255-PVY-7-B
PDKY-1006-B,Fancy Colour,INTENSE YELLOW,PEAR,1.76,1.00–1.99ct,VS1,,EX,EX,9.53 - 6.26 * 4.04,64.5,62.0,1.52,IGI,677560243,https://api.igi.org/viewpdf.php?r=677560243,https://workshop.360view.link/360viewer/360view.html?d=0402258-PDKY-1006-B
PDPVY-15-D,Fancy Colour,INTENSE YELLOW,PEAR,1.23,1.00–1.99ct,VS1,,EX,EX,8.92 - 5.60 * 3.56,63.6,57.0,1.59,IGI,680563613,https://api.igi.org/viewpdf.php?r=680563613,https://workshop.360view.link/360viewer/360view.html?d=0703252-pvy-15-d
PDKP-1008-D,Fancy Colour,INTENSE YELLOW,PEAR,0.96,Under 1ct,SI1,,EX,EX,7.94 - 5.05 * 3.33,65.9,61.0,1.57,IGI,683590646,https://api.igi.org/viewpdf.php?r=683590646,https://workshop.360view.link/360viewer/360view.html?d=1703257-SJ-24-PR
PDKY-1008-C,Fancy Colour,INTENSE YELLOW,PEAR,0.95,Under 1ct,SI1,,EX,VG,8.56 - 5.34 * 3.04,56.9,60.0,1.6,IGI,689503397,https://api.igi.org/viewpdf.php?r=689503397,https://workshop.360view.link/360viewer/360view.html?d=0504254-PDKY-1008-C
PDKP-1557,Fancy Colour,INTENSE YELLOW,PEAR,5.02,5.00–9.99ct,VS2,,EX,EX,13.78 - 8.60 * 5.70,66.3,63.0,1.6,IGI,737568005,https://api.igi.org/viewpdf.php?r=737568005,https://workshop.360view.link/360viewer/360view.html?d=1410251-737568005
PDKP-1558,Fancy Colour,INTENSE YELLOW,PEAR,5.0,5.00–9.99ct,VS1,,EX,EX,13.69 - 8.64 * 5.80,67.1,62.0,1.58,IGI,735589393,https://api.igi.org/viewpdf.php?r=735589393,https://workshop.360view.link/360viewer/360view.html?d=0810254-735589393
PDKP-1559,Fancy Colour,VIVID YELLOW,PEAR,4.01,3.00–4.99ct,VVS2,,EX,EX,12.77 - 7.83 * 5.35,68.3,62.0,1.63,IGI,737568007,https://api.igi.org/viewpdf.php?r=737568007,https://workshop.360view.link/360viewer/360view.html?d=1310253-R-10-
PDKL-31,Fancy Colour,INTENSE YELLOW,RADIANT,8.88,5.00–9.99ct,VS1,,EX,VG,12.67 - 10.65 * 6.98,65.5,68.0,1.19,IGI,709518313,https://api.igi.org/viewpdf.php?r=709518313,https://workshop.360view.link/360viewer/360view.html?d=2104252-8-88-YELLOW
PDKP-2220,Fancy Colour,VIVID YELLOW,RADIANT,6.01,5.00–9.99ct,VS2,,EX,EX,11.92 - 8.64 * 6.14,71.1,62.0,1.38,IGI,783632036,https://api.igi.org/viewpdf.php?r=783632036,
PDKP-1551,Fancy Colour,VIVID YELLOW,RADIANT,5.53,5.00–9.99ct,VS1,,EX,EX,12.15 - 8.23 * 5.73,69.6,61.0,1.48,IGI,737568001,https://api.igi.org/viewpdf.php?r=737568001,https://workshop.360view.link/360viewer/360view.html?d=1410256-737568001
PDKP-1354,Fancy Colour,INTENSE YELLOW,RADIANT,5.1,5.00–9.99ct,VS2,,EX,EX,11.54 - 8.24 * 5.59,67.8,62.0,1.4,IGI,704518056,https://api.igi.org/viewpdf.php?r=704518056,https://workshop.360view.link/360viewer/360view.html?d=2605252-704518056
PDKP-1965,Fancy Colour,VIVID YELLOW,RADIANT,4.66,3.00–4.99ct,VS1,,EX,EX,11.38 - 7.76 * 5.45,70.2,61.0,1.47,IGI,710543772,https://api.igi.org/viewpdf.php?r=710543772,https://workshop.360view.link/360viewer/360view.html?d=2106253-710543772
PDKP-1372,Fancy Colour,VIVID YELLOW,RADIANT,4.59,3.00–4.99ct,VS1,,EX,EX,10.77 - 7.34 * 5.12,68.9,60.0,1.47,IGI,702506272,https://api.igi.org/viewpdf.php?r=702506272,https://workshop.360view.link/360viewer/360view.html?d=2106250-702506272
PDKP-1373,Fancy Colour,VIVID YELLOW,RADIANT,4.51,3.00–4.99ct,VS1,,EX,EX,10.67 - 7.29 * 5.03,69.5,62.0,1.46,IGI,709529250,https://api.igi.org/viewpdf.php?r=709529250,https://workshop.360view.link/360viewer/360view.html?d=1306251-709529250
PDKP-1966,Fancy Colour,VIVID YELLOW,RADIANT,4.51,3.00–4.99ct,VS1,,EX,EX,11.48 - 7.70 * 5.25,68.2,63.0,1.49,IGI,733572912,https://api.igi.org/viewpdf.php?r=733572912,https://workshop.360view.link/360viewer/360view.html?d=2609255-733572912
PDKP-2064,Fancy Colour,INTENSE YELLOW,RADIANT,4.33,3.00–4.99ct,VS1,,EX,EX,11.32 - 7.73 * 5.41,70.0,70.0,1.46,IGI,769664987,https://api.igi.org/viewpdf.php?r=769664987,https://workshop.360view.link/360viewer/360view.html?d=0702262-nem-1-558
PDKP-1442,Fancy Colour,VIVID YELLOW,RADIANT,4.17,3.00–4.99ct,VS2,,EX,EX,10.66 - 7.59 * 5.25,69.2,64.0,1.4,IGI,693518305,https://api.igi.org/viewpdf.php?r=693518305,https://workshop.360view.link/360viewer/360view.html?d=2204258-693518305
PDJP-1100,Fancy Colour,INTENSE YELLOW,RADIANT,3.74,3.00–4.99ct,VS1,,EX,EX,10.59 - 7.39 * 5.15,69.7,69.0,1.43,IGI,745520052,https://api.igi.org/viewpdf.php?r=745520052,https://workshop.360view.link/360viewer/360view.html?d=1410252-jp-1100-pr
PDKP-1446,Fancy Colour,INTENSE YELLOW,RADIANT,3.03,3.00–4.99ct,VS2,,EX,EX,9.44 - 6.70 * 4.84,72.2,61.0,1.41,IGI,696590516,https://api.igi.org/viewpdf.php?r=696590516,https://workshop.360view.link/360viewer/360view.html?d=2804255-696590516
PDKP-1380,Fancy Colour,INTENSE YELLOW,RADIANT,2.72,2.00–2.99ct,VS1,,EX,EX,9.33 - 6.48 * 4.54,68.7,61.0,1.44,IGI,710543620,https://api.igi.org/viewpdf.php?r=710543620,https://workshop.360view.link/360viewer/360view.html?d=2106255-710543620
PDPV-229,Fancy Colour,FANCY YELLOW,ROUND,0.9,Under 1ct,VS1,EX,EX,EX,6.18 - 6.20 * 3.74,60.4,61.0,1.0,IGI,817665894,https://api.igi.org/viewpdf.php?r=817665894,https://workshop.360view.link/360viewer/360view.html?d=0708268-PV-229
PDKP-2054,Fancy Colour,F,CUSHION,10.24,10ct+,VVS1,,EX,EX,15.46 - 11.10 * 7.34,66.1,64.0,1.39,IGI,763603601,https://api.igi.org/viewpdf.php?r=763603601,
PDJP-1100-2,Fancy Colour,M,CUSHION,1.05,1.00–1.99ct,VVS2,,EX,EX,6.51 - 5.24 * 3.57,68.1,60.0,1.24,IGI,746509876,https://api.igi.org/viewpdf.php?r=746509876,https://workshop.360view.link/360viewer/360view.html?d=1610257-JP-1100-2
PDKP-1842,Fancy Colour,D,EMERALD,1.97,1.00–1.99ct,VS1,,EX,EX,8.46 - 5.80 * 3.92,67.6,63.0,1.46,IGI,671484601,https://api.igi.org/viewpdf.php?r=671484601,
PDKP-1844,Fancy Colour,F,EMERALD,1.89,1.00–1.99ct,VS1,,EX,EX,8.21 - 5.56 * 3.95,71.0,62.0,1.48,IGI,675534904,https://api.igi.org/viewpdf.php?r=675534904,https://workshop.360view.link/360viewer/360view.html?d=1002253-675534904
PDKP-1839,Fancy Colour,E,EMERALD,1.83,1.00–1.99ct,VS1,,EX,EX,8.21 - 5.58 * 4.04,72.4,62.0,1.47,IGI,678530396,https://api.igi.org/viewpdf.php?r=678530396,
PDKP-1847,Fancy Colour,E,EMERALD,1.8,1.00–1.99ct,VS2,,EX,VG,8.20 - 5.62 * 3.80,68.1,64.0,1.46,IGI,679513452,https://api.igi.org/viewpdf.php?r=679513452,
PDKP-1840,Fancy Colour,F,EMERALD,1.65,1.00–1.99ct,VS2,,EX,EX,7.54 - 5.59 * 3.83,68.5,61.0,1.35,IGI,678530395,https://api.igi.org/viewpdf.php?r=678530395,
PDKP-1608,Fancy Colour,D,EMERALD,0.99,Under 1ct,VVS2,,EX,EX,6.61 - 4.67 * 3.37,72.2,54.0,1.42,IGI,584378942,https://api.igi.org/viewpdf.php?r=584378942,
PDKP-1619,Fancy Colour,E,EMERALD,1.0,1.00–1.99ct,SI1,,EX,EX,6.68 - 4.68 * 3.21,68.6,62.0,1.43,IGI,652456730,https://api.igi.org/viewpdf.php?r=652456730,
PDKP-1620,Fancy Colour,D,EMERALD,0.97,Under 1ct,VVS2,,VG,VG,6.74 - 4.69 * 3.12,66.5,64.0,1.44,IGI,660487486,https://api.igi.org/viewpdf.php?r=660487486,
PDKP-1629,Fancy Colour,D,HEXAGONAL,0.92,Under 1ct,VVS2,,EX,EX,6.66 - 5.56 * 3.29,59.2,75.0,1.2,IGI,626419942,https://api.igi.org/viewpdf.php?r=626419942,https://workshop.360view.link/360viewer/360view.html?d=0304243-ED-749
PDKP-1630,Fancy Colour,D,HEXAGONAL,0.68,Under 1ct,VS1,,VG,VG,6.02 - 5.29 * 2.95,55.8,62.0,1.14,IGI,641492719,https://api.igi.org/viewpdf.php?r=641492719,https://workshop.360view.link/360viewer/360view.html?d=1207246-ED-901
PDKP-1640,Fancy Colour,E,MARQUISE,0.7,Under 1ct,VVS1,,VG,VG,9.36 - 4.67 * 2.73,58.5,61.0,2.0,IGI,660487503,https://api.igi.org/viewpdf.php?r=660487503,
PDKP-1641,Fancy Colour,E,MARQUISE,0.7,Under 1ct,VVS1,,VG,VG,8.98 - 4.69 * 2.81,59.9,57.0,1.91,IGI,660487493,https://api.igi.org/viewpdf.php?r=660487493,
PDKP-1642,Fancy Colour,D,MARQUISE,0.6,Under 1ct,VVS1,,VG,VG,8.43 - 4.49 * 2.77,61.7,66.0,1.88,IGI,652456706,https://api.igi.org/viewpdf.php?r=652456706,
PDKP-2055,Fancy Colour,G,OVAL,10.21,10ct+,VVS1,,EX,EX,17.75 - 12.41 * 7.47,60.2,63.0,1.43,IGI,766662443,https://api.igi.org/viewpdf.php?r=766662443,
PDKP-1660,Fancy Colour,F,OVAL,1.67,1.00–1.99ct,VVS2,,EX,EX,9.67 - 6.81 * 4.10,60.2,60.0,1.42,IGI,655449241,https://api.igi.org/viewpdf.php?r=655449241,
PDKP-1851,Fancy Colour,E,OVAL,1.42,1.00–1.99ct,VVS1,,EX,EX,9.20 - 6.27 * 3.90,62.7,55.0,1.47,IGI,685582257,https://api.igi.org/viewpdf.php?r=685582257,
PDKP-1682,Fancy Colour,D,OVAL,1.09,1.00–1.99ct,VVS1,,EX,VG,8.50 - 5.85 * 3.53,60.3,59.0,1.45,IGI,652422672,https://api.igi.org/viewpdf.php?r=652422672,
PDKP-1690,Fancy Colour,E,OVAL,1.04,1.00–1.99ct,IF,,EX,VG,8.35 - 5.75 * 3.37,58.6,59.0,1.45,IGI,660487463,https://api.igi.org/viewpdf.php?r=660487463,
PDKP-1691,Fancy Colour,F,OVAL,1.03,1.00–1.99ct,VVS1,,EX,VG,8.47 - 5.78 * 3.36,58.1,63.0,1.47,IGI,660487427,https://api.igi.org/viewpdf.php?r=660487427,
PDKP-1705,Fancy Colour,F,OVAL,0.58,Under 1ct,VVS2,,VG,EX,6.88 - 4.69 * 2.80,59.7,65.0,1.47,IGI,660487526,https://api.igi.org/viewpdf.php?r=660487526,
PDKP-1717,Fancy Colour,F,OVAL,0.52,Under 1ct,VVS2,,VG,GD,6.36 - 4.54 * 2.72,59.9,63.0,1.4,IGI,641492758,https://api.igi.org/viewpdf.php?r=641492758,https://workshop.360view.link/360viewer/360view.html?d=1007243-ED-919
PDKP-1360-W,Fancy Colour,E,PEAR,11.03,10ct+,VS1,,EX,EX,20.44 - 11.89 * 6.93,58.3,63.0,1.72,IGI,722527479,https://api.igi.org/viewpdf.php?r=722527479,https://workshop.360view.link/360viewer/360view.html?d=2307257-PDKP-1360
PDKP-1741,Fancy Colour,E,PEAR,0.97,Under 1ct,IF,,EX,VG,8.67 - 5.57 * 3.37,60.5,63.0,1.56,IGI,655449227,https://api.igi.org/viewpdf.php?r=655449227,
PDKP-1742,Fancy Colour,D,PEAR,0.97,Under 1ct,IF,,EX,EX,8.76 - 5.44 * 3.44,63.2,59.0,1.61,IGI,655449224,https://api.igi.org/viewpdf.php?r=655449224,
PDKP-1743,Fancy Colour,D,PEAR,0.95,Under 1ct,VVS1,,VG,VG,8.32 - 5.42 * 3.49,64.4,59.0,1.54,IGI,660487488,https://api.igi.org/viewpdf.php?r=660487488,
PDKP-1751,Fancy Colour,E,PEAR,0.73,Under 1ct,VVS1,,VG,GD,8.03 - 5.21 * 2.96,56.8,58.0,1.54,IGI,660487482,https://api.igi.org/viewpdf.php?r=660487482,
PDKP-1754,Fancy Colour,E,PEAR,0.7,Under 1ct,VVS1,,VG,VG,7.63 - 4.95 * 3.08,62.2,56.0,1.54,IGI,660487481,https://api.igi.org/viewpdf.php?r=660487481,
PDKP-1755,Fancy Colour,E,PEAR,0.68,Under 1ct,VVS2,,VG,EX,8.07 - 4.86 * 2.94,60.5,66.0,1.66,IGI,660487509,https://api.igi.org/viewpdf.php?r=660487509,
PDKP-1756,Fancy Colour,D,PEAR,0.58,Under 1ct,VS1,,EX,VG,7.04 - 4.74 * 2.85,60.1,62.0,1.49,IGI,652456708,https://api.igi.org/viewpdf.php?r=652456708,
PDKP-1772,Fancy Colour,D,PEAR,0.49,Under 1ct,VS1,,VG,VG,7.16 - 4.46 * 2.62,58.7,61.0,1.61,IGI,652456725,https://api.igi.org/viewpdf.php?r=652456725,
PDKP-1773,Fancy Colour,D,PEAR,0.49,Under 1ct,VVS2,,EX,VG,6.50 - 4.30 * 2.92,67.9,58.0,1.51,IGI,652456697,https://api.igi.org/viewpdf.php?r=652456697,
PDKP-1605,Fancy Colour,F,RADIANT,1.04,1.00–1.99ct,VS2,,VG,GD,7.08 - 5.07 * 3.20,63.1,64.0,1.4,IGI,660487432,https://api.igi.org/viewpdf.php?r=660487432,
PDKP-2307,Fancy Colour,F,ROSE CUT,15.69,10ct+,VS1,,VG,GD,22.41 - 17.88 * 4.20,0.0,0.0,1.25,IGI,808634336,https://api.igi.org/viewpdf.php?r=808634336,https://workshop.360view.link/360viewer/360view.html?d=0605262-PDKP-2307
PDKP-2305,Fancy Colour,F,ROSE CUT,15.48,10ct+,VS1,,VG,VG,22.20 - 17.40 * 4.47,0.0,0.0,1.28,IGI,808634337,https://api.igi.org/viewpdf.php?r=808634337,https://workshop.360view.link/360viewer/360view.html?d=0605268-PDKP-2305
PDKP-2308,Fancy Colour,F,ROSE CUT,12.03,10ct+,VS2,,VG,VG,17.88 - 17.95 * 3.82,0.0,0.0,1.0,IGI,808634333,https://api.igi.org/viewpdf.php?r=808634333,https://workshop.360view.link/360viewer/360view.html?d=0605265-PDKP-2308
PDKP-2311,Fancy Colour,F,ROSE CUT,11.99,10ct+,VS1,,VG,VG,17.66 - 17.69 * 3.87,0.0,0.0,1.0,IGI,808634335,https://api.igi.org/viewpdf.php?r=808634335,https://workshop.360view.link/360viewer/360view.html?d=0605268-PDKP-2311
PDK-41,Fancy Colour,D,ROUND,3.6,3.00–4.99ct,IF,ID,EX,EX,9.67 - 9.75 * 6.13,63.0,55.0,0.99,IGI,607314518,https://api.igi.org/viewpdf.php?r=607314518,https://workshop.360view.link/360viewer/360view.html?d=2204256-VRD-5-2
PDK-1357,Fancy Colour,G,ROUND,2.03,2.00–2.99ct,IF,EX,EX,EX,8.05 - 8.10 * 5.06,62.6,58.0,0.99,IGI,717526155,https://api.igi.org/viewpdf.php?r=717526155,
PDKP-2011,Fancy Colour,D,ROUND,1.51,1.00–1.99ct,SI1,EX,EX,EX,7.27 - 7.31 * 4.58,62.8,56.0,0.99,IGI,731538751,https://api.igi.org/viewpdf.php?r=731538751,https://workshop.360view.link/360viewer/360view.html?d=0505260-731538751
PDKP-2012,Fancy Colour,D,ROUND,1.51,1.00–1.99ct,SI1,EX,EX,EX,7.23 - 7.27 * 4.55,62.7,59.0,0.99,IGI,712532258,https://api.igi.org/viewpdf.php?r=712532258,https://workshop.360view.link/360viewer/360view.html?d=0505263-712532258
PD107,Fancy Colour,D,ROUND,1.07,1.00–1.99ct,IF,ID,EX,EX,6.51 - 6.56 * 4.03,61.6,56.0,0.99,IGI,560222592,https://api.igi.org/viewpdf.php?r=560222592,
