stock_no,category,colour,shape,carat,carat_band,clarity,cut,polish,symmetry,measurements,depth_pct,table_pct,ratio,lab,cert_no,verify_url,video_url
PDKP-2227,Fancy Colour,VIVID BLUE,OVAL,20.02,10ct+,VS2,,EX,VG,20.01 - 14.63 * 8.82,60.3,62.0,1.37,IGI,793622320,https://api.igi.org/viewpdf.php?r=793622320,https://workshop.360view.link/360viewer/360view.html?d=0306266-PDKP-2227
PDJP-111,Fancy Colour,VIVID BLUE,PEAR,1.41,1.00–1.99ct,VS1,,VG,VG,9.43 - 6.22 * 3.73,60.0,63.0,1.52,IGI,825681216,https://api.igi.org/viewpdf.php?r=825681216,https://workshop.360view.link/360viewer/360view.html?d=1808260-JP-111
PDKP-2441,Fancy Colour,LIGHT BROWN,OVAL,1.51,1.00–1.99ct,VVS2,,EX,EX,8.49 - 5.88 * 3.85,65.5,63.0,1.44,IGI,826605149,https://api.igi.org/viewpdf.php?r=826605149,https://workshop.360view.link/360viewer/360view.html?d=2208268-PDKP-2441
PDPV-123A,Fancy Colour,VIVID BROWN,PEAR,4.62,3.00–4.99ct,VS1,,EX,EX,14.82 - 8.84 * 5.34,60.4,65.0,1.68,IGI,784654973,https://api.igi.org/viewpdf.php?r=784654973,https://workshop.360view.link/360viewer/360view.html?d=2104262-PV-49-
PDKP-2434,Fancy Colour,LIGHT BROWN,OVAL,2.01,2.00–2.99ct,VVS2,,EX,EX,9.73 - 6.54 * 4.03,61.6,57.0,1.49,IGI,826605154,https://api.igi.org/viewpdf.php?r=826605154,https://workshop.360view.link/360viewer/360view.html?d=2408261-PDKP-2434
PDKP-2435,Fancy Colour,LIGHT BROWN,OVAL,2.56,2.00–2.99ct,VS1,,EX,EX,10.11 - 7.01 * 4.37,62.3,66.0,1.44,IGI,826605153,https://api.igi.org/viewpdf.php?r=826605153,https://workshop.360view.link/360viewer/360view.html?d=2408262-PDKP-2435
PDKP-2452,Fancy Colour,FANCY LIGHT BROWN,CUSHION,1.81,1.00–1.99ct,VS1,,EX,EX,8.34 - 6.06 * 3.91,64.5,64.0,1.38,IGI,826605390,https://api.igi.org/viewpdf.php?r=826605390,
PDKP-2457,Fancy Colour,LIGHT BROWN,CUSHION,1.96,1.00–1.99ct,VS1,,EX,EX,8.47 - 6.14 * 4.03,65.6,62.0,1.38,IGI,826605472,https://api.igi.org/viewpdf.php?r=826605472,
PDKP-2456,Fancy Colour,LIGHT BROWN,CUSHION,1.87,1.00–1.99ct,VS1,,EX,EX,9.44 - 6.29 * 3.66,58.2,53.0,1.5,IGI,826605473,https://api.igi.org/viewpdf.php?r=826605473,https://workshop.360view.link/360viewer/360view.html?d=2608266-PDKP-2456
PDKP-2433,Fancy Colour,FANCY LIGHT BROWN,OVAL,1.15,1.00–1.99ct,VVS2,,VG,VG,7.74 - 5.36 * 3.53,65.9,60.0,1.44,IGI,826605155,https://api.igi.org/viewpdf.php?r=826605155,https://workshop.360view.link/360viewer/360view.html?d=2608265-PDKP-2433
PDKP-1829,Fancy Colour,VIVID GREEN,CUSHION,1.59,1.00–1.99ct,VS1,,VG,EX,7.70 - 5.89 * 4.10,67.0,69.9,1.31,IGI,731579976,https://api.igi.org/viewpdf.php?r=731579976,https://workshop.360view.link/360viewer/360view.html?d=2811254-MK311
PDKP-1823,Fancy Colour,VIVID GREEN,CUSHION,1.51,1.00–1.99ct,VS2,,EX,FAIR,8 - 5.78 * 4,62.0,69.0,1.38,IGI,731579970,https://api.igi.org/viewpdf.php?r=731579970,https://workshop.360view.link/360viewer/360view.html?d=2811250-MK308
PDKP-2029,Fancy Colour,VIVID GREEN,RADIANT,3.06,3.00–4.99ct,VS1,,GOOD,EX,10.14 - 7.10 * 4.84,66.0,68.2,1.43,IGI,764698586,https://api.igi.org/viewpdf.php?r=764698586,https://workshop.360view.link/360viewer/360view.html?d=0902261-PDKP-2029
PDJK-20,Fancy Colour,VIVID GREEN,RADIANT,2.4,2.00–2.99ct,VS1,,EX,EX,9.60 - 6.50 * 4.34,66.8,65.0,1.48,IGI,783631333,https://api.igi.org/viewpdf.php?r=783631333,https://workshop.360view.link/360viewer/360view.html?d=0304261-JK-20
PDKP-1895,Fancy Colour,VIVID GREEN,ROUND,1.04,1.00–1.99ct,SI1,ID,VG,EX,6.50 - 6.53 * 4,61.3,56.0,1.0,IGI,735517050,https://api.igi.org/viewpdf.php?r=735517050,https://workshop.360view.link/360viewer/360view.html?d=2811250-MK318
PDKP-1896,Fancy Colour,VIVID GREEN,ROUND,0.81,Under 1ct,SI1,VG,VG,GOOD,6 - 6.01 * 3.60,59.9,63.0,1.0,IGI,735508795,https://api.igi.org/viewpdf.php?r=735508795,https://workshop.360view.link/360viewer/360view.html?d=2811251-mk319
PDKP-2445,Fancy Colour,VIVID GREEN,OVAL,0.93,Under 1ct,VVS2,,EX,EX,8.06 - 5.22 * 3,57.5,65.0,1.54,IGI,826605255,https://api.igi.org/viewpdf.php?r=826605255,https://workshop.360view.link/360viewer/360view.html?d=2408267-PDKP-2445
PDKP-2447,Fancy Colour,FANCY GREEN,OVAL,0.9,Under 1ct,VS1,,EX,EX,8.22 - 5.26 * 2.92,55.5,66.0,1.56,IGI,826605256,https://api.igi.org/viewpdf.php?r=826605256,https://workshop.360view.link/360viewer/360view.html?d=2408264-PDKP-2447
PDJP-10,Fancy Colour,VIVID GREEN,RADIANT,2.82,2.00–2.99ct,VVS2,,VG,EX,9.93 - 6..83 * 4.63,67.8,65.0,1.66,IGI,826605146,https://api.igi.org/viewpdf.php?r=826605146,https://workshop.360view.link/360viewer/360view.html?d=2408268-JP-10-PT
PDKP-2446,Fancy Colour,VIVID GREEN,OVAL,1.76,1.00–1.99ct,VVS2,,EX,EX,9.77 - 6.37 * 3.78,59.3,64.0,1.53,IGI,826605251,https://api.igi.org/viewpdf.php?r=826605251,https://workshop.360view.link/360viewer/360view.html?d=2608264-PDKP-2446
PDJK-53,Fancy Colour,VIVID PINK,CUSHION,8.88,5.00–9.99ct,VVS2,,VG,EX,14.86 - 10.62 * 6.72,63.3,65.0,1.4,IGI,783631650,https://api.igi.org/viewpdf.php?r=783631650,https://workshop.360view.link/360viewer/360view.html?d=1104266-JK-53-PR
PDKP-3060,Fancy Colour,VIVID PINK,CUSHION,8.01,5.00–9.99ct,VS1,,EX,EX,13.14 - 10.07 * 6.57,65.2,68.0,1.3,IGI,808608829,https://api.igi.org/viewpdf.php?r=808608829,
PDJK-7,Fancy Colour,VIVID PINK,CUSHION,5.78,5.00–9.99ct,VS1,,EX,EX,11.08 - 9.24 * 5.98,64.7,64.0,1.2,IGI,780616764,https://api.igi.org/viewpdf.php?r=780616764,https://workshop.360view.link/360viewer/360view.html?d=2403263-JK-579
PDJK-7-A,Fancy Colour,VIVID PINK,CUSHION,5.11,5.00–9.99ct,VS2,,GOOD,EX,10.58 - 8.50 * 6.07,71.4,65.0,1.24,IGI,777612645,https://api.igi.org/viewpdf.php?r=777612645,https://workshop.360view.link/360viewer/360view.html?d=1104260-JK-7-A
PDJK-8,Fancy Colour,INTENSE PINK,CUSHION,5.06,5.00–9.99ct,VS1,,EX,EX,9.73 - 8.70 * 6.10,70.1,63.0,1.12,IGI,780616763,https://api.igi.org/viewpdf.php?r=780616763,https://workshop.360view.link/360viewer/360view.html?d=2403267-JK-506
PDKP-1469,Fancy Colour,VIVID PINK,CUSHION,5.06,5.00–9.99ct,VS1,,EX,EX,12.24 - 8.83 * 5.86,66.4,60.0,1.39,IGI,724573609,https://api.igi.org/viewpdf.php?r=724573609,https://workshop.360view.link/360viewer/360view.html?d=1808256-PDKP-1469
PDKP-2124,Fancy Colour,VIVID PINK,CUSHION,5.06,5.00–9.99ct,VS2,,EX,EX,11.43 - 8.96 * 5.72,63.8,68.0,1.28,IGI,779630403,https://api.igi.org/viewpdf.php?r=779630403,https://workshop.360view.link/360viewer/360view.html?d=2503267-PDKP-2124-PR
PDKP-3059,Fancy Colour,VIVID PINK,CUSHION,5.01,5.00–9.99ct,VS2,,EX,EX,11.92 - 8.61 * 5.65,65.6,55.0,1.38,IGI,804643368,https://api.igi.org/viewpdf.php?r=804643368,
PDJK-2,Fancy Colour,INTENSE PINK,CUSHION,5.0,5.00–9.99ct,VS2,,EX,EX,11.01 - 8.25 - 5.91,71.6,57.0,1.33,IGI,778614223,https://api.igi.org/viewpdf.php?r=778614223,https://workshop.360view.link/360viewer/360view.html?d=1103268-JK-2-PR
PDKP-3058,Fancy Colour,VIVID PINK,CUSHION,5.0,5.00–9.99ct,VS1,,EX,EX,12.01 - 8.62 * 5.42,62.9,66.0,1.39,IGI,804643370,https://api.igi.org/viewpdf.php?r=804643370,
PDKP-2364,Fancy Colour,INTENSE PINK,CUSHION,4.55,3.00–4.99ct,VVS2,,EX,EX,9.69 - 9.64 * 5.96,61.8,66.0,1.01,IGI,810615203,https://api.igi.org/viewpdf.php?r=810615203,https://workshop.360view.link/360viewer/360view.html?d=2006264-PDKP-23064
PDKP-2178,Fancy Colour,INTENSE PINK,CUSHION,3.84,3.00–4.99ct,VVS2,,VG,EX,8.79 - 8.77 * 5.46,62.3,67.0,1.0,IGI,783630955,https://api.igi.org/viewpdf.php?r=783630955,https://workshop.360view.link/360viewer/360view.html?d=0904261-PDKP-2178
PDKP-2132,Fancy Colour,VIVID PINK,CUSHION,3.78,3.00–4.99ct,VS1,,EX,EX,11.06 - 8.01 * 5.13,64.0,64.0,1.38,IGI,782621273,https://api.igi.org/viewpdf.php?r=782621273,https://workshop.360view.link/360viewer/360view.html?d=3003261-PDKP-1132
PDKP-2123,Fancy Colour,VIVID PINK,CUSHION,3.76,3.00–4.99ct,VS1,,EX,VG,10.92 - 7.98 * 5.07,63.5,63.0,1.37,IGI,779630407,https://api.igi.org/viewpdf.php?r=779630407,https://workshop.360view.link/360viewer/360view.html?d=2503264-PDKP-2123-PR
PDJK-8a,Fancy Colour,VIVID PINK,CUSHION,3.09,3.00–4.99ct,VS2,,EX,EX,9.23 - 7.51 * 4.99,66.4,62.0,1.23,IGI,782623634,https://api.igi.org/viewpdf.php?r=782623634,https://workshop.360view.link/360viewer/360view.html?d=0204264-JK-8-A
PDJK-16,Fancy Colour,VIVID PINK,CUSHION,2.82,2.00–2.99ct,VS2,,EX,EX,8.93 - 7.17 * 4.77,66.5,63.0,1.25,IGI,780616729,https://api.igi.org/viewpdf.php?r=780616729,https://workshop.360view.link/360viewer/360view.html?d=2403267-JK-282
PDKP-2023,Fancy Colour,VIVID PINK,CUSHION,2.71,2.00–2.99ct,VVS2,,EX,EX,10.36 - 6.92 * 4.36,63.0,65.0,1.5,IGI,733591528,https://api.igi.org/viewpdf.php?r=733591528,https://workshop.360view.link/360viewer/360view.html?d=2909257-SS-37-SM
PDKL-29,Fancy Colour,VIVID PINK,CUSHION,2.52,2.00–2.99ct,VS1,,EX,EX,8.35 - 6.77 * 4.86,71.8,56.0,1.23,IGI,681516498,https://api.igi.org/viewpdf.php?r=681516498,https://workshop.360view.link/360viewer/360view.html?d=2402255-681516498
PDKP-2222,Fancy Colour,VIVID PINK,CUSHION,2.41,2.00–2.99ct,VS1,,EX,EX,7.59 - 7.56 * 4.75,62.8,66.0,1.0,IGI,788685650,https://api.igi.org/viewpdf.php?r=788685650,https://workshop.360view.link/360viewer/360view.html?d=2204267-PDKP-2221
PDKP-2142,Fancy Colour,VIVID PINK,CUSHION,2.38,2.00–2.99ct,VVS1,,EX,EX,7.75 - 7.65 * 4.65,60.8,65.0,1.01,IGI,783630141,https://api.igi.org/viewpdf.php?r=783630141,https://workshop.360view.link/360viewer/360view.html?d=0304265-PDKP-2142
PDKP-2228-A,Fancy Colour,VIVID PINK,CUSHION,2.26,2.00–2.99ct,VVS2,,EX,VG,7.43 - 7.41 * 4.57,61.7,65.0,1.0,IGI,788685921,https://api.igi.org/viewpdf.php?r=788685921,https://workshop.360view.link/360viewer/360view.html?d=3004267-PDKP-2228-PR
PDKP-2384,Fancy Colour,VIVID PINK,CUSHION,2.17,2.00–2.99ct,VVS2,,EX,EX,7.03 - 6.99 * 4.56,65.2,65.0,1.01,IGI,817666201,https://api.igi.org/viewpdf.php?r=817666201,https://workshop.360view.link/360viewer/360view.html?d=1508268-PDKP-2384
PDKP-2383,Fancy Colour,VIVID PINK,CUSHION,2.07,2.00–2.99ct,VVS1,,EX,EX,6.98 - 6.88 * 4.57,66.4,62.0,1.01,IGI,817666200,https://api.igi.org/viewpdf.php?r=817666200,https://workshop.360view.link/360viewer/360view.html?d=1508265-PDKP-2383
PDKP-2385,Fancy Colour,VIVID PINK,CUSHION,2.06,2.00–2.99ct,VVS2,,EX,EX,6.96 - 6.95 * 4.56,65.6,63.0,1.0,IGI,817666202,https://api.igi.org/viewpdf.php?r=817666202,https://workshop.360view.link/360viewer/360view.html?d=1508268-PDKP-2385
PDKP-2388,Fancy Colour,VIVID PINK,CUSHION,2.06,2.00–2.99ct,VS1,,VG,VG,6.98 - 6.74 * 4.57,67.8,64.0,1.04,IGI,817666205,https://api.igi.org/viewpdf.php?r=817666205,https://workshop.360view.link/360viewer/360view.html?d=1508262-PDKP-2388
PDKP-2386,Fancy Colour,VIVID PINK,CUSHION,2.05,2.00–2.99ct,VVS2,,VG,VG,6.96 - 6.92 * 4.51,65.2,67.0,1.01,IGI,817666203,https://api.igi.org/viewpdf.php?r=817666203,https://workshop.360view.link/360viewer/360view.html?d=1508262-PDKP-2386
PDKP-2387,Fancy Colour,VIVID PINK,CUSHION,2.05,2.00–2.99ct,VVS1,,VG,VG,6.96 - 6.95 * 4.48,64.5,64.0,1.0,IGI,817666204,https://api.igi.org/viewpdf.php?r=817666204,https://workshop.360view.link/360viewer/360view.html?d=1508266-PDKP-2387
PDKP-1838,Fancy Colour,VIVID PINK,CUSHION,1.65,1.00–1.99ct,VS1,,EX,EX,8.34 - 6.07 * 4.03,66.4,62.0,1.37,IGI,691561180,https://api.igi.org/viewpdf.php?r=691561180,https://workshop.360view.link/360viewer/360view.html?d=0704254-691561180
PDKP-2221,Fancy Colour,VIVID PINK,CUSHION,1.59,1.00–1.99ct,VVS2,,EX,VG,6.57 - 6.90 * 4.21,64.8,63.0,0.95,IGI,788685649,https://api.igi.org/viewpdf.php?r=788685649,https://workshop.360view.link/360viewer/360view.html?d=2204267-PDKP-2221
PDKP-1837,Fancy Colour,VIVID PINK,CUSHION,1.56,1.00–1.99ct,VVS2,,EX,VG,8.23 - 5.94 * 4.01,67.5,59.0,1.39,IGI,691561169,https://api.igi.org/viewpdf.php?r=691561169,https://workshop.360view.link/360viewer/360view.html?d=0704250-691561169
PDKP-2110,Fancy Colour,VIVID PINK,CUSHION,1.56,1.00–1.99ct,VS1,,EX,EX,8.63 - 5.95 * 3.82,64.2,68.0,1.45,IGI,770624683,https://api.igi.org/viewpdf.php?r=770624683,https://workshop.360view.link/360viewer/360view.html?d=1003264-PDKP-2110
PDKP-2068,Fancy Colour,INTENSE PINK,CUSHION,1.47,1.00–1.99ct,VVS2,,VG,EX,6.62 - 6.55 * 4.44,67.8,63.0,1.01,IGI,790652623,https://api.igi.org/viewpdf.php?r=790652623,https://workshop.360view.link/360viewer/360view.html?d=3004265-PDKP-2068-PR
PDKP-1836,Fancy Colour,INTENSE PINK,CUSHION,1.41,1.00–1.99ct,VVS2,,EX,EX,7.74 - 5.68 * 3.95,69.5,63.0,1.36,IGI,693508636,https://api.igi.org/viewpdf.php?r=693508636,https://workshop.360view.link/360viewer/360view.html?d=1504252-693508636
PDKP-2375,Fancy Colour,VIVID PINK,CUSHION,1.09,1.00–1.99ct,VVS2,,EX,EX,5.58 - 5.57 * 3.70,66.4,61.0,1.0,IGI,817666208,https://api.igi.org/viewpdf.php?r=817666208,https://workshop.360view.link/360viewer/360view.html?d=1508264-PDKP-2375
PDKP-2380,Fancy Colour,VIVID PINK,CUSHION,1.08,1.00–1.99ct,VVS2,,EX,VG,5.66 - 5.61 * 3.66,65.2,61.0,1.01,IGI,817666212,https://api.igi.org/viewpdf.php?r=817666212,https://workshop.360view.link/360viewer/360view.html?d=1508262-PDKP-2380
PDKP-2374,Fancy Colour,VIVID PINK,CUSHION,1.05,1.00–1.99ct,VS1,,EX,VG,5.56 - 5.51 * 3.62,65.7,61.0,1.01,IGI,817666207,https://api.igi.org/viewpdf.php?r=817666207,https://workshop.360view.link/360viewer/360view.html?d=1508260-PDKP-2374
PDKP-2377,Fancy Colour,VIVID PINK,CUSHION,1.05,1.00–1.99ct,VVS2,,VG,EX,5.57 - 5.53 * 3.62,65.5,63.0,1.01,IGI,817666210,https://api.igi.org/viewpdf.php?r=817666210,https://workshop.360view.link/360viewer/360view.html?d=1508267-PDKP-2377
PDKP-2373,Fancy Colour,VIVID PINK,CUSHION,1.04,1.00–1.99ct,VVS2,,VG,VG,5.57 - 5.54 * 3.63,65.5,61.0,1.01,IGI,817666206,https://api.igi.org/viewpdf.php?r=817666206,https://workshop.360view.link/360viewer/360view.html?d=1508265-PDKP-2373
PDKP-2376,Fancy Colour,VIVID PINK,CUSHION,1.04,1.00–1.99ct,VVS1,,EX,EX,5.49 - 5.47 * 3.66,66.9,63.0,1.0,IGI,817666209,https://api.igi.org/viewpdf.php?r=817666209,https://workshop.360view.link/360viewer/360view.html?d=1508267-PDKP-2376
PDKP-2378,Fancy Colour,VIVID PINK,CUSHION,1.02,1.00–1.99ct,VS1,,EX,VG,5.55 - 5.54 * 3.53,63.7,62.0,1.0,IGI,817666211,https://api.igi.org/viewpdf.php?r=817666211,https://workshop.360view.link/360viewer/360view.html?d=1508266-PDKP-2378
PDKP-2379,Fancy Colour,VIVID PINK,CUSHION,1.01,1.00–1.99ct,VS1,,VG,VG,5.63 - 5.55 * 3.43,61.8,66.0,1.01,IGI,826604932,https://api.igi.org/viewpdf.php?r=826604932,https://workshop.360view.link/360viewer/360view.html?d=1508268-PDKP-2379
PDKP-2338,Fancy Colour,VIVID PINK,CUSHION,0.84,Under 1ct,VS1,,VG,VG,5.07 - 5.01 * 3.40,67.9,65.0,1.01,IGI,795624195,https://api.igi.org/viewpdf.php?r=795624195,https://workshop.360view.link/360viewer/360view.html?d=2005268-PDKP-2338
PDKP-2173,Fancy Colour,VIVID PINK,CUSHION,0.8,Under 1ct,VS1,,VG,VG,5.09 - 4.90 * 3.47,70.8,59.0,1.04,IGI,784655021,https://api.igi.org/viewpdf.php?r=784655021,https://workshop.360view.link/360viewer/360view.html?d=0303262-kl-24-pr
PDKP-2415,Fancy Colour,VIVID PINK,CUSHION,0.78,Under 1ct,VVS2,,VG,VG,5.02 - 4.94 * 3.32,67.2,67.0,1.02,IGI,826604960,https://api.igi.org/viewpdf.php?r=826604960,https://workshop.360view.link/360viewer/360view.html?d=1508268-PDKP-2415
PDKP-2398,Fancy Colour,VIVID PINK,CUSHION,0.73,Under 1ct,VVS2,,VG,VG,5.09 - 4.86 * 3.20,65.8,61.0,1.05,IGI,826604943,https://api.igi.org/viewpdf.php?r=826604943,https://workshop.360view.link/360viewer/360view.html?d=1208264-PDKP-2398
PDKP-2172,Fancy Colour,VIVID PINK,CUSHION,0.71,Under 1ct,VS1,,VG,GOOD,5.41 - 4.39 * 3.19,72.7,59.0,1.23,IGI,784655020,https://api.igi.org/viewpdf.php?r=784655020,https://workshop.360view.link/360viewer/360view.html?d=0303268-kl-23-pr
PDKP-2427,Fancy Colour,VIVID PINK,CUSHION,0.71,Under 1ct,VVS2,,VG,VG,5.02 - 4.47 * 3.35,74.9,58.0,1.12,IGI,826604972,https://api.igi.org/viewpdf.php?r=826604972,https://workshop.360view.link/360viewer/360view.html?d=1208267-PDKP-2427
PDKP-2403,Fancy Colour,VIVID PINK,CUSHION,0.56,Under 1ct,VS2,,VG,GD,4.93 - 4.31 * 2.80,65.0,64.0,1.14,IGI,826604948,https://api.igi.org/viewpdf.php?r=826604948,https://workshop.360view.link/360viewer/360view.html?d=1308268-PDKP-2403
PDKP-2418,Fancy Colour,VIVID PINK,CUSHION,0.49,Under 1ct,VVS2,,VG,VG,4.52 - 4.28 * 2.76,64.5,66.0,1.06,IGI,826604963,https://api.igi.org/viewpdf.php?r=826604963,https://workshop.360view.link/360viewer/360view.html?d=1508265-PDKP-2418
PDKP-2421,Fancy Colour,VIVID PINK,CUSHION,0.43,Under 1ct,VS1,,EX,EX,4.13 - 4.00 * 2.72,68.0,64.0,1.03,IGI,826604966,https://api.igi.org/viewpdf.php?r=826604966,https://workshop.360view.link/360viewer/360view.html?d=1508260-PDKP-2421
PDKP-2430,Fancy Colour,INTENSE PINK,CUSHION,0.41,Under 1ct,VVS2,,VG,VG,3.92 - 3.84 * 2.82,73.4,62.0,1.02,IGI,826604975,https://api.igi.org/viewpdf.php?r=826604975,https://workshop.360view.link/360viewer/360view.html?d=1208267-PDKP-2430
PDKP-2424,Fancy Colour,VIVID PINK,CUSHION,0.35,Under 1ct,VVS2,,VG,VG,3.98 - 3.75 * 2.45,65.3,60.0,1.06,IGI,826604969,https://api.igi.org/viewpdf.php?r=826604969,https://workshop.360view.link/360viewer/360view.html?d=1808268-PDKP-2424
PDKP-2425,Fancy Colour,VIVID PINK,CUSHION,0.33,Under 1ct,VS1,,VG,VG,3.90 - 3.69 * 2.39,64.8,63.0,1.06,IGI,826604970,https://api.igi.org/viewpdf.php?r=826604970,https://workshop.360view.link/360viewer/360view.html?d=1308267-PDKP-2425
PDKL-34,Fancy Colour,INTENSE PINK,EMERALD,8.88,5.00–9.99ct,VVS2,,EX,EX,13.93 - 9.51 * 6.45,67.8,62.0,1.46,IGI,723584116,https://api.igi.org/viewpdf.php?r=723584116,https://workshop.360view.link/360viewer/360view.html?d=0608253-PDKP-1391
PDKP-2203,Fancy Colour,INTENSE PINK,EMERALD,5.08,5.00–9.99ct,VS1,,VG,EX,11.82 - 8.09 * 5.37,66.4,62.0,1.46,IGI,786626084,https://api.igi.org/viewpdf.php?r=786626084,https://workshop.360view.link/360viewer/360view.html?d=2104266-PDKP-2202
PDKP-1396-M,Fancy Colour,INTENSE PINK,EMERALD,5.03,5.00–9.99ct,VS1,,VG,EX,11.31 - 8.12 * 5.59,68.8,64.0,1.39,IGI,731542038,https://api.igi.org/viewpdf.php?r=731542038,https://workshop.360view.link/360viewer/360view.html?d=1609252-pdkp-1396-pr
PDKP-2010,Fancy Colour,INTENSE PINK,EMERALD,5.01,5.00–9.99ct,VS1,,EX,EX,11.77 - 7.89 * 5.37,68.1,62.0,1.49,IGI,741588100,https://api.igi.org/viewpdf.php?r=741588100,https://workshop.360view.link/360viewer/360view.html?d=2212257-VV-1-PR
PDKP-2202,Fancy Colour,INTENSE PINK,EMERALD,5.01,5.00–9.99ct,VS1,,EX,EX,11.79 - 7.98 * 5.40,67.7,60.0,1.48,IGI,786626082,https://api.igi.org/viewpdf.php?r=786626082,
PDJP-105,Fancy Colour,VIVID PINK,EMERALD,3.09,3.00–4.99ct,VS1,,EX,EX,9.76 - 6.78 * 4.68,69.0,61.0,1.44,IGI,801684001,https://api.igi.org/viewpdf.php?r=801684001,https://workshop.360view.link/360viewer/360view.html?d=1606267-JP-105-
PDJP-103,Fancy Colour,VIVID PINK,EMERALD,3.07,3.00–4.99ct,VS1,,EX,EX,9.58 - 6.99 * 4.77,68.2,65.0,1.37,IGI,801684000,https://api.igi.org/viewpdf.php?r=801684000,https://workshop.360view.link/360viewer/360view.html?d=1606266-JP-103-
PDJP-104,Fancy Colour,VIVID PINK,EMERALD,3.06,3.00–4.99ct,VS1,,EX,EX,9.62 - 6.89 * 4.70,68.2,62.0,1.4,IGI,805634702,https://api.igi.org/viewpdf.php?r=805634702,https://workshop.360view.link/360viewer/360view.html?d=1606266-JP-104-176
PDH-02,Fancy Colour,INTENSE PINK,EMERALD,3.02,3.00–4.99ct,VS1,,EX,EX,10.02 - 6.53 * 4.50,68.9,67.0,1.53,IGI,756505697,https://api.igi.org/viewpdf.php?r=756505697,https://workshop.360view.link/360viewer/360view.html?d=3012251-PDKP-02-PR
PDJP-102,Fancy Colour,VIVID PINK,EMERALD,3.01,3.00–4.99ct,VS1,,EX,EX,9.63 - 6.91 * 4.58,66.3,70.0,1.39,IGI,805634703,https://api.igi.org/viewpdf.php?r=805634703,https://workshop.360view.link/360viewer/360view.html?d=1606260-JP-102-P-
PDKP-1902,Fancy Colour,VIVID PINK,EMERALD,2.99,2.00–2.99ct,VS2,,EX,EX,10.07 - 6.73 * 4.42,65.7,67.0,1.5,IGI,733591040,https://api.igi.org/viewpdf.php?r=733591040,https://workshop.360view.link/360viewer/360view.html?d=2011258-PDKP-1902
PDPV-162,Fancy Colour,INTENSE PINK,EMERALD,2.59,2.00–2.99ct,VVS2,,EX,EX,9.24 - 6.52 * 4.38,67.2,64.0,1.42,IGI,754566597,https://api.igi.org/viewpdf.php?r=754566597,https://workshop.360view.link/360viewer/360view.html?d=3012257-PV-162-PR
PDKP-1356,Fancy Colour,INTENSE PINK,EMERALD,2.56,2.00–2.99ct,VVS2,,EX,EX,8.03 - 7.51 * 4.62,61.5,67.0,1.07,IGI,713531466,https://api.igi.org/viewpdf.php?r=713531466,https://workshop.360view.link/360viewer/360view.html?d=0107250-abm-34a
PDPV-167,Fancy Colour,INTENSE PINK,EMERALD,2.54,2.00–2.99ct,VS 1,,EX,EX,9.15 - 6.54 * 4.38,67.0,62.0,1.4,IGI,754566602,https://api.igi.org/viewpdf.php?r=754566602,https://workshop.360view.link/360viewer/360view.html?d=3012250-PV-167-PR
PDKP-2247,Fancy Colour,INTENSE PINK,EMERALD,1.1,1.00–1.99ct,VS1,,EX,EX,6.88 - 4.96 * 3.30,66.5,71.0,1.39,IGI,790652629,https://api.igi.org/viewpdf.php?r=790652629,https://workshop.360view.link/360viewer/360view.html?d=2704264-PDKP-2247-
PDPV-170,Fancy Colour,INTENSE PINK,EMERALD,2.09,2.00–2.99ct,VS1,,EX,EX,8.53 - 6.11 * 4.11,67.3,65.0,1.4,IGI,754566605,https://api.igi.org/viewpdf.php?r=754566605,https://workshop.360view.link/360viewer/360view.html?d=3012258-PV-170-PR
PDPV-171,Fancy Colour,FANCY PINK,EMERALD,2.05,2.00–2.99ct,VS1,,EX,EX,8.62 - 5.98 * 4.06,67.9,66.0,1.44,IGI,754566606,https://api.igi.org/viewpdf.php?r=754566606,https://workshop.360view.link/360viewer/360view.html?d=3012255-PV-171-PR
PDPV-252,Fancy Colour,VIVID PINK,HEART,10.1,10ct+,VS2,,EX,EX,12.39 - 14.63 * 7.86,53.2,62.0,0.85,IGI,739527438,https://api.igi.org/viewpdf.php?r=739527438,https://workshop.360view.link/360viewer/360view.html?d=1805268-PV-252-P
PDPV-251,Fancy Colour,INTENSE PINK,HEART,10.02,10ct+,VS1,,EX,EX,13.23 - 13.86 * 7.71,55.6,61.0,0.95,IGI,791642889,https://api.igi.org/viewpdf.php?r=791642889,https://workshop.360view.link/360viewer/360view.html?d=1805261-PV-251-P
PDKP-2303,Fancy Colour,VIVID PINK,HEART,6.05,5.00–9.99ct,VVS2,,EX,EX,10.54 - 11.54 * 6.23,54.0,67.0,0.91,IGI,787611083,https://api.igi.org/viewpdf.php?r=787611083,https://workshop.360view.link/360viewer/360view.html?d=2504260-P-1268
PDKP-2088,Fancy Colour,VIVID PINK,HEART,5.07,5.00–9.99ct,VS2,,EX,EX,11.12 - 11.74 * 6.63,56.5,59.0,0.95,IGI,727552271,https://api.igi.org/viewpdf.php?r=727552271,https://workshop.360view.link/360viewer/360view.html?d=2702263-PDKP-2088
PDPV-256,Fancy Colour,VIVID PINK,HEART,5.01,5.00–9.99ct,VS1,,EX,EX,9.80 - 11.21 * 5.81,51.8,68.0,0.87,IGI,803614507,https://api.igi.org/viewpdf.php?r=803614507,https://workshop.360view.link/360viewer/360view.html?d=3107265-PV-255-PR-
PDKP-452,Fancy Colour,INTENSE PINK,HEART,4.52,3.00–4.99ct,VVS2,,EX,EX,10.18 - 11.16 * 5.73,51.3,68.0,0.91,IGI,727520290,https://api.igi.org/viewpdf.php?r=727520290,https://workshop.360view.link/360viewer/360view.html?d=1808258-PDKP-452
PDKP-2366,Fancy Colour,VIVID PINK,HEART,3.54,3.00–4.99ct,VVS2,,EX,EX,8.56 - 9.70 * 5.38,55.5,70.0,0.88,IGI,807663493,https://api.igi.org/viewpdf.php?r=807663493,https://workshop.360view.link/360viewer/360view.html?d=3006261-PDKP-2366-CHP
PDKP-2367,Fancy Colour,VIVID PINK,HEART,3.52,3.00–4.99ct,VVS2,,EX,EX,8.44 - 9.85 * 5.38,54.6,72.0,0.86,IGI,802625030,https://api.igi.org/viewpdf.php?r=802625030,https://workshop.360view.link/360viewer/360view.html?d=3006261-PDKP-2367-CHP
PDKP-1928,Fancy Colour,INTENSE PINK,HEART,2.87,2.00–2.99ct,VS1,,VG,VG,8.64 - 10.06 * 5.67,56.4,63.0,0.86,IGI,754564131,https://api.igi.org/viewpdf.php?r=754564131,https://workshop.360view.link/360viewer/360view.html?d=1912258-PDKP-1928
PDKP-2109,Fancy Colour,VIVID PINK,HEART,2.08,2.00–2.99ct,VVS1,,EX,EX,7.41 - 8.22 * 4.34,52.8,63.0,0.9,IGI,779609117,https://api.igi.org/viewpdf.php?r=779609117,https://workshop.360view.link/360viewer/360view.html?d=1003262-PDKP-2109
PDKP-1996,Fancy Colour,VIVID PINK,HEART,1.97,1.00–1.99ct,VS 1,,VG,EX,7.46 - 8.83 * 5.11,57.9,59.0,0.84,IGI,754566208,https://api.igi.org/viewpdf.php?r=754566208,https://workshop.360view.link/360viewer/360view.html?d=3012258-PDKP-1996-PR
PDKP-1992,Fancy Colour,VIVID PINK,HEART,1.96,1.00–1.99ct,VS1,,EX,EX,8.02 - 8.76 * 4.91,56.1,61.0,0.92,IGI,754565807,https://api.igi.org/viewpdf.php?r=754565807,https://workshop.360view.link/360viewer/360view.html?d=2612252-PDKP-1992
PDKP-1998,Fancy Colour,VIVID PINK,HEART,1.95,1.00–1.99ct,VS 1,,VG,EX,7.82 - 8.61 * 5.01,58.2,61.0,0.91,IGI,754566209,https://api.igi.org/viewpdf.php?r=754566209,https://workshop.360view.link/360viewer/360view.html?d=3012251-PDKP-1998-PR
PDKP-1994,Fancy Colour,INTENSE PINK,HEART,1.94,1.00–1.99ct,VVS2,,EX,EX,7.45 - 8.64 * 5.24,60.6,60.0,0.86,IGI,754565808,https://api.igi.org/viewpdf.php?r=754565808,https://workshop.360view.link/360viewer/360view.html?d=2612257-PDKP-1994
PDKP-2128,Fancy Colour,VIVID PINK,HEART,1.05,1.00–1.99ct,SI1,,VG,VG,5.93 - 6.28 * 3.67,58.4,61.0,0.94,IGI,778616792,https://api.igi.org/viewpdf.php?r=778616792,https://workshop.360view.link/360viewer/360view.html?d=3003268-PDKP-2128
PDJP-201,Fancy Colour,VIVID PINK,HEART,0.88,Under 1ct,VS1,,EX,VG,5.74 - 6.53 * 3.22,49.3,68.0,0.88,IGI,817665973,https://api.igi.org/viewpdf.php?r=817665973,https://workshop.360view.link/360viewer/360view.html?d=0708263-JP-201
PDJP-202,Fancy Colour,VIVID PINK,HEART,0.84,Under 1ct,VS1,,VG,VG,5.61 - 6.48 * 3.16,48.8,61.0,0.87,IGI,817665972,https://api.igi.org/viewpdf.php?r=817665972,https://workshop.360view.link/360viewer/360view.html?d=0708266-jp-202
PDJP-203,Fancy Colour,VIVID PINK,HEART,0.35,Under 1ct,VS1,,VG,VG,4.02 - 4.69 * 2.52,53.7,69.0,0.86,IGI,817665971,https://api.igi.org/viewpdf.php?r=817665971,https://workshop.360view.link/360viewer/360view.html?d=0708260-JP-203-
PDKP-1396,Fancy Colour,VIVID PINK,MARQUISE,10.53,10ct+,VS1,,EX,EX,22.86 - 11.29 * 6.57,58.2,65.0,2.02,IGI,728580349,https://api.igi.org/viewpdf.php?r=728580349,https://workshop.360view.link/360viewer/360view.html?d=1009251-PDKP-1396
PDKP-2215,Fancy Colour,VIVID PINK,MARQUISE,2.79,2.00–2.99ct,VVS2,,EX,EX,15.09 - 6.94 * 4.14,59.7,66.0,2.17,IGI,786699792,https://api.igi.org/viewpdf.php?r=786699792,https://workshop.360view.link/360viewer/360view.html?d=2104268-PDKP-2213
PDKP-2330,Fancy Colour,VIVID PINK,MARQUISE,0.81,Under 1ct,VS1,,VG,VG,8.66 - 4.55 * 3.01,66.2,60.0,1.9,IGI,795624187,https://api.igi.org/viewpdf.php?r=795624187,https://workshop.360view.link/360viewer/360view.html?d=2205263-PDKP-2330
PDKP-1926,Fancy Colour,VIVID PINK,OVAL,18.88,10ct+,VS2,,EX,EX,21.58 - 14.55 * 8.43,57.9,60.0,1.48,IGI,755521180,https://api.igi.org/viewpdf.php?r=755521180,https://workshop.360view.link/360viewer/360view.html?d=2712258-PDKP-1926
PDKP-2072,Fancy Colour,VIVID PINK,OVAL,14.66,10ct+,VS1,,EX,EX,19.60 - 13.38 * 7.79,58.2,65.0,1.46,IGI,818622702,https://api.igi.org/viewpdf.php?r=818622702,https://workshop.360view.link/360viewer/360view.html?d=1308266-PDKP-2072---
PDKP-3036,Fancy Colour,VIVID PINK,OVAL,5.26,5.00–9.99ct,VVS2,,EX,EX,13.70 - 9.69 * 5.62,58.0,63.0,1.41,IGI,811630023,https://api.igi.org/viewpdf.php?r=811630023,https://workshop.360view.link/360viewer/360view.html?d=2407267-PDKP-3046-
PDKP-1164,Fancy Colour,VIVID PINK,OVAL,4.65,3.00–4.99ct,VS1,,EX,EX,13.59 - 9.11 *  5.41,59.4,60.0,1.49,IGI,685599749,https://api.igi.org/viewpdf.php?r=685599749,https://workshop.360view.link/360viewer/360view.html?d=1703250-P-102-PR
PDPV-40,Fancy Colour,VIVID PINK,OVAL,4.64,3.00–4.99ct,VS2,,EX,EX,13.22 - 9.29 * 5.29,56.9,63.0,1.42,IGI,678590347,https://api.igi.org/viewpdf.php?r=678590347,https://workshop.360view.link/360viewer/360view.html?d=1002251-PV-40-PR
PDPV-148,Fancy Colour,VIVID PINK,OVAL,4.63,3.00–4.99ct,VS1,,EX,EX,13.98 - 9.12 * 5.22,57.2,66.0,1.53,IGI,754566737,https://api.igi.org/viewpdf.php?r=754566737,https://workshop.360view.link/360viewer/360view.html?d=1001264-PV-148-PR
PDKP-1533,Fancy Colour,VIVID PINK,OVAL,4.57,3.00–4.99ct,VS2,,EX,EX,13.29 - 9.25 * 5.29,57.2,62.0,1.44,IGI,739505024,https://api.igi.org/viewpdf.php?r=739505024,https://workshop.360view.link/360viewer/360view.html?d=1110256-PDKP-1533
PDKP-1907,Fancy Colour,VIVID PINK,OVAL,4.36,3.00–4.99ct,VVS2,,EX,EX,12.63 - 8.92 * 5.25,58.9,66.0,1.42,IGI,750531523,https://api.igi.org/viewpdf.php?r=750531523,https://workshop.360view.link/360viewer/360view.html?d=0912256-PDKP-1907
PDKP-2189,Fancy Colour,VIVID PINK,OVAL,4.35,3.00–4.99ct,VS1,,EX,EX,13.25 - 8.70 * 5.08,58.4,63.0,1.52,IGI,784655333,https://api.igi.org/viewpdf.php?r=784655333,https://workshop.360view.link/360viewer/360view.html?d=0904268-PDKP-2189
PDKP-2362,Fancy Colour,VIVID PINK,OVAL,4.21,3.00–4.99ct,VS1,,EX,EX,12.52 - 8.77 * 5.53,63.1,62.0,1.43,IGI,781641607,https://api.igi.org/viewpdf.php?r=781641607,https://workshop.360view.link/view/2103260-DL20-1100
PDKP-1929,Fancy Colour,VIVID PINK,OVAL,4.08,3.00–4.99ct,VS2,,EX,EX,12.47 - 8.84 * 5.67,64.1,61.0,1.41,IGI,741557234,https://api.igi.org/viewpdf.php?r=741557234,https://workshop.360view.link/360viewer/360view.html?d=0312256-PDKP-1929
PDKP-3070,Fancy Colour,VIVID PINK,OVAL,4.03,3.00–4.99ct,VVS2,,EX,EX,13.15 - 8.69 * 5.03,57.9,65.0,1.51,IGI,817696674,https://api.igi.org/viewpdf.php?r=817696674,
PDKP-1258,Fancy Colour,VIVID PINK,OVAL,3.91,3.00–4.99ct,VS1,,EX,EX,12.44 - 8.79 * 5.26,59.8,59.0,1.42,IGI,712535051,https://api.igi.org/viewpdf.php?r=712535051,https://workshop.360view.link/360viewer/360view.html?d=3006250-PDKP-1258
PDKP-2195,Fancy Colour,VIVID PINK,OVAL,3.9,3.00–4.99ct,VS1,,EX,EX,12.55 - 8.47 * 5.03,59.4,62.0,1.48,IGI,786625697,https://api.igi.org/viewpdf.php?r=786625697,https://workshop.360view.link/360viewer/360view.html?d=0904264-PDKP-2195
PDPV-154,Fancy Colour,VIVID PINK,OVAL,3.81,3.00–4.99ct,VS1,,EX,EX,12.07 - 8.81 * 5.11,58.0,63.0,1.37,IGI,752544365,https://api.igi.org/viewpdf.php?r=752544365,https://workshop.360view.link/360viewer/360view.html?d=1712253-pdpv-154
PDPV-157,Fancy Colour,VIVID PINK,OVAL,3.8,3.00–4.99ct,VS1,,EX,EX,11.99 - 8.76 * 5.14,58.7,64.0,1.37,IGI,754564767,https://api.igi.org/viewpdf.php?r=754564767,https://workshop.360view.link/360viewer/360view.html?d=2512255-pv-157-pr
PDPV-249,Fancy Colour,VIVID PINK,OVAL,3.73,3.00–4.99ct,VS1,,VG,EX,12.43 - 8.56 * 4.89,57.1,65.0,1.45,IGI,792694660,https://api.igi.org/viewpdf.php?r=792694660,https://workshop.360view.link/360viewer/360view.html?d=1805268-PV-249-P
PDPV-243,Fancy Colour,VIVID PINK,OVAL,3.68,3.00–4.99ct,VVS1,,EX,EX,12.43 - 8.56 * 4.97,58.1,64.0,1.45,IGI,786626695,https://api.igi.org/viewpdf.php?r=786626695,https://workshop.360view.link/360viewer/360view.html?d=2204265-PDKP-2222
PDP-132,Fancy Colour,DEEP PINK,OVAL,3.67,3.00–4.99ct,VS2,,EX,EX,11.40 - 7.98 *  5.23,65.5,58.0,1.43,IGI,688519438,https://api.igi.org/viewpdf.php?r=688519438,https://workshop.360view.link/360viewer/360view.html?d=2703253-p-132-pr
PDKP-3051,Fancy Colour,VIVID PINK,OVAL,3.65,3.00–4.99ct,VVS2,,EX,EX,12.10 - 8.50 * 4.89,57.5,66.0,1.42,IGI,816655689,https://api.igi.org/viewpdf.php?r=816655689,https://workshop.360view.link/360viewer/360view.html?d=1307262-PDKP-3051
PDKP-1520,Fancy Colour,VIVID PINK,OVAL,3.64,3.00–4.99ct,VS2,,EX,EX,12.27 - 8.39 * 4.89,58.3,65.0,1.46,IGI,737561571,https://api.igi.org/viewpdf.php?r=737561571,https://workshop.360view.link/360viewer/360view.html?d=0910253-PDKP-1520
PDKP-3012,Fancy Colour,VIVID PINK,OVAL,3.64,3.00–4.99ct,VVS2,,EX,EX,12.11 - 8.48 * 4.95,58.4,65.0,1.43,IGI,815647655,https://api.igi.org/viewpdf.php?r=815647655,https://workshop.360view.link/360viewer/360view.html?d=0907260-PDKP-3012
PDKP-3006,Fancy Colour,VIVID PINK,OVAL,3.59,3.00–4.99ct,VVS2,,EX,EX,11.96 - 8.35 * 4.95,59.3,64.0,1.43,IGI,815647683,https://api.igi.org/viewpdf.php?r=815647683,https://workshop.360view.link/360viewer/360view.html?d=0907263-PDKP-3006
PDKP-3011,Fancy Colour,VIVID PINK,OVAL,3.59,3.00–4.99ct,VVS2,,EX,EX,12.04 - 8.38 * 4.88,58.2,65.0,1.44,IGI,815647656,https://api.igi.org/viewpdf.php?r=815647656,https://workshop.360view.link/360viewer/360view.html?d=0907262-PDKP-3011
PDKP-2183,Fancy Colour,VIVID PINK,OVAL,3.57,3.00–4.99ct,VS1,,EX,EX,11.84 - 8.51 * 4.93,57.9,65.0,1.39,IGI,784655332,https://api.igi.org/viewpdf.php?r=784655332,https://workshop.360view.link/360viewer/360view.html?d=0904266-PDKP-2183
PDKP-3035,Fancy Colour,VIVID PINK,OVAL,3.56,3.00–4.99ct,VVS2,,EX,VG,12.25 - 8.42 * 4.92,58.4,64.0,1.45,IGI,816628459,https://api.igi.org/viewpdf.php?r=816628459,https://workshop.360view.link/360viewer/360view.html?d=0907264-PDKP-3035
PDKP-3000,Fancy Colour,VIVID PINK,OVAL,3.55,3.00–4.99ct,VS1,,EX,VG,11.76 - 8.52 * 4.92,57.7,65.0,1.38,IGI,815647680,https://api.igi.org/viewpdf.php?r=815647680,https://workshop.360view.link/360viewer/360view.html?d=0907266-PDKP-3000
PDKP-3034,Fancy Colour,VIVID PINK,OVAL,3.54,3.00–4.99ct,VVS2,,EX,VG,11.83 - 8.56 * 4.97,58.1,65.0,1.38,IGI,816628465,https://api.igi.org/viewpdf.php?r=816628465,https://workshop.360view.link/360viewer/360view.html?d=0907261-PDKP-3034
PDKP-3032,Fancy Colour,VIVID PINK,OVAL,3.53,3.00–4.99ct,VVS2,,EX,EX,12.31 - 8.35 * 4.82,57.7,68.0,1.47,IGI,816628466,https://api.igi.org/viewpdf.php?r=816628466,https://workshop.360view.link/360viewer/360view.html?d=0907260-PDKP-3032
PDKP-811,Fancy Colour,VIVID PINK,OVAL,3.51,3.00–4.99ct,SI1,,EX,EX,10.86 - 8.25 * 5.18,62.8,54.0,1.32,IGI,644421460,https://api.igi.org/viewpdf.php?r=644421460,https://workshop.360view.link/360viewer/360view.html?d=3107247-644421460
PDKP-2136,Fancy Colour,VIVID PINK,OVAL,3.48,3.00–4.99ct,VS1,,EX,EX,12.33 - 8.32 * 4.73,56.9,67.0,1.48,IGI,783630152,https://api.igi.org/viewpdf.php?r=783630152,https://workshop.360view.link/360viewer/360view.html?d=0304262-PDKP-2136
PDKP-3003,Fancy Colour,VIVID PINK,OVAL,3.48,3.00–4.99ct,VS1,,EX,EX,12.05 - 8.38 * 4.86,58.0,66.0,1.44,IGI,815647678,https://api.igi.org/viewpdf.php?r=815647678,https://workshop.360view.link/360viewer/360view.html?d=0907268-PDKP-3003
PDKP-3049,Fancy Colour,VIVID PINK,OVAL,3.48,3.00–4.99ct,VVS2,,EX,EX,11.98 - 8.34 * 4.87,58.4,65.0,1.44,IGI,816655690,https://api.igi.org/viewpdf.php?r=816655690,https://workshop.360view.link/360viewer/360view.html?d=1307267-PDKP-3049
PDKP-3004,Fancy Colour,VIVID PINK,OVAL,3.44,3.00–4.99ct,VVS2,,EX,EX,12.03 - 8.38 * 4.85,57.9,68.0,1.44,IGI,815647686,https://api.igi.org/viewpdf.php?r=815647686,https://workshop.360view.link/360viewer/360view.html?d=0907263-PDKP-3004
PDKP-3029,Fancy Colour,VIVID PINK,OVAL,3.4,3.00–4.99ct,VVS2,,EX,EX,12.07 - 8.33 * 4.75,57.0,66.0,1.45,IGI,816628463,https://api.igi.org/viewpdf.php?r=816628463,https://workshop.360view.link/360viewer/360view.html?d=0907268-PDKP-3029
PDKP-3048,Fancy Colour,VIVID PINK,OVAL,3.38,3.00–4.99ct,VVS2,,EX,EX,11.67 - 8.44 * 4.83,57.2,64.0,1.38,IGI,816655692,https://api.igi.org/viewpdf.php?r=816655692,https://workshop.360view.link/360viewer/360view.html?d=1307262-PDKP-3048
PDJK-9,Fancy Colour,VIVID PINK,OVAL,3.08,3.00–4.99ct,VVS2,,EX,EX,11.75 - 7.91 * 4.61,58.3,62.0,1.49,IGI,778614221,https://api.igi.org/viewpdf.php?r=778614221,https://workshop.360view.link/360viewer/360view.html?d=1103268-JK-9-PR
PDPRI-1,Fancy Colour,VIVID PINK,OVAL,3.0,3.00–4.99ct,SI2,,EX,EX,9.95 - 7.33 * 5.17,70.5,63.0,1.36,IGI,648463103,https://api.igi.org/viewpdf.php?r=648463103,
PDKP-2194,Fancy Colour,VIVID PINK,OVAL,2.84,2.00–2.99ct,VS1,,EX,EX,10.85 - 7.73 * 4.62,59.8,62.0,1.4,IGI,786625676,https://api.igi.org/viewpdf.php?r=786625676,https://workshop.360view.link/360viewer/360view.html?d=0704261-PDKP-2194
PDKP-2184,Fancy Colour,VIVID PINK,OVAL,2.82,2.00–2.99ct,VVS2,,EX,EX,11.22 - 7.75 * 4.53,58.5,64.0,1.45,IGI,786625668,https://api.igi.org/viewpdf.php?r=786625668,https://workshop.360view.link/360viewer/360view.html?d=0704263-PDKP-2184
PDKP-2218,Fancy Colour,VIVID PINK,OVAL,2.81,2.00–2.99ct,VS1,,EX,EX,10.94 - 7.74 * 4.70,60.7,64.0,1.41,IGI,786699795,https://api.igi.org/viewpdf.php?r=786699795,https://workshop.360view.link/360viewer/360view.html?d=1604262-PDKP-2218
PDKP-2196,Fancy Colour,VIVID PINK,OVAL,2.8,2.00–2.99ct,VVS2,,EX,EX,10.93 - 7.79 * 4.64,59.6,65.0,1.4,IGI,786625677,https://api.igi.org/viewpdf.php?r=786625677,https://workshop.360view.link/360viewer/360view.html?d=0704268-PDKP-2196
PDKP-2153-A,Fancy Colour,VIVID PINK,OVAL,2.78,2.00–2.99ct,VVS2,,EX,EX,10.87 - 7.82 * 4.53,57.9,65.0,1.39,IGI,786625637,https://api.igi.org/viewpdf.php?r=786625637,https://workshop.360view.link/360viewer/360view.html?d=0904266-PDKP-2153-A
PDKP-2190,Fancy Colour,VIVID PINK,OVAL,2.78,2.00–2.99ct,VS1,,EX,EX,11.27 - 7.73 * 4.52,58.5,65.0,1.46,IGI,786625673,https://api.igi.org/viewpdf.php?r=786625673,https://workshop.360view.link/360viewer/360view.html?d=0704264-PDKP-2190
PDKP-2151-A,Fancy Colour,VIVID PINK,OVAL,2.77,2.00–2.99ct,VVS2,,EX,EX,11.11 - 7.75 * 4.46,57.5,65.0,1.43,IGI,786625635,https://api.igi.org/viewpdf.php?r=786625635,https://workshop.360view.link/360viewer/360view.html?d=3004261-PDKP-2151-PR
PDPV-245,Fancy Colour,VIVID PINK,OVAL,2.77,2.00–2.99ct,VVS2,,EX,EX,11.37 - 7.73 * 4.42,57.2,66.0,1.47,IGI,786626624,https://api.igi.org/viewpdf.php?r=786626624,https://workshop.360view.link/360viewer/360view.html?d=1804261-pv-244-pr
PDKP-2198,Fancy Colour,VIVID PINK,OVAL,2.76,2.00–2.99ct,VS1,,EX,VG,10.64 - 7.76 * 4.60,59.3,65.0,1.37,IGI,786625836,https://api.igi.org/viewpdf.php?r=786625836,https://workshop.360view.link/360viewer/360view.html?d=1504266-PDKP-2198
PDPV-233,Fancy Colour,VIVID PINK,OVAL,2.76,2.00–2.99ct,VVS2,,EX,EX,11.35 - 7.63 * 4.44,66.0,58.2,1.49,IGI,786626622,https://api.igi.org/viewpdf.php?r=786626622,https://workshop.360view.link/360viewer/360view.html?d=1704265-JP-102-PR
PDPV-247,Fancy Colour,VIVID PINK,OVAL,2.76,2.00–2.99ct,VVS2,,EX,EX,11.05 - 7.75 * 4.49,57.9,66.0,1.43,IGI,792694614,https://api.igi.org/viewpdf.php?r=792694614,https://workshop.360view.link/360viewer/360view.html?d=0905265-PV-247
PDH-11,Fancy Colour,VIVID PINK,OVAL,2.75,2.00–2.99ct,VVS2,,EX,EX,11.09 - 7.56 * 4.28,56.6,61.0,1.47,IGI,754566703,https://api.igi.org/viewpdf.php?r=754566703,https://workshop.360view.link/360viewer/360view.html?d=2101264-pdh-11
PDKP-2137,Fancy Colour,VIVID PINK,OVAL,2.75,2.00–2.99ct,VVS2,,EX,EX,10.88 - 7.79 * 4.53,63.0,58.2,1.4,IGI,783630140,https://api.igi.org/viewpdf.php?r=783630140,https://workshop.360view.link/360viewer/360view.html?d=3003266-PDKP-2137
PDKP-2199,Fancy Colour,VIVID PINK,OVAL,2.75,2.00–2.99ct,VVS2,,EX,EX,11.03 - 7.71 * 4.52,58.6,66.0,1.43,IGI,786625837,https://api.igi.org/viewpdf.php?r=786625837,https://workshop.360view.link/360viewer/360view.html?d=1504268-PDKP-2199
PDKP-2273,Fancy Colour,VIVID PINK,OVAL,2.75,2.00–2.99ct,VVS2,,EX,EX,11.02 - 7.78 * 4.44,57.1,65.0,1.42,IGI,791642839,https://api.igi.org/viewpdf.php?r=791642839,https://workshop.360view.link/360viewer/360view.html?d=3004261-PDKP-2273-PR
PDPV-158,Fancy Colour,VIVID PINK,OVAL,2.75,2.00–2.99ct,VVS2,,EX,EX,11.16 - 7.72 * 4.45,57.6,65.0,1.45,IGI,754564782,https://api.igi.org/viewpdf.php?r=754564782,https://workshop.360view.link/360viewer/360view.html?d=2212251-PDPV-158
PDJK-15,Fancy Colour,VIVID PINK,OVAL,2.74,2.00–2.99ct,VVS2,,VG,EX,10.87 - 7.79 * 4.52,58.0,65.0,1.4,IGI,797637889,https://api.igi.org/viewpdf.php?r=797637889,https://workshop.360view.link/360viewer/360view.html?d=1805265-JK-15-P
PDKP-2152-A,Fancy Colour,VIVID PINK,OVAL,2.74,2.00–2.99ct,VS1,,EX,EX,11.04 - 7.82 * 4.57,58.4,62.0,1.41,IGI,784654989,https://api.igi.org/viewpdf.php?r=784654989,https://workshop.360view.link/360viewer/360view.html?d=0904262-PDKP-2152
PDKP-2180,Fancy Colour,VIVID PINK,OVAL,2.74,2.00–2.99ct,VS1,,EX,EX,10.93 - 7.69 * 4.51,58.6,67.0,1.42,IGI,786625665,https://api.igi.org/viewpdf.php?r=786625665,https://workshop.360view.link/360viewer/360view.html?d=0704267-PDKP-2180
PDKP-2216,Fancy Colour,VIVID PINK,OVAL,2.74,2.00–2.99ct,VVS2,,EX,EX,10.93 - 7.86 * 4.51,57.4,65.0,1.39,IGI,786699793,https://api.igi.org/viewpdf.php?r=786699793,https://workshop.360view.link/360viewer/360view.html?d=1604267-PDKP-2216
PDKP-2032,Fancy Colour,VIVID PINK,OVAL,2.73,2.00–2.99ct,VS1,,EX,EX,11.02 - 7.82 * 4.48,57.3,66.0,1.41,IGI,763618014,https://api.igi.org/viewpdf.php?r=763618014,https://workshop.360view.link/360viewer/360view.html?d=0902265-PDKP-2032
PDKP-2151,Fancy Colour,VIVID PINK,OVAL,2.73,2.00–2.99ct,VVS2,,EX,EX,11.06 - 7.64 * 4.45,58.2,65.0,1.45,IGI,784654988,https://api.igi.org/viewpdf.php?r=784654988,https://workshop.360view.link/360viewer/360view.html?d=0904266-PDKP-2151
PDKP-2152,Fancy Colour,VIVID PINK,OVAL,2.73,2.00–2.99ct,VVS2,,EX,EX,10.85 - 7.78 * 4.48,57.6,64.0,1.39,IGI,786625636,https://api.igi.org/viewpdf.php?r=786625636,https://workshop.360view.link/360viewer/360view.html?d=0904266-PDKP-2152-
PDKP-2154,Fancy Colour,VIVID PINK,OVAL,2.73,2.00–2.99ct,VVS2,,EX,EX,11.13 - 7.70 * 4.51,58.6,65.0,1.45,IGI,784654991,https://api.igi.org/viewpdf.php?r=784654991,https://workshop.360view.link/360viewer/360view.html?d=0904261-PDKP-2154
PDKP-2179,Fancy Colour,VIVID PINK,OVAL,2.73,2.00–2.99ct,VS1,,EX,VG,11.17 - 7.75 * 4.48,57.8,66.0,1.44,IGI,786625664,https://api.igi.org/viewpdf.php?r=786625664,https://workshop.360view.link/360viewer/360view.html?d=0704262-PDKP-2179
PDKP-2210,Fancy Colour,VIVID PINK,OVAL,2.73,2.00–2.99ct,VS1,,EX,EX,11.30 - 7.64 * 4.35,56.9,67.0,1.48,IGI,786699787,https://api.igi.org/viewpdf.php?r=786699787,https://workshop.360view.link/360viewer/360view.html?d=1604267-PDKP-2210
PDPV-234,Fancy Colour,VIVID PINK,OVAL,2.73,2.00–2.99ct,VVS2,,EX,EX,11.09 - 7.75 * 4.48,66.0,57.8,1.43,IGI,786626623,https://api.igi.org/viewpdf.php?r=786626623,https://workshop.360view.link/360viewer/360view.html?d=1704267-JP-103-PR
PDKP-2154-A,Fancy Colour,VIVID PINK,OVAL,2.72,2.00–2.99ct,VVS2,,EX,EX,11.12 - 7.69 * 4.46,58.0,63.0,1.45,IGI,786625638,https://api.igi.org/viewpdf.php?r=786625638,https://workshop.360view.link/360viewer/360view.html?d=0904268-PDKP-2154-A
PDKP-2182,Fancy Colour,VIVID PINK,OVAL,2.72,2.00–2.99ct,VS1,,EX,EX,10.89 - 7.70 * 4.54,59.0,65.0,1.41,IGI,786625667,https://api.igi.org/viewpdf.php?r=786625667,https://workshop.360view.link/360viewer/360view.html?d=0704264-PDKP-2182
PDPV-140,Fancy Colour,VIVID PINK,OVAL,2.72,2.00–2.99ct,VS1,,EX,EX,11.06 - 7.64 * 4.53,59.3,67.0,1.45,IGI,724573598,https://api.igi.org/viewpdf.php?r=724573598,https://workshop.360view.link/360viewer/360view.html?d=1408252-PV-140-PR
PDKP-2041,Fancy Colour,VIVID PINK,OVAL,2.71,2.00–2.99ct,VS1,,EX,EX,10.83 - 7.71 * 4.47,58.0,65.0,1.4,IGI,766659078,https://api.igi.org/viewpdf.php?r=766659078,https://workshop.360view.link/360viewer/360view.html?d=1702265-PDKP-2041-PR
PDKP-2265,Fancy Colour,VIVID PINK,OVAL,2.7,2.00–2.99ct,VS1,,EX,EX,11.56 - 7.67 * 4.38,57.1,66.0,1.51,IGI,790652620,https://api.igi.org/viewpdf.php?r=790652620,https://workshop.360view.link/360viewer/360view.html?d=2704268-PDKP-2265
PDKP-2135,Fancy Colour,VIVID PINK,OVAL,2.69,2.00–2.99ct,VS1,,EX,EX,11.45 - 7.57 * 4.34,57.3,67.0,1.51,IGI,783629993,https://api.igi.org/viewpdf.php?r=783629993,https://workshop.360view.link/360viewer/360view.html?d=3003267-PDKP-2135
PDKP-2213,Fancy Colour,VIVID PINK,OVAL,2.69,2.00–2.99ct,VVS2,,EX,EX,11.16 - 7.64 * 4.44,58.1,66.0,1.46,IGI,786699790,https://api.igi.org/viewpdf.php?r=786699790,https://workshop.360view.link/360viewer/360view.html?d=2104265-PDKP-2205
PDKP-2153,Fancy Colour,VIVID PINK,OVAL,2.68,2.00–2.99ct,VS1,,EX,EX,11.17 - 7.58 * 4.42,58.3,67.0,1.47,IGI,784654990,https://api.igi.org/viewpdf.php?r=784654990,https://workshop.360view.link/360viewer/360view.html?d=0904263-PDKP-2153
PDPV-248,Fancy Colour,VIVID PINK,OVAL,2.67,2.00–2.99ct,VVS2,,EX,EX,11.05 - 7.72 * 4.46,57.8,67.0,1.43,IGI,792694613,https://api.igi.org/viewpdf.php?r=792694613,https://workshop.360view.link/360viewer/360view.html?d=0905267-PV-248
PDH-08,Fancy Colour,VIVID PINK,OVAL,2.65,2.00–2.99ct,VS1,,EX,VG,11.27 - 7.51 * 4.44,59.1,62.0,1.5,IGI,758552696,https://api.igi.org/viewpdf.php?r=758552696,https://workshop.360view.link/360viewer/360view.html?d=0301263-PDH-08
PDKP-2186,Fancy Colour,VIVID PINK,OVAL,2.65,2.00–2.99ct,VVS2,,VG,VG,11.14 - 7.66 * 4.40,57.4,66.0,1.45,IGI,786625670,https://api.igi.org/viewpdf.php?r=786625670,https://workshop.360view.link/360viewer/360view.html?d=0704260-PDKP-2186
PDKP-2264,Fancy Colour,VIVID PINK,OVAL,2.65,2.00–2.99ct,VVS2,,EX,EX,11.26 - 7.72 * 4.21,54.5,66.0,1.46,IGI,790652619,https://api.igi.org/viewpdf.php?r=790652619,https://workshop.360view.link/360viewer/360view.html?d=2704260-PDKP-2264
PDJK-13-A,Fancy Colour,VIVID PINK,OVAL,2.64,2.00–2.99ct,VS1,,EX,EX,11.04 - 7.43 * 4.97,66.9,59.0,1.49,IGI,777612384,https://api.igi.org/viewpdf.php?r=777612384,https://workshop.360view.link/360viewer/360view.html?d=1003268-JK-13-A
PDKP-2030,Fancy Colour,VIVID PINK,OVAL,2.64,2.00–2.99ct,VVS2,,VG,VG,10.91 - 7.62 * 4.42,58.0,66.0,1.43,IGI,763618012,https://api.igi.org/viewpdf.php?r=763618012,https://workshop.360view.link/360viewer/360view.html?d=0902268-PDKP-2030
PDJK-16A,Fancy Colour,VIVID PINK,OVAL,2.62,2.00–2.99ct,VS1,,EX,EX,10.55 - 6.87 * 4.53,65.9,64.0,1.54,IGI,778614181,https://api.igi.org/viewpdf.php?r=778614181,https://workshop.360view.link/360viewer/360view.html?d=1003261-JK-16-A
PDPV-155,Fancy Colour,VIVID PINK,OVAL,2.61,2.00–2.99ct,VVS2,,EX,EX,11 - 7.58 * 4.38,57.8,66.0,1.45,IGI,752544372,https://api.igi.org/viewpdf.php?r=752544372,https://workshop.360view.link/360viewer/360view.html?d=1712251-PDPV-155
PDKP-2219,Fancy Colour,VIVID PINK,OVAL,2.57,2.00–2.99ct,VS1,,EX,EX,11.07 - 7.54 * 4.42,58.6,65.0,1.47,IGI,788685368,https://api.igi.org/viewpdf.php?r=788685368,https://workshop.360view.link/360viewer/360view.html?d=0105265-PDKP-2219
PDJK-20A,Fancy Colour,INTENSE PINK,OVAL,2.54,2.00–2.99ct,VS1,,EX,EX,10.31 - 6.77 * 4.46,65.9,62.0,1.52,IGI,778614182,https://api.igi.org/viewpdf.php?r=778614182,https://workshop.360view.link/360viewer/360view.html?d=1103260-JK-20-A
PDJP-25,Fancy Colour,VIVID PINK,OVAL,2.52,2.00–2.99ct,VVS2,,VG,EX,10.95 - 7.53 * 4.37,58.0,66.0,1.45,IGI,754564132,https://api.igi.org/viewpdf.php?r=754564132,https://workshop.360view.link/360viewer/360view.html?d=1712255-pdKP-1927
PDKP-1364,Fancy Colour,VIVID PINK,OVAL,2.49,2.00–2.99ct,VVS2,,EX,EX,10.45 - 7.66 * 4.36,56.9,65.0,1.36,IGI,713537539,https://api.igi.org/viewpdf.php?r=713537539,https://workshop.360view.link/360viewer/360view.html?d=2307257-PDKP-1364
PDPV-144,Fancy Colour,VIVID PINK,OVAL,2.45,2.00–2.99ct,VS1,,VG,VG,10.45 - 7.57 * 4.38,57.9,64.0,1.38,IGI,731542036,https://api.igi.org/viewpdf.php?r=731542036,https://workshop.360view.link/360viewer/360view.html?d=1709257-PV-144
PDKP-2191,Fancy Colour,VIVID PINK,OVAL,2.3,2.00–2.99ct,VVS2,,EX,EX,10.70 - 7.28 * 4.16,57.1,65.0,1.47,IGI,786625674,https://api.igi.org/viewpdf.php?r=786625674,
PDKP-2197,Fancy Colour,VIVID PINK,OVAL,2.3,2.00–2.99ct,VS1,,EX,EX,9.94 - 7.46 * 4.27,57.2,65.0,1.33,IGI,786625835,https://api.igi.org/viewpdf.php?r=786625835,https://workshop.360view.link/360viewer/360view.html?d=1504265-PDKP-2197
PDKP-2214,Fancy Colour,VIVID PINK,OVAL,2.3,2.00–2.99ct,VVS1,,EX,EX,10.31 - 7.41 * 4.32,58.3,66.0,1.39,IGI,786699791,https://api.igi.org/viewpdf.php?r=786699791,https://workshop.360view.link/360viewer/360view.html?d=1604261-PDKP-2214
PDKP-2211,Fancy Colour,VIVID PINK,OVAL,2.28,2.00–2.99ct,VS2,,EX,EX,10.77 - 7.04 * 4.11,58.4,65.0,1.53,IGI,786699788,https://api.igi.org/viewpdf.php?r=786699788,https://workshop.360view.link/360viewer/360view.html?d=1604260-PDKP-2211
PDH-10,Fancy Colour,VIVID PINK,OVAL,2.27,2.00–2.99ct,VS1,,EX,EX,10.69 - 7.12 * 4.17,58.6,66.0,1.5,IGI,754566690,https://api.igi.org/viewpdf.php?r=754566690,https://workshop.360view.link/360viewer/360view.html?d=1001267-PDH-10-PR
PDKP-2034,Fancy Colour,VIVID PINK,OVAL,2.14,2.00–2.99ct,VVS2,,VG,EX,10.18 - 7.11 * 4.09,57.5,65.0,1.43,IGI,763618016,https://api.igi.org/viewpdf.php?r=763618016,https://workshop.360view.link/360viewer/360view.html?d=0902265-PDKP-2034
PDKP-2035,Fancy Colour,VIVID PINK,OVAL,2.08,2.00–2.99ct,VVS1,,VG,EX,9.70 - 7 * 4.22,60.3,66.0,1.39,IGI,763618017,https://api.igi.org/viewpdf.php?r=763618017,https://workshop.360view.link/360viewer/360view.html?d=0902264-PDKP-2035
PDPV-235,Fancy Colour,VIVID PINK,OVAL,1.95,1.00–1.99ct,VVS2,,EX,EX,10.32 - 6.79 * 3.93,67.0,57.9,1.52,IGI,786626621,https://api.igi.org/viewpdf.php?r=786626621,https://workshop.360view.link/360viewer/360view.html?d=1704261-JP-101-PR
PDPV-236,Fancy Colour,VIVID PINK,OVAL,1.94,1.00–1.99ct,VS1,,EX,VG,9.77 - 6.82 * 4.01,64.0,58.8,1.43,IGI,786626750,https://api.igi.org/viewpdf.php?r=786626750,https://workshop.360view.link/360viewer/360view.html?d=1704268-JP-114-PR
PDPV-237,Fancy Colour,VIVID PINK,OVAL,1.93,1.00–1.99ct,VVS2,,EX,EX,9.90 - 6.96 * 4.02,65.0,57.8,1.42,IGI,786626625,https://api.igi.org/viewpdf.php?r=786626625,https://workshop.360view.link/360viewer/360view.html?d=1704261-JP-106-PR
PDPV-238,Fancy Colour,VIVID PINK,OVAL,1.9,1.00–1.99ct,IF,,EX,EX,10.21 - 6.62 * 3.96,66.0,59.8,1.54,IGI,786626628,https://api.igi.org/viewpdf.php?r=786626628,https://workshop.360view.link/360viewer/360view.html?d=1704264-JP-110-PR
PDPV-244,Fancy Colour,VIVID PINK,OVAL,1.89,1.00–1.99ct,VS1,,EX,VG,9.41 - 6.90 * 4.04,58.6,65.0,1.36,IGI,786626749,https://api.igi.org/viewpdf.php?r=786626749,https://workshop.360view.link/360viewer/360view.html?d=1804267-pv-243-pr
PDPV-246,Fancy Colour,VIVID PINK,OVAL,1.79,1.00–1.99ct,VVS2,,EX,EX,9.74 - 6.72 * 3.85,57.3,65.0,1.45,IGI,786626629,https://api.igi.org/viewpdf.php?r=786626629,https://workshop.360view.link/360viewer/360view.html?d=3004263-PV-246
PDH-09,Fancy Colour,VIVID PINK,OVAL,1.67,1.00–1.99ct,VVS2,,EX,VG,9.51 - 6.52 * 3.78,58.0,63.0,1.46,IGI,758552697,https://api.igi.org/viewpdf.php?r=758552697,https://workshop.360view.link/360viewer/360view.html?d=0301262-PDH-09
PDPV-239,Fancy Colour,VIVID PINK,OVAL,1.36,1.00–1.99ct,VS1,,EX,EX,8.49 - 6.09 * 3.68,64.0,60.4,1.39,IGI,786626627,https://api.igi.org/viewpdf.php?r=786626627,https://workshop.360view.link/360viewer/360view.html?d=1704267-JP-109-PR
PDPV-241,Fancy Colour,VIVID PINK,OVAL,1.21,1.00–1.99ct,VVS2,,EX,EX,8.06 - 5.92 * 3.45,63.0,58.3,1.36,IGI,786626626,https://api.igi.org/viewpdf.php?r=786626626,https://workshop.360view.link/360viewer/360view.html?d=1704260-JP-108-PR
PDKP-2166,Fancy Colour,VIVID PINK,OVAL,0.93,Under 1ct,VS2,,VG,GOOD,6.74 - 4.97 * 3.42,68.8,61.0,1.36,IGI,784655014,https://api.igi.org/viewpdf.php?r=784655014,https://workshop.360view.link/360viewer/360view.html?d=0303263-KL-11-PR
PDKP-2389,Fancy Colour,VIVID PINK,OVAL,0.93,Under 1ct,VS2,,VG,VG,7.27 - 5.18 * 3.17,61.2,63.0,1.4,IGI,826604934,https://api.igi.org/viewpdf.php?r=826604934,https://workshop.360view.link/360viewer/360view.html?d=1508260-PDKP-2389
PDKP-2396,Fancy Colour,VIVID PINK,OVAL,0.89,Under 1ct,VS1,,VG,VG,6.79 - 4.76 * 3.29,69.1,61.0,1.43,IGI,826604941,https://api.igi.org/viewpdf.php?r=826604941,https://workshop.360view.link/360viewer/360view.html?d=1208260-PDKP-2396
PDKP-2426,Fancy Colour,VIVID PINK,OVAL,0.84,Under 1ct,VVS2,,EX,EX,7.35 - 4.84 * 3.06,63.2,59.0,1.52,IGI,826604971,https://api.igi.org/viewpdf.php?r=826604971,https://workshop.360view.link/360viewer/360view.html?d=1208264-PDKP-2426
PDKP-2422,Fancy Colour,VIVID PINK,OVAL,0.56,Under 1ct,VVS2,,VG,EX,5.95 - 4.21 * 2.76,65.6,62.0,1.41,IGI,826604967,https://api.igi.org/viewpdf.php?r=826604967,https://workshop.360view.link/360viewer/360view.html?d=1508261-PDKP-2422
PDKP-2357,Fancy Colour,VIVID PINK,OVAL,3.1,3.00–4.99ct,VS2,,EX,EX,11.23 - 8.18 * 4.77,58.3,64.0,1.37,IGI,799626107,https://api.igi.org/viewpdf.php?r=799626107,https://workshop.360view.link/360viewer/360view.html?d=2905260-PDKP-2357
PDKP-2350,Fancy Colour,VIVID PINK,OVAL,0.91,Under 1ct,VVS2,,VG,VG,7.10 - 4.80 * 3.33,69.4,58.0,1.48,IGI,799626110,https://api.igi.org/viewpdf.php?r=799626110,https://workshop.360view.link/360viewer/360view.html?d=2905264-PDKP-2350
PDKP-2321,Fancy Colour,VIVID PINK,OVAL,0.63,Under 1ct,VVS2,,VG,VG,6.22 - 4.17 * 2.97,71.2,59.0,1.49,IGI,795624178,https://api.igi.org/viewpdf.php?r=795624178,https://workshop.360view.link/360viewer/360view.html?d=2205260-PDKP-2321
PDKP-2320,Fancy Colour,VIVID PINK,OVAL,0.44,Under 1ct,VS1,,VG,VG,5.76 - 3.76 * 2.54,67.6,55.0,1.53,IGI,795624177,https://api.igi.org/viewpdf.php?r=795624177,https://workshop.360view.link/360viewer/360view.html?d=2205266-PDKP-2320
PDKP-1246,Fancy Colour,VIVID PINK,PEAR,11.48,10ct+,VS1,,EX,EX,18.72 - 11.37 * 7.13,62.7,58.0,1.65,IGI,696544084,https://api.igi.org/viewpdf.php?r=696544084,https://workshop.360view.link/360viewer/360view.html?d=0105254-PDKP-1246
PDKP-1241,Fancy Colour,VIVID PINK,PEAR,10.99,10ct+,VS1,,EX,EX,18.41 - 11.35 * 6.95,61.2,65.0,1.62,IGI,696544088,https://api.igi.org/viewpdf.php?r=696544088,https://workshop.360view.link/360viewer/360view.html?d=3004254-NEM-1-138
PDKP-1460,Fancy Colour,VIVID PINK,PEAR,9.37,5.00–9.99ct,VS1,,EX,EX,18.18 - 11.33 * 6.69,59.0,62.0,1.6,IGI,727568692,https://api.igi.org/viewpdf.php?r=727568692,https://workshop.360view.link/360viewer/360view.html?d=2208250-PDKP-1460
PDKP-2075,Fancy Colour,VIVID PINK,PEAR,9.2,5.00–9.99ct,VVS2,,EX,EX,18.39 - 11.52 * 6.48,56.3,66.0,1.6,IGI,818622703,https://api.igi.org/viewpdf.php?r=818622703,https://workshop.360view.link/360viewer/360view.html?d=1308268-PDKP-2073--
PDKP-3054-A,Fancy Colour,VIVID PINK,PEAR,9.02,5.00–9.99ct,VVS2,,EX,EX,18.35 - 11.34 * 6.53,57.6,66.0,1.62,IGI,816663018,https://api.igi.org/viewpdf.php?r=816663018,https://workshop.360view.link/360viewer/360view.html?d=1307262-PDKP-3054
PDPV-115,Fancy Colour,VIVID PINK,PEAR,6.91,5.00–9.99ct,VVS2,,EX,VG,17.43 - 10.25 * 5.96,58.1,66.0,1.7,IGI,712534975,https://api.igi.org/viewpdf.php?r=712534975,https://workshop.360view.link/360viewer/360view.html?d=2006256-pv115
PDPV-106,Fancy Colour,VIVID PINK,PEAR,6.43,5.00–9.99ct,VVS2,,EX,EX,16.90 - 9.90 * 5.90,59.5,65.0,1.71,IGI,704515621,https://api.igi.org/viewpdf.php?r=704515621,https://workshop.360view.link/360viewer/360view.html?d=0905255-PV-106-PR
PDKP-3063,Fancy Colour,VIVID PINK,PEAR,6.31,5.00–9.99ct,VS1,,EX,EX,16.63 - 9.98 * 5.73,57.4,71.0,1.67,IGI,809685099,https://api.igi.org/viewpdf.php?r=809685099,https://workshop.360view.link/360viewer/360view.html?d=2007266-PDKP-3063
PDKP-1541,Fancy Colour,VIVID PINK,PEAR,6.01,5.00–9.99ct,VS1,,VG,VG,15.75 - 9.42 * 5.44,57.7,65.0,1.67,IGI,742524883,https://api.igi.org/viewpdf.php?r=742524883,https://workshop.360view.link/360viewer/360view.html?d=1111252-pdkp-1541
PDKP-3044,Fancy Colour,VIVID PINK,PEAR,5.36,5.00–9.99ct,VVS2,,EX,EX,14.90 - 9.52 * 5.62,59.0,64.0,1.57,IGI,811630026,https://api.igi.org/viewpdf.php?r=811630026,https://workshop.360view.link/360viewer/360view.html?d=2407266-PDKP-3044
PDKP-3042,Fancy Colour,VIVID PINK,PEAR,5.34,5.00–9.99ct,VVS2,,EX,EX,15.08 - 9.49 * 5.42,57.1,69.0,1.59,IGI,811630024,https://api.igi.org/viewpdf.php?r=811630024,https://workshop.360view.link/360viewer/360view.html?d=2407268-PDKP-3042
PDKP-3043,Fancy Colour,VIVID PINK,PEAR,5.33,5.00–9.99ct,VVS2,,EX,EX,15.03 - 9.46 * 5.48,57.9,70.0,1.59,IGI,811630025,https://api.igi.org/viewpdf.php?r=811630025,https://workshop.360view.link/360viewer/360view.html?d=2407261-PDKP-3043
PDKP-3045,Fancy Colour,VIVID PINK,PEAR,5.09,5.00–9.99ct,VVS2,,EX,EX,14.57 - 9.50 * 5.43,57.2,65.0,1.53,IGI,811630027,https://api.igi.org/viewpdf.php?r=811630027,https://workshop.360view.link/360viewer/360view.html?d=2407262-PDKP-3045
PDKP-2361,Fancy Colour,VIVID PINK,PEAR,5.05,5.00–9.99ct,VS1,,EX,EX,15.56 - 9.26 * 5.37,58.0,65.0,1.68,IGI,807663450,https://api.igi.org/viewpdf.php?r=807663450,https://workshop.360view.link/360viewer/360view.html?d=1506264-PDKP-2361
PDKP-2372,Fancy Colour,VIVID PINK,PEAR,5.04,5.00–9.99ct,VS1,,EX,EX,13.55 - 8.43 * 5.78,68.6,63.0,1.61,IGI,816688496,https://api.igi.org/viewpdf.php?r=816688496,https://workshop.360view.link/360viewer/360view.html?d=0608260-PDKP-2372
PDKP-1360,Fancy Colour,VIVID PINK,PEAR,4.58,3.00–4.99ct,VS1,,VG,VG,14.69 - 8.90 * 5.36,60.2,62.0,1.65,IGI,723540593,https://api.igi.org/viewpdf.php?r=723540593,https://workshop.360view.link/360viewer/360view.html?d=0409251-PDKP-1360-
PDKP-3067,Fancy Colour,VIVID PINK,PEAR,4.55,3.00–4.99ct,VS1,,EX,EX,15.23 - 9.01 * 5.14,57.0,66.0,1.69,IGI,818608783,https://api.igi.org/viewpdf.php?r=818608783,
PDKP-3068,Fancy Colour,VIVID PINK,PEAR,4.51,3.00–4.99ct,VS1,,EX,EX,14.76 - 9.16 * 5.03,54.9,67.0,1.61,IGI,817696530,https://api.igi.org/viewpdf.php?r=817696530,
PDKL-30,Fancy Colour,VIVID PINK,PEAR,4.47,3.00–4.99ct,VVS2,,EX,EX,15.02 - 8.80 * 5.17,58.8,68.0,1.71,IGI,700596958,https://api.igi.org/viewpdf.php?r=700596958,https://workshop.360view.link/360viewer/360view.html?d=1205254-pv-94-pr
PDKP-1260,Fancy Colour,VIVID PINK,PEAR,4.43,3.00–4.99ct,VVS2,,EX,EX,14.94 - 8.51 * 5.28,62.0,61.0,1.76,IGI,712535006,https://api.igi.org/viewpdf.php?r=712535006,https://workshop.360view.link/360viewer/360view.html?d=2706253-PDKP-1260
PDKP-3021,Fancy Colour,VIVID PINK,PEAR,4.43,3.00–4.99ct,VVS2,,EX,EX,14.41 - 8.97 * 5.19,57.9,65.0,1.61,IGI,815647657,https://api.igi.org/viewpdf.php?r=815647657,https://workshop.360view.link/360viewer/360view.html?d=0907264-PDKP-3021
PDKP-1288,Fancy Colour,VIVID PINK,PEAR,4.35,3.00–4.99ct,VVS2,,EX,VG,14.68 - 8.57 * 5.25,61.3,61.0,1.71,IGI,713536857,https://api.igi.org/viewpdf.php?r=713536857,https://workshop.360view.link/360viewer/360view.html?d=0107254-pdkp-1288
PDKP-3022,Fancy Colour,VIVID PINK,PEAR,4.33,3.00–4.99ct,VS1,,EX,EX,14.25 - 8.87 * 5.08,57.3,67.0,1.61,IGI,815647663,https://api.igi.org/viewpdf.php?r=815647663,https://workshop.360view.link/360viewer/360view.html?d=0907266-PDKP-3022
PDKP-1294,Fancy Colour,VIVID PINK,PEAR,4.32,3.00–4.99ct,VS1,,EX,EX,15.34 - 8.63 * 5.12,59.3,64.0,1.78,IGI,713536881,https://api.igi.org/viewpdf.php?r=713536881,https://workshop.360view.link/360viewer/360view.html?d=0107257-pdkp-1294
PDKP-1331,Fancy Colour,VIVID PINK,PEAR,4.32,3.00–4.99ct,VS1,,EX,EX,14.86 - 8.70 * 5.15,59.2,67.0,1.71,IGI,713537368,https://api.igi.org/viewpdf.php?r=713537368,https://workshop.360view.link/360viewer/360view.html?d=1907254-PDKP-1331
PDKP-3069,Fancy Colour,VIVID PINK,PEAR,4.31,3.00–4.99ct,VS1,,EX,EX,14.10 -  8.85 * 5.10,57.6,62.0,1.59,IGI,817696627,https://api.igi.org/viewpdf.php?r=817696627,
PDKP-1329,Fancy Colour,VIVID PINK,PEAR,4.25,3.00–4.99ct,VVS2,,EX,EX,14.76 - 8.66 * 5.12,59.1,63.0,1.7,IGI,713537373,https://api.igi.org/viewpdf.php?r=713537373,https://workshop.360view.link/360viewer/360view.html?d=1907253-PDKP-1329
PDKP-3024,Fancy Colour,VIVID PINK,PEAR,4.23,3.00–4.99ct,VVS2,,EX,EX,14.02 - 8.85 * 5.03,56.8,66.0,1.58,IGI,815647664,https://api.igi.org/viewpdf.php?r=815647664,https://workshop.360view.link/360viewer/360view.html?d=0907266-PDKP-3024
PDKP-1327,Fancy Colour,VIVID PINK,PEAR,4.21,3.00–4.99ct,VVS2,,EX,EX,14.68 - 8.57 * 5.03,58.7,64.0,1.71,IGI,713537376,https://api.igi.org/viewpdf.php?r=713537376,https://workshop.360view.link/360viewer/360view.html?d=1907251-PDKP-1327
PDJP-420,Fancy Colour,VIVID PINK,PEAR,4.19,3.00–4.99ct,VS1,,EX,EX,14.77 - 8.50 * 4.98,58.6,61.0,1.74,IGI,745520054,https://api.igi.org/viewpdf.php?r=745520054,https://workshop.360view.link/360viewer/360view.html?d=1310250-jp-420-pr
PDKP-3025,Fancy Colour,VIVID PINK,PEAR,4.19,3.00–4.99ct,VS1,,EX,EX,14.01 - 8.78 * 5.03,57.3,65.0,1.6,IGI,815647675,https://api.igi.org/viewpdf.php?r=815647675,https://workshop.360view.link/360viewer/360view.html?d=0907261-PDKP-3025
PDKP-1256,Fancy Colour,VIVID PINK,PEAR,4.1,3.00–4.99ct,VS1,,EX,EX,14.52 - 8.53 * 5.065,59.2,62.0,1.7,IGI,712534972,https://api.igi.org/viewpdf.php?r=712534972,https://workshop.360view.link/360viewer/360view.html?d=2006256-PDKP-1256
PDKP-1332,Fancy Colour,VIVID PINK,PEAR,4.01,3.00–4.99ct,VS1,,EX,EX,14.07 - 8.50 * 5.04,59.3,61.0,1.66,IGI,713537367,https://api.igi.org/viewpdf.php?r=713537367,https://workshop.360view.link/360viewer/360view.html?d=1907253-PDKP-1332
PDKP-3020,Fancy Colour,VIVID PINK,PEAR,4.01,3.00–4.99ct,VVS2,,EX,EX,13.76 - 8.61 * 5.05,58.7,68.0,1.6,IGI,815647670,https://api.igi.org/viewpdf.php?r=815647670,https://workshop.360view.link/360viewer/360view.html?d=0907265-PDKP-3020
PDPV-143,Fancy Colour,VIVID PINK,PEAR,4.01,3.00–4.99ct,VS1,,EX,EX,13.75 - 8.58 * 5.06,59.0,64.0,1.6,IGI,726546685,https://api.igi.org/viewpdf.php?r=726546685,https://workshop.360view.link/360viewer/360view.html?d=2608256-PV-143-PR
PDKP-1262,Fancy Colour,VIVID PINK,PEAR,3.94,3.00–4.99ct,VS1,,EX,EX,14.64 - 8.37 * 4.94,59.0,63.0,1.75,IGI,712535049,https://api.igi.org/viewpdf.php?r=712535049,https://workshop.360view.link/360viewer/360view.html?d=3006257-PDKP-1262
PDKP-1341,Fancy Colour,VIVID PINK,PEAR,3.93,3.00–4.99ct,VVS2,,EX,EX,14.36 - 8.53 * 4.93,57.8,65.0,1.68,IGI,723511715,https://api.igi.org/viewpdf.php?r=723511715,https://workshop.360view.link/360viewer/360view.html?d=2807252-PDKP-1341
PDKP-1264,Fancy Colour,VIVID PINK,PEAR,3.92,3.00–4.99ct,VS1,,EX,EX,14.06 - 8.32 * 5.11,61.4,61.0,1.69,IGI,713536772,https://api.igi.org/viewpdf.php?r=713536772,https://workshop.360view.link/360viewer/360view.html?d=0107253-pdkp-1264
PDKP-1344,Fancy Colour,VIVID PINK,PEAR,3.92,3.00–4.99ct,VVS2,,EX,EX,14.50 - 8.15 * 4.84,59.4,60.0,1.78,IGI,713537480,https://api.igi.org/viewpdf.php?r=713537480,https://workshop.360view.link/360viewer/360view.html?d=2307252-PDKP-1344
PDKP-1254,Fancy Colour,VIVID PINK,PEAR,3.91,3.00–4.99ct,VS1,,EX,EX,14.70 - 8.31 * 4.86,58.5,65.0,1.77,IGI,712535005,https://api.igi.org/viewpdf.php?r=712535005,https://workshop.360view.link/360viewer/360view.html?d=2706253-PDKP-1254
PDKP-1362-A,Fancy Colour,VIVID PINK,PEAR,3.9,3.00–4.99ct,VVS2,,EX,VG,14.69 - 8.37 * 4.99,59.6,67.0,1.76,IGI,713537450,https://api.igi.org/viewpdf.php?r=713537450,https://workshop.360view.link/360viewer/360view.html?d=2307257-PDKP-1362
PDKP-1359,Fancy Colour,VIVID PINK,PEAR,3.77,3.00–4.99ct,VS1,,EX,EX,13.65 - 8.35 * 4.94,59.2,58.0,1.63,IGI,726503969,https://api.igi.org/viewpdf.php?r=726503969,https://workshop.360view.link/360viewer/360view.html?d=1408253-PDKP-1359-
PDKP-1295,Fancy Colour,VIVID PINK,PEAR,3.74,3.00–4.99ct,VS1,,EX,EX,14.38 - 8.36 * 4.83,57.8,64.0,1.72,IGI,713536930,https://api.igi.org/viewpdf.php?r=713536930,https://workshop.360view.link/360viewer/360view.html?d=0307253-PDKP-1295
PDKL-28,Fancy Colour,INTENSE PINK,PEAR,3.73,3.00–4.99ct,VS1,,EX,EX,13.73 - 8.46 * 4.83,57.1,62.0,1.62,IGI,654418133,https://api.igi.org/viewpdf.php?r=654418133,https://workshop.360view.link/360viewer/360view.html?d=2410244-PV-19
PDKP-1257,Fancy Colour,INTENSE PINK,PEAR,3.71,3.00–4.99ct,VS1,,EX,EX,14.38 - 8.30 * 4.89,58.9,66.0,1.73,IGI,713536781,https://api.igi.org/viewpdf.php?r=713536781,https://workshop.360view.link/360viewer/360view.html?d=0107254-pdkp-1257
PDPV-129,Fancy Colour,VIVID PINK,PEAR,3.71,3.00–4.99ct,VS1,,EX,EX,13.55 - 8.48 * 5.03,59.3,65.0,1.6,IGI,713537477,https://api.igi.org/viewpdf.php?r=713537477,https://workshop.360view.link/360viewer/360view.html?d=2307257-PV-129
PDKP-3064,Fancy Colour,VIVID PINK,PEAR,3.67,3.00–4.99ct,VS1,,EX,EX,13.56 - 8.42 * 4.87,57.8,67.0,1.61,IGI,811621502,https://api.igi.org/viewpdf.php?r=811621502,
PDKP-2126,Fancy Colour,VIVID PINK,PEAR,3.65,3.00–4.99ct,VS1,,EX,EX,13.64 - 8.48 * 4.84,57.1,64.0,1.61,IGI,779630401,https://api.igi.org/viewpdf.php?r=779630401,https://workshop.360view.link/360viewer/360view.html?d=2503262-PDKP-2126-PR
PDKP-2141,Fancy Colour,VIVID PINK,PEAR,3.6,3.00–4.99ct,VS1,,EX,EX,12.94 - 8.10 * 4.95,61.1,65.0,1.6,IGI,783630156,https://api.igi.org/viewpdf.php?r=783630156,https://workshop.360view.link/360viewer/360view.html?d=0304262-PDKP-2141
PDKP-2082,Fancy Colour,VIVID PINK,PEAR,3.59,3.00–4.99ct,VS1,,EX,EX,12.87 - 8.41 * 4.88,58.0,64.0,1.53,IGI,770653408,https://api.igi.org/viewpdf.php?r=770653408,https://workshop.360view.link/360viewer/360view.html?d=1103267-PDKP-2082
PDKP-3052,Fancy Colour,VIVID PINK,PEAR,3.57,3.00–4.99ct,VVS2,,EX,EX,13.41 - 8.35 * 4.85,58.1,66.0,1.61,IGI,816655687,https://api.igi.org/viewpdf.php?r=816655687,https://workshop.360view.link/360viewer/360view.html?d=1307264-PDKP-3052
PDKP-3053,Fancy Colour,VIVID PINK,PEAR,3.57,3.00–4.99ct,VVS2,,EX,EX,13.35 - 8.38 * 4.87,58.1,67.0,1.59,IGI,816655683,https://api.igi.org/viewpdf.php?r=816655683,https://workshop.360view.link/360viewer/360view.html?d=1307261-PDKP-3053
PDKP-3071,Fancy Colour,VIVID PINK,PEAR,3.56,3.00–4.99ct,VVS2,,EX,EX,13.77 - 8.15 * 4.77,58.5,66.0,1.69,IGI,818608784,https://api.igi.org/viewpdf.php?r=818608784,
PDKP-3017,Fancy Colour,VIVID PINK,PEAR,3.55,3.00–4.99ct,VS1,,EX,EX,13.19 - 8.27 * 4.82,58.3,66.0,1.59,IGI,815647661,https://api.igi.org/viewpdf.php?r=815647661,https://workshop.360view.link/360viewer/360view.html?d=0907268-PDKP-3017
PDKP-3040,Fancy Colour,VIVID PINK,PEAR,3.53,3.00–4.99ct,VVS2,,EX,EX,13.40 - 8.36 * 4.79,57.3,68.0,1.6,IGI,816628470,https://api.igi.org/viewpdf.php?r=816628470,https://workshop.360view.link/360viewer/360view.html?d=0907262-PDKP-3040
PDKP-2369,Fancy Colour,VIVID PINK,PEAR,3.51,3.00–4.99ct,VVS2,,EX,EX,13.23 - 7.77 * 4.79,61.6,64.0,1.7,IGI,819699984,https://api.igi.org/viewpdf.php?r=819699984,https://workshop.360view.link/360viewer/360view.html?d=2807263-PDKP-2369
PDP-2,Fancy Colour,DEEP PINK,PEAR,3.05,3.00–4.99ct,VS2,,EX,EX,12.97 - 7.45 * 4.55,61.1,58.0,1.74,IGI,683547564,https://api.igi.org/viewpdf.php?r=683547564,https://workshop.360view.link/360viewer/360view.html?d=2703254-p-2-pr
PDKP-1909,Fancy Colour,VIVID PINK,PEAR,2.3,2.00–2.99ct,VVS2,,EX,EX,11.40 - 7.01 * 4.27,60.9,63.0,1.63,IGI,750531541,https://api.igi.org/viewpdf.php?r=750531541,
PDKP-3002,Fancy Colour,INTENSE PINK,PEAR,2.28,2.00–2.99ct,VVS2,,EX,EX,11.37 - 7.09 * 4.15,58.5,66.0,1.6,IGI,816603733,https://api.igi.org/viewpdf.php?r=816603733,https://workshop.360view.link/360viewer/360view.html?d=1807268-PDKP-3002
PDPVY-9-A,Fancy Colour,VIVID PINK,PEAR,2.07,2.00–2.99ct,SI1,,EX,EX,10.29 - 6.76 * 4.12,60.9,60.0,1.52,IGI,683547560,https://api.igi.org/viewpdf.php?r=683547560,https://workshop.360view.link/360viewer/360view.html?d=2703253-pvy-9-a-pr
PDKP-2368,Fancy Colour,VIVID PINK,PEAR,2.06,2.00–2.99ct,VS1,,EX,EX,11.43 - 6.55 * 4,61.1,56.0,1.75,IGI,814633728,https://api.igi.org/viewpdf.php?r=814633728,https://workshop.360view.link/360viewer/360view.html?d=3006261-PDKP-2368-CHP-
PDPVY-8-D,Fancy Colour,VIVID PINK,PEAR,1.91,1.00–1.99ct,VS2,,EX,EX,10.42 - 6.60 * 4.07,61.7,58.0,1.58,IGI,683547562,https://api.igi.org/viewpdf.php?r=683547562,https://workshop.360view.link/360viewer/360view.html?d=2703255-pvy-8-d-pr
PDKP-2371,Fancy Colour,VIVID PINK,PEAR,1.75,1.00–1.99ct,VVS2,,EX,EX,9.48 - 6.03 * 4.14,68.7,59.0,1.57,IGI,809688801,https://api.igi.org/viewpdf.php?r=809688801,https://workshop.360view.link/360viewer/360view.html?d=2807265-PDKP-2371
PDPVY-13-B,Fancy Colour,VIVID PINK,PEAR,1.7,1.00–1.99ct,VS2,,EX,EX,10.37 - 6.13 * 3.81,62.2,60.0,1.69,IGI,694547241,https://api.igi.org/viewpdf.php?r=694547241,https://workshop.360view.link/360viewer/360view.html?d=2204254-PVY-13-B
PVY-9-C,Fancy Colour,VIVID PINK,PEAR,1.59,1.00–1.99ct,SI1,,EX,EX,9.40 - 6.02 * 3.84,63.8,56.0,1.56,IGI,683547565,https://api.igi.org/viewpdf.php?r=683547565,https://workshop.360view.link/360viewer/360view.html?d=2703252-pvy-9-c-pr
PDKP-2381,Fancy Colour,VIVID PINK,PEAR,1.52,1.00–1.99ct,VS1,,EX,EX,9.22 - 6.03 * 3.82,63.3,59.0,1.53,IGI,817666199,https://api.igi.org/viewpdf.php?r=817666199,https://workshop.360view.link/360viewer/360view.html?d=1508262-PDKP-2381
PDKP-2358,Fancy Colour,VIVID PINK,PEAR,1.23,1.00–1.99ct,VS2,,EX,EX,8.86 - 5.71 * 3.59,62.9,61.0,1.55,IGI,801683507,https://api.igi.org/viewpdf.php?r=801683507,https://workshop.360view.link/360viewer/360view.html?d=1006262-PDKP-2358
PDKY-1012-C,Fancy Colour,VIVID PINK,PEAR,1.21,1.00–1.99ct,SI2,,EX,EX,8.62 - 5.57 * 3.39,60.9,61.0,1.55,IGI,683547566,https://api.igi.org/viewpdf.php?r=683547566,
PDKP-2301,Fancy Colour,VIVID PINK,PEAR,1.04,1.00–1.99ct,VVS2,,EX,EX,8.14 - 5.41 * 3.22,59.5,65.0,1.5,IGI,794634108,https://api.igi.org/viewpdf.php?r=794634108,https://workshop.360view.link/360viewer/360view.html?d=0805263-PDKP-2301
PDKP-2370,Fancy Colour,VIVID PINK,PEAR,1.01,1.00–1.99ct,VVS1,,EX,EX,8.89 - 5.19 * 3.14,60.5,62.0,1.71,IGI,821610235,https://api.igi.org/viewpdf.php?r=821610235,https://workshop.360view.link/360viewer/360view.html?d=0708262-PDKP-2370
PDKP-2201,Fancy Colour,VIVID PINK,PEAR,0.93,Under 1ct,VVS2,,VG,VG,7.67 - 5.19 * 3.24,62.4,60.0,1.48,IGI,786625846,https://api.igi.org/viewpdf.php?r=786625846,https://workshop.360view.link/360viewer/360view.html?d=0303268-kl-26-pr
PDKP-2341,Fancy Colour,VIVID PINK,PEAR,0.92,Under 1ct,VS1,,VG,VG,8.75 - 5.14 * 3.01,58.6,61.0,1.7,IGI,795624198,https://api.igi.org/viewpdf.php?r=795624198,https://workshop.360view.link/360viewer/360view.html?d=2005264-PDKP-2341
JP-204,Fancy Colour,VIVID PINK,PEAR,0.9,Under 1ct,VVS2,,VG,VG,8.34 - 4.80 * 3.13,65.2,58.0,1.74,IGI,826604930,https://api.igi.org/viewpdf.php?r=826604930,https://workshop.360view.link/360viewer/360view.html?d=1208267-JP-204-
PDKP-2336,Fancy Colour,VIVID PINK,PEAR,0.89,Under 1ct,VVS2,,VG,VG,7.74 - 5.01 * 3.13,62.5,61.0,1.54,IGI,795624193,https://api.igi.org/viewpdf.php?r=795624193,https://workshop.360view.link/360viewer/360view.html?d=2005263-PDKP-2336
PDKP-2334,Fancy Colour,VIVID PINK,PEAR,0.87,Under 1ct,VVS2,,VG,VG,8.40 - 5.13 * 2.83,55.2,59.0,1.64,IGI,795624191,https://api.igi.org/viewpdf.php?r=795624191,https://workshop.360view.link/360viewer/360view.html?d=2005263-PDKP-2334
PDKP-2335,Fancy Colour,VIVID PINK,PEAR,0.86,Under 1ct,VS1,,VG,VG,7.51 - 4.96 * 3.10,62.5,58.0,1.51,IGI,795624192,https://api.igi.org/viewpdf.php?r=795624192,https://workshop.360view.link/360viewer/360view.html?d=2005264-PDKP-2335
PDKP-2417,Fancy Colour,VIVID PINK,PEAR,0.81,Under 1ct,VVS2,,VG,EX,7.35 - 4.88 * 3.11,63.7,59.0,1.51,IGI,826604962,https://api.igi.org/viewpdf.php?r=826604962,https://workshop.360view.link/360viewer/360view.html?d=1508261-PDKP-2417
PDKP-2164,Fancy Colour,VIVID PINK,PEAR,0.8,Under 1ct,VVS2,,VG,VG,7.33 - 4.77 * 3.19,66.9,56.0,1.54,IGI,784655012,https://api.igi.org/viewpdf.php?r=784655012,https://workshop.360view.link/360viewer/360view.html?d=0303266-KL-13-PR
PDKP-2167,Fancy Colour,VIVID PINK,PEAR,0.71,Under 1ct,VVS2,,VG,GOOD,7.18 - 4.70 * 2.91,61.9,62.0,1.53,IGI,784655015,https://api.igi.org/viewpdf.php?r=784655015,https://workshop.360view.link/360viewer/360view.html?d=0303267-KL-02-PR
PDKP-2407,Fancy Colour,VIVID PINK,PEAR,0.7,Under 1ct,VVS2,,VG,VG,7.03 - 4.48 * 2.96,66.1,63.0,1.57,IGI,826604952,https://api.igi.org/viewpdf.php?r=826604952,https://workshop.360view.link/360viewer/360view.html?d=1508266-PDKP-2407
PDKP-2175,Fancy Colour,VIVID PINK,PEAR,0.68,Under 1ct,VS1,,VG,VG,6.85 - 4.52 * 2.94,65.0,60.0,1.52,IGI,784655023,https://api.igi.org/viewpdf.php?r=784655023,https://workshop.360view.link/360viewer/360view.html?d=0303261-kl-4-PR
PDKP-2162,Fancy Colour,VIVID PINK,PEAR,0.67,Under 1ct,VVS2,,GOOD,VG,6.68 - 4.53 * 3.03,66.9,57.0,1.47,IGI,784655010,https://api.igi.org/viewpdf.php?r=784655010,https://workshop.360view.link/360viewer/360view.html?d=0303260-KL-10-PR
PDKP-2177,Fancy Colour,VIVID PINK,PEAR,0.66,Under 1ct,VVS2,,VG,VG,6.89 - 4.62 * 2.92,63.2,61.0,1.49,IGI,784655025,https://api.igi.org/viewpdf.php?r=784655025,https://workshop.360view.link/360viewer/360view.html?d=0303260-KL-10-PR
PDKP-2160,Fancy Colour,VIVID PINK,PEAR,0.63,Under 1ct,VS1,,VG,VG,6.54 - 4.52 * 2.88,63.7,59.0,1.45,IGI,784655008,https://api.igi.org/viewpdf.php?r=784655008,https://workshop.360view.link/360viewer/360view.html?d=0303266-kl-25-pr
PDKP-2312-A,Fancy Colour,VIVID PINK,PEAR,0.62,Under 1ct,VVS1,,VG,EX,6.59 - 4.55 * 2.84,62.4,60.0,1.45,IGI,795624169,https://api.igi.org/viewpdf.php?r=795624169,https://workshop.360view.link/360viewer/360view.html?d=2205267-PDKP-2312-
PDKP-2325,Fancy Colour,VIVID PINK,PEAR,0.58,Under 1ct,VS1,,VG,VG,6.59 - 4.35 * 2.74,63.0,60.0,1.51,IGI,795624182,https://api.igi.org/viewpdf.php?r=795624182,https://workshop.360view.link/360viewer/360view.html?d=2205261-PDKP-2325
PDKP-2317,Fancy Colour,VIVID PINK,PEAR,0.54,Under 1ct,VVS2,,VG,VG,6.61 - 4.22 * 2.70,64.0,61.0,1.57,IGI,795624174,https://api.igi.org/viewpdf.php?r=795624174,https://workshop.360view.link/360viewer/360view.html?d=2205266-PDKP-2317
PDKP-2314-A,Fancy Colour,VIVID PINK,PEAR,0.53,Under 1ct,VVS2,,VG,VG,6.23 - 4.22 * 2.81,66.6,56.0,1.48,IGI,795624171,https://api.igi.org/viewpdf.php?r=795624171,https://workshop.360view.link/360viewer/360view.html?d=2205263-PDKP-2314-
PDKP-2339,Fancy Colour,VIVID PINK,PEAR,0.52,Under 1ct,VS2,,VG,VG,6.26 - 4.16 * 2.66,63.9,59.0,1.5,IGI,795624196,https://api.igi.org/viewpdf.php?r=795624196,https://workshop.360view.link/360viewer/360view.html?d=2005263-PDKP-2339
PDKP-2161,Fancy Colour,VIVID PINK,PEAR,0.49,Under 1ct,VVS2,,VG,VG,6.09 - 4.05 * 2.70,66.7,59.0,1.5,IGI,784655009,https://api.igi.org/viewpdf.php?r=784655009,
PDKP-2412,Fancy Colour,VIVID PINK,PEAR,0.49,Under 1ct,VVS2,,VG,VG,6.35 - 3.93 * 2.61,66.4,63.0,1.62,IGI,826604957,https://api.igi.org/viewpdf.php?r=826604957,https://workshop.360view.link/360viewer/360view.html?d=1508264-PDKP-2412
PDKP-2337,Fancy Colour,VIVID PINK,PEAR,0.47,Under 1ct,VS1,,VG,VG,6.47 - 4.10 * 2.46,60.0,62.0,1.58,IGI,795624194,https://api.igi.org/viewpdf.php?r=795624194,https://workshop.360view.link/360viewer/360view.html?d=2005261-PDKP-2337
PDKP-2399,Fancy Colour,VIVID PINK,PEAR,0.47,Under 1ct,VS1,,VG,GD,6.30 - 3.90 * 2.62,67.2,61.0,1.62,IGI,826604944,https://api.igi.org/viewpdf.php?r=826604944,https://workshop.360view.link/360viewer/360view.html?d=1308268-PDKP-2399
PDKP-2318,Fancy Colour,VIVID PINK,PEAR,0.46,Under 1ct,VVS2,,VG,VG,6.04 - 4.08 * 2.56,62.7,60.0,1.48,IGI,795624175,https://api.igi.org/viewpdf.php?r=795624175,https://workshop.360view.link/360viewer/360view.html?d=2205265-PDKP-2318
PDKP-2332,Fancy Colour,VIVID PINK,PEAR,0.46,Under 1ct,VS1,,VG,VG,6.22 - 4.13 * 2.50,60.5,63.0,1.51,IGI,795624189,https://api.igi.org/viewpdf.php?r=795624189,https://workshop.360view.link/360viewer/360view.html?d=2005263-PDKP-2332
PDKP-2390,Fancy Colour,VIVID PINK,PEAR,0.45,Under 1ct,VVS2,,VG,GD,6.18 - 4.05 * 2.45,60.5,59.0,1.53,IGI,826604935,https://api.igi.org/viewpdf.php?r=826604935,https://workshop.360view.link/360viewer/360view.html?d=1508262-PDKP-2390
PDKP-2420,Fancy Colour,VIVID PINK,PEAR,0.45,Under 1ct,VVS2,,VG,VG,6.39 - 3.85 * 2.44,63.4,65.0,1.66,IGI,826604965,https://api.igi.org/viewpdf.php?r=826604965,https://workshop.360view.link/360viewer/360view.html?d=1508264-PDKP-2420
PDKP-2327,Fancy Colour,VIVID PINK,PEAR,0.44,Under 1ct,VS1,,VG,VG,6.08 - 4.05 * 2.45,60.5,60.0,1.5,IGI,795624184,https://api.igi.org/viewpdf.php?r=795624184,https://workshop.360view.link/360viewer/360view.html?d=2205260-PDKP-2327
PDKP-2429,Fancy Colour,VIVID PINK,PEAR,0.43,Under 1ct,VVS2,,VG,VG,6.24 - 3.92 * 2.43,62.0,61.0,1.59,IGI,826604974,https://api.igi.org/viewpdf.php?r=826604974,https://workshop.360view.link/360viewer/360view.html?d=1308260-PDKP-2429
PDKP-2419,Fancy Colour,VIVID PINK,PEAR,0.4,Under 1ct,VS1,,VG,VG,6.18 - 3.81 * 2.39,62.7,56.0,1.62,IGI,826604964,https://api.igi.org/viewpdf.php?r=826604964,https://workshop.360view.link/360viewer/360view.html?d=1508268-PDKP-2419
PDKP-2428,Fancy Colour,VIVID PINK,PEAR,0.4,Under 1ct,VVS2,,EX,EX,5.74 - 3.60 * 2.49,69.2,56.0,1.59,IGI,826604973,https://api.igi.org/viewpdf.php?r=826604973,https://workshop.360view.link/360viewer/360view.html?d=1308260-PDKP-2428
PDKP-2416,Fancy Colour,VIVID PINK,PEAR,0.39,Under 1ct,VS1,,VG,VG,6.00 - 3.76 * 2.40,63.8,63.0,1.6,IGI,826604961,https://api.igi.org/viewpdf.php?r=826604961,https://workshop.360view.link/360viewer/360view.html?d=1508262-PDKP-2416
PDKP-2319,Fancy Colour,VIVID PINK,PEAR,0.38,Under 1ct,VVS2,,VG,VG,6.02 - 3.69 * 2.41,65.3,57.0,1.63,IGI,795624176,https://api.igi.org/viewpdf.php?r=795624176,https://workshop.360view.link/360viewer/360view.html?d=2205262-PDKP-2319
PDKP-2406,Fancy Colour,VIVID PINK,PEAR,0.38,Under 1ct,VS1,,VG,VG,5.83 - 3.87 * 2.31,59.7,64.0,1.51,IGI,826604951,https://api.igi.org/viewpdf.php?r=826604951,https://workshop.360view.link/360viewer/360view.html?d=1508260-PDKP-2406
PDKP-2411,Fancy Colour,VIVID PINK,PEAR,0.38,Under 1ct,VVS2,,VG,VG,5.73 - 3.75 * 2.40,64.0,58.0,1.53,IGI,826604956,https://api.igi.org/viewpdf.php?r=826604956,https://workshop.360view.link/360viewer/360view.html?d=1508262-PDKP-2411
PDKP-2315-A,Fancy Colour,VIVID PINK,PEAR,0.37,Under 1ct,VVS2,,VG,VG,5.85 - 3.78 * 2.25,59.5,58.0,1.55,IGI,795624172,https://api.igi.org/viewpdf.php?r=795624172,https://workshop.360view.link/360viewer/360view.html?d=2205265-PDKP-2315-
PDKP-2401,Fancy Colour,VIVID PINK,PEAR,0.37,Under 1ct,VVS2,,VG,GD,5.70 - 3.62 * 2.39,66.0,56.0,1.57,IGI,826604946,https://api.igi.org/viewpdf.php?r=826604946,https://workshop.360view.link/360viewer/360view.html?d=1208265-PDKP-2401
PDKP-2408,Fancy Colour,VIVID PINK,PEAR,0.37,Under 1ct,VVS2,,VG,VG,5.78 - 3.82 * 2.34,61.3,66.0,1.51,IGI,826604953,https://api.igi.org/viewpdf.php?r=826604953,https://workshop.360view.link/360viewer/360view.html?d=1508261-PDKP-2408
PDKP-2394,Fancy Colour,VIVID PINK,PEAR,0.36,Under 1ct,VS1,,VG,VG,6.04 - 3.42 * 2.38,69.6,58.0,1.77,IGI,826604939,https://api.igi.org/viewpdf.php?r=826604939,https://workshop.360view.link/360viewer/360view.html?d=1508261-PDKP-2394
PDKP-2324,Fancy Colour,VIVID PINK,PEAR,0.35,Under 1ct,VVS2,,VG,VG,5.64 - 3.69 * 2.24,60.7,60.0,1.53,IGI,795624181,https://api.igi.org/viewpdf.php?r=795624181,https://workshop.360view.link/360viewer/360view.html?d=2205268-PDKP-2324
PDKP-2328,Fancy Colour,VIVID PINK,PEAR,0.35,Under 1ct,VVS2,,EX,EX,5.75 - 3.54 * 2.32,65.5,56.0,1.62,IGI,795624185,https://api.igi.org/viewpdf.php?r=795624185,https://workshop.360view.link/360viewer/360view.html?d=2205263-PDKP-2328
PDKP-2391,Fancy Colour,VIVID PINK,PEAR,0.35,Under 1ct,VVS2,,VG,GD,5.67 - 3.59 * 2.30,64.1,58.0,1.58,IGI,826604936,https://api.igi.org/viewpdf.php?r=826604936,https://workshop.360view.link/360viewer/360view.html?d=1508262-PDKP-2391
PDKP-2404,Fancy Colour,VIVID PINK,PEAR,0.35,Under 1ct,VVS2,,VG,VG,6.10 - 3.71 * 2.10,56.6,56.0,1.64,IGI,826604949,https://api.igi.org/viewpdf.php?r=826604949,https://workshop.360view.link/360viewer/360view.html?d=1308267-PDKP-2404
PDKP-2410,Fancy Colour,VIVID PINK,PEAR,0.35,Under 1ct,VVS2,,VG,VG,5.82 - 3.55 * 2.31,65.1,60.0,1.64,IGI,826604955,https://api.igi.org/viewpdf.php?r=826604955,https://workshop.360view.link/360viewer/360view.html?d=1508267-PDKP-2410
PDKP-2431,Fancy Colour,VIVID PINK,PEAR,0.35,Under 1ct,VVS2,,VG,GD,6.13 - 3.58 * 2.23,62.3,57.0,1.71,IGI,826604931,https://api.igi.org/viewpdf.php?r=826604931,https://workshop.360view.link/360viewer/360view.html?d=1508264-PDKP-2431
PDKP-2393,Fancy Colour,VIVID PINK,PEAR,0.34,Under 1ct,VS2,,VG,GD,5.69 - 3.64 * 2.25,61.8,57.0,1.56,IGI,826604938,https://api.igi.org/viewpdf.php?r=826604938,https://workshop.360view.link/360viewer/360view.html?d=1508266-PDKP-2393
PDKP-2316,Fancy Colour,VIVID PINK,PEAR,0.33,Under 1ct,VVS2,,VG,VG,6.07 - 3.59 * 2.14,59.6,63.0,1.69,IGI,795624173,https://api.igi.org/viewpdf.php?r=795624173,https://workshop.360view.link/360viewer/360view.html?d=2205268-PDKP-2316
PDKP-2331,Fancy Colour,VIVID PINK,PEAR,0.33,Under 1ct,VVS2,,VG,VG,5.64 - 3.68 * 2.31,62.8,58.0,1.53,IGI,795624188,https://api.igi.org/viewpdf.php?r=795624188,https://workshop.360view.link/360viewer/360view.html?d=2205268-PDKP-2331
PDKP-2397,Fancy Colour,VIVID PINK,PEAR,0.33,Under 1ct,VS1,,VG,GD,5.56 - 3.59 * 2.32,64.6,56.0,1.55,IGI,826604942,https://api.igi.org/viewpdf.php?r=826604942,https://workshop.360view.link/360viewer/360view.html?d=1208264-PDKP-2397
PDKP-2400,Fancy Colour,VIVID PINK,PEAR,0.33,Under 1ct,VVS2,,VG,VG,5.58 - 3.54 * 2.26,63.8,58.0,1.58,IGI,826604945,https://api.igi.org/viewpdf.php?r=826604945,https://workshop.360view.link/360viewer/360view.html?d=1308268-PDKP-2400
PDKP-2405,Fancy Colour,VIVID PINK,PEAR,0.32,Under 1ct,VS1,,VG,GD,6.02 - 3.45 * 2.18,63.2,65.0,1.74,IGI,826604950,https://api.igi.org/viewpdf.php?r=826604950,https://workshop.360view.link/360viewer/360view.html?d=1508261-PDKP-2405
PDKP-2323,Fancy Colour,VIVID PINK,PEAR,0.31,Under 1ct,VVS2,,VG,VG,5.42 - 3.47 * 2.22,64.0,62.0,1.56,IGI,795624180,https://api.igi.org/viewpdf.php?r=795624180,https://workshop.360view.link/360viewer/360view.html?d=2205260-PDKP-2323
PDKP-2392,Fancy Colour,VIVID PINK,PEAR,0.31,Under 1ct,VS2,,VG,VG,5.64 - 3.38 * 2.19,64.8,58.0,1.67,IGI,826604937,https://api.igi.org/viewpdf.php?r=826604937,https://workshop.360view.link/360viewer/360view.html?d=1208266-PDKP-2392
PDKP-2395,Fancy Colour,VIVID PINK,PEAR,0.31,Under 1ct,VVS2,,VG,GD,5.50 - 3.52 * 2.20,62.5,59.0,1.56,IGI,826604940,https://api.igi.org/viewpdf.php?r=826604940,https://workshop.360view.link/360viewer/360view.html?d=1308260-PDKP-2395
PDKP-2413,Fancy Colour,VIVID PINK,PEAR,0.31,Under 1ct,VVS2,,VG,VG,6.18 - 3.57 * 2.01,56.3,59.0,1.73,IGI,826604958,https://api.igi.org/viewpdf.php?r=826604958,https://workshop.360view.link/360viewer/360view.html?d=1508262-PDKP-2413
PDKP-2322,Fancy Colour,VIVID PINK,PEAR,0.29,Under 1ct,VVS2,,VG,VG,5.48 - 3.56 * 2.01,56.5,64.0,1.54,IGI,795624179,https://api.igi.org/viewpdf.php?r=795624179,https://workshop.360view.link/360viewer/360view.html?d=2205265-PDKP-2322
PDKP-2074-A,Fancy Colour,VIVID PINK,RADIANT,9.99,5.00–9.99ct,VS1,,VG,EX,15.20 - 10.53 * 7.05,67.0,68.0,1.44,IGI,818622699,https://api.igi.org/viewpdf.php?r=818622699,https://workshop.360view.link/360viewer/360view.html?d=1308261-PDKP-2074--
PDKP-3054,Fancy Colour,VIVID PINK,RADIANT,8.47,5.00–9.99ct,VVS2,,EX,EX,14.23 - 10.17 * 6.41,63.0,67.0,1.4,IGI,809688751,https://api.igi.org/viewpdf.php?r=809688751,https://workshop.360view.link/360viewer/360view.html?d=2407260-PDKP-3054-
PDKP-1149,Fancy Colour,INTENSE PINK,RADIANT,6.55,5.00–9.99ct,VS1,,VG,EX,13.04 - 9.01 * 6.21,68.9,65.0,1.45,IGI,681572969,https://api.igi.org/viewpdf.php?r=681572969,https://workshop.360view.link/360viewer/360view.html?d=1203254-P-128-pt
PDKP-2036,Fancy Colour,VIVID PINK,RADIANT,6.51,5.00–9.99ct,VS1,,VG,EX,13.62 - 9.21 * 6.04,66.0,65.6,1.48,IGI,763617997,https://api.igi.org/viewpdf.php?r=763617997,https://workshop.360view.link/360viewer/360view.html?d=1202265-PDKP-2036
PDKP-2115,Fancy Colour,VIVID PINK,RADIANT,6.0,5.00–9.99ct,VVS2,,EX,EX,12.79 - 8.82 * 5.99,67.9,71.0,1.45,IGI,781603282,https://api.igi.org/viewpdf.php?r=781603282,https://workshop.360view.link/360viewer/360view.html?d=2503268-PDKP-2115-PR
PDV-3,Fancy Colour,VIVID PINK,RADIANT,5.1,5.00–9.99ct,VS1,,EX,EX,12.16 - 8.61 * 5.75,66.8,66.0,1.41,IGI,776672237,https://api.igi.org/viewpdf.php?r=776672237,https://workshop.360view.link/360viewer/360view.html?d=1805267-JK-54-P
PDKP-1517,Fancy Colour,VIVID PINK,RADIANT,4.5,3.00–4.99ct,VVS2,,EX,EX,12.12 - 8.12 * 5.34,65.8,65.0,1.49,IGI,737543780,https://api.igi.org/viewpdf.php?r=737543780,https://workshop.360view.link/360viewer/360view.html?d=0810256-PDKP-1517
PDKP-3061,Fancy Colour,VIVID PINK,RADIANT,4.08,3.00–4.99ct,VS1,,EX,EX,11.148 - 7.86 * 5.17,65.8,67.0,1.42,IGI,811621507,https://api.igi.org/viewpdf.php?r=811621507,
PDJK-5,Fancy Colour,VIVID PINK,RADIANT,4.06,3.00–4.99ct,VS1,,EX,EX,11.91 - 7.63 * 5.09,66.7,65.0,1.56,IGI,775619889,https://api.igi.org/viewpdf.php?r=775619889,https://workshop.360view.link/360viewer/360view.html?d=2702261-JK-5-PR
PDKP-1513,Fancy Colour,VIVID PINK,RADIANT,4.02,3.00–4.99ct,VS2,,EX,EX,11.49 - 7.88 * 5.13,65.1,69.0,1.46,IGI,737543785,https://api.igi.org/viewpdf.php?r=737543785,https://workshop.360view.link/360viewer/360view.html?d=0810250-PDKP-1513
PDKP-2071,Fancy Colour,VIVID PINK,RADIANT,4.02,3.00–4.99ct,VS1,,VG,EX,10.89 - 8.05 * 5.32,66.1,67.0,1.35,IGI,778616756,https://api.igi.org/viewpdf.php?r=778616756,https://workshop.360view.link/360viewer/360view.html?d=1103268-PDKP-2071
PDKP-1512,Fancy Colour,VIVID PINK,RADIANT,4.01,3.00–4.99ct,VVS2,,EX,EX,11.78 - 7.91 * 4.91,62.1,69.0,1.49,IGI,737543783,https://api.igi.org/viewpdf.php?r=737543783,https://workshop.360view.link/360viewer/360view.html?d=0810256-PDKP-1512
PDKP-2074,Fancy Colour,VIVID PINK,RADIANT,3.98,3.00–4.99ct,VS1,,EX,EX,10.66 - 7.90 * 5.34,67.6,67.0,1.35,IGI,778616759,https://api.igi.org/viewpdf.php?r=778616759,https://workshop.360view.link/360viewer/360view.html?d=1103261-PDKP-2074
PDKP-904,Fancy Colour,VIVID PINK,RADIANT,3.96,3.00–4.99ct,VS2,,EX,EX,11.11 - 7.85 * 5.22,66.5,66.0,1.42,IGI,660445871,https://api.igi.org/viewpdf.php?r=660445871,https://workshop.360view.link/360viewer/360view.html?d=3011242-ant-136-3
PDJK-4,Fancy Colour,VIVID PINK,RADIANT,3.69,3.00–4.99ct,VS2,,EX,EX,11.43 - 7.49 * 5.12,68.4,65.0,1.53,IGI,778614220,https://api.igi.org/viewpdf.php?r=778614220,https://workshop.360view.link/360viewer/360view.html?d=1103265-JK-4-PR
PDJK-10,Fancy Colour,VIVID PINK,RADIANT,3.61,3.00–4.99ct,VS1,,EX,EX,11.42 - 7.32 * 4.88,66.7,65.0,1.56,IGI,775619890,https://api.igi.org/viewpdf.php?r=775619890,https://workshop.360view.link/360viewer/360view.html?d=2702265-JK-10-
PDKP-2070,Fancy Colour,VIVID PINK,RADIANT,3.57,3.00–4.99ct,VVS2,,VG,EX,10.71 - 7.41 * 5.04,68.0,65.0,1.45,IGI,778616755,https://api.igi.org/viewpdf.php?r=778616755,https://workshop.360view.link/360viewer/360view.html?d=1103261-PDKP-2070
PDJK-10-A,Fancy Colour,VIVID PINK,RADIANT,3.26,3.00–4.99ct,VS2,,EX,EX,10.91 - 7.14 * 4.93,69.0,64.0,1.53,IGI,775619894,https://api.igi.org/viewpdf.php?r=775619894,https://workshop.360view.link/360viewer/360view.html?d=2702263-JK-10-A-
PDPV-181,Fancy Colour,VIVID PINK,RADIANT,3.09,3.00–4.99ct,VVS2,,EX,EX,10.43 - 7.20 * 4.69,65.1,65.0,1.45,IGI,766657842,https://api.igi.org/viewpdf.php?r=766657842,https://workshop.360view.link/360viewer/360view.html?d=1902268-pv-181-pr
PDKP-2073,Fancy Colour,VIVID PINK,RADIANT,3.08,3.00–4.99ct,VVS2,,VG,EX,9.85 - 7.33 * 4.88,66.6,66.0,1.34,IGI,778616758,https://api.igi.org/viewpdf.php?r=778616758,https://workshop.360view.link/360viewer/360view.html?d=1103267-pdkp-2073
PDPV-180,Fancy Colour,VIVID PINK,RADIANT,3.07,3.00–4.99ct,VS1,,EX,EX,10.26 - 7.09 * 4.82,68.0,66.0,1.45,IGI,766657839,https://api.igi.org/viewpdf.php?r=766657839,https://workshop.360view.link/360viewer/360view.html?d=1702263-PV-180-PR
PDKP-1922,Fancy Colour,VIVID PINK,RADIANT,3.04,3.00–4.99ct,VVS2,,VG,EX,10.24 - 7.12 * 4.85,68.1,63.0,1.44,IGI,750531527,https://api.igi.org/viewpdf.php?r=750531527,https://workshop.360view.link/360viewer/360view.html?d=0912254-PDKP-1922
PDKP-1518,Fancy Colour,VIVID PINK,RADIANT,3.03,3.00–4.99ct,VS1,,VG,EX,9.93 - 7.12 * 4.77,67.0,66.0,1.39,IGI,737543781,https://api.igi.org/viewpdf.php?r=737543781,https://workshop.360view.link/360viewer/360view.html?d=0810257-PDKP-1518
PDPV-177,Fancy Colour,VIVID PINK,RADIANT,3.02,3.00–4.99ct,VS1,,EX,EX,10.29 - 7.10 * 4.67,65.8,66.0,1.45,IGI,766657841,https://api.igi.org/viewpdf.php?r=766657841,https://workshop.360view.link/360viewer/360view.html?d=1702267-PV-177-PR
PDKP-1473,Fancy Colour,VIVID PINK,RADIANT,2.97,2.00–2.99ct,VS1,,EX,EX,10.26 - 7 * 4.62,66.0,65.0,1.47,IGI,724573589,https://api.igi.org/viewpdf.php?r=724573589,https://workshop.360view.link/360viewer/360view.html?d=1408257-PDKP-1473
PDKP-2090,Fancy Colour,VIVID PINK,RADIANT,2.84,2.00–2.99ct,VS1,,EX,EX,9.61 - 7.11 * 4.68,65.8,69.0,1.35,IGI,780616237,https://api.igi.org/viewpdf.php?r=780616237,https://workshop.360view.link/360viewer/360view.html?d=2003264-PDKP-2090
PDKP-1468,Fancy Colour,VIVID PINK,RADIANT,2.67,2.00–2.99ct,VS2,,EX,EX,9.96 - 6.91 * 4.54,65.7,67.0,1.44,IGI,724573593,https://api.igi.org/viewpdf.php?r=724573593,https://workshop.360view.link/360viewer/360view.html?d=1408254-PDKP-1468
PDPV-24,Fancy Colour,VIVID PINK,RADIANT,2.09,2.00–2.99ct,VS1,,EX,VG,8.98 - 6.37 * 4.28,67.2,62.0,1.41,IGI,658494982,https://api.igi.org/viewpdf.php?r=658494982,
PDKP-2037,Fancy Colour,INTENSE PINK,RADIANT,1.41,1.00–1.99ct,VVS2,,VG,EX,8.19 - 5.66 - 3.47,61.3,71.0,1.45,IGI,763618018,https://api.igi.org/viewpdf.php?r=763618018,https://workshop.360view.link/360viewer/360view.html?d=0902268-PDKP-2037
PDKP-2237,Fancy Colour,VIVID PINK,RADIANT,1.4,1.00–1.99ct,VVS2,,EX,EX,7.83 - 5.55 * 3.78,68.1,63.0,1.41,IGI,790652628,https://api.igi.org/viewpdf.php?r=790652628,https://workshop.360view.link/360viewer/360view.html?d=2704264-PDKP-2237-
PDKP-2233,Fancy Colour,VIVID PINK,RADIANT,1.3,1.00–1.99ct,VS2,,EX,EX,7.53 - 5.37 * 3.66,68.2,64.0,1.4,IGI,790652627,https://api.igi.org/viewpdf.php?r=790652627,https://workshop.360view.link/360viewer/360view.html?d=2704265-PDKP-2233-
PDKP-2071-A,Fancy Colour,INTENSE PINK,RADIANT,1.19,1.00–1.99ct,VS1,,EX,EX,7.48 - 5.21 * 3.52,67.6,64.0,1.44,IGI,790652626,https://api.igi.org/viewpdf.php?r=790652626,https://workshop.360view.link/360viewer/360view.html?d=2704263-PDKP-2071-
PDKP-2313,Fancy Colour,VIVID PINK,RADIANT,1.05,1.00–1.99ct,VS1,,EX,EX,6.91 - 4.68 * 3.37,72.0,65.0,1.48,IGI,797638995,https://api.igi.org/viewpdf.php?r=797638995,https://workshop.360view.link/360viewer/360view.html?d=2005265-PDKP-2313
PDKP-2312,Fancy Colour,VIVID PINK,RADIANT,1.04,1.00–1.99ct,VS2,,EX,EX,6.75 - 4.69 * 3.39,72.3,63.0,1.44,IGI,797638994,https://api.igi.org/viewpdf.php?r=797638994,https://workshop.360view.link/360viewer/360view.html?d=2005266-PDKP-2312
PDKP-2409,Fancy Colour,VIVID PINK,RADIANT,0.86,Under 1ct,VVS2,,VG,EX,6.72 - 4.47 * 2.98,66.7,70.0,1.5,IGI,826604954,https://api.igi.org/viewpdf.php?r=826604954,https://workshop.360view.link/360viewer/360view.html?d=1808265-PDKP-2409
PDKP-1389-P,Fancy Colour,INTENSE PINK,ROUND,10.7,10ct+,VS1,EX,EX,EX,14.05 - 14.10 * 8.62,61.3,61.0,1.0,IGI,731582781,https://api.igi.org/viewpdf.php?r=731582781,https://workshop.360view.link/360viewer/360view.html?d=0110254-pdkp-1389
PDKP471,Fancy Colour,INTENSE PINK,ROUND,4.67,3.00–4.99ct,VS1,ID,EX,EX,10.61 - 10.69 * 6.57,61.6,57.0,0.99,IGI,633404807,https://api.igi.org/viewpdf.php?r=633404807,
PDPV-74,Fancy Colour,LIGHT PINK,ROUND,1.78,1.00–1.99ct,VS1,VG,VG,EX,7.65 - 7.69 * 4.75,62.0,60.0,0.99,IGI,691565509,https://api.igi.org/viewpdf.php?r=691565509,https://workshop.360view.link/360viewer/360view.html?d=0204251-pv-74-pr
PDPV-81,Fancy Colour,FANCY PINK,ROUND,1.58,1.00–1.99ct,VS1,GD,VG,VG,7.55 - 7.61 * 4.30,56.7,64.0,0.99,IGI,694547244,https://api.igi.org/viewpdf.php?r=694547244,https://workshop.360view.link/360viewer/360view.html?d=2204258-PV-81-PR
PDPV-83,Fancy Colour,FANCY PINK,ROUND,1.49,1.00–1.99ct,VS2,VG,VG,GD,7.34 - 7.36 * 4.48,60.9,60.0,1.0,IGI,694547247,https://api.igi.org/viewpdf.php?r=694547247,https://workshop.360view.link/360viewer/360view.html?d=2204250-PV-83-PR
PDPV-187,Fancy Colour,VIVID PINK,ROUND,1.08,1.00–1.99ct,VS1,ID,VG,VG,6.63 - 6.65 * 3.94,59.3,63.0,1.0,IGI,786625634,https://api.igi.org/viewpdf.php?r=786625634,https://workshop.360view.link/360viewer/360view.html?d=0904264-PV-187
PDPV-198,Fancy Colour,INTENSE PINK,ROUND,1.01,1.00–1.99ct,VVS1,ID,EX,EX,6.45 - 6.49 * 3.94,60.9,56.0,0.99,IGI,790652613,https://api.igi.org/viewpdf.php?r=790652613,https://workshop.360view.link/360viewer/360view.html?d=2704261-PV-198
PDPV-222,Fancy Colour,FANCY LIGHT PINK,ROUND,1.01,1.00–1.99ct,VVS2,EX,EX,EX,6.39 - 6.41 * 3.96,61.8,56.0,1.0,IGI,801685164,https://api.igi.org/viewpdf.php?r=801685164,https://workshop.360view.link/360viewer/360view.html?d=1706260-PV-222-PR
PDPV-202,Fancy Colour,INTENSE PINK,ROUND,0.99,Under 1ct,VVS2,ID,EX,EX,6.44 - 6.45 * 3.86,59.9,59.0,1.0,IGI,791642826,https://api.igi.org/viewpdf.php?r=791642826,https://workshop.360view.link/360viewer/360view.html?d=0105264-PV-202
PDPV-212,Fancy Colour,INTENSE PINK,ROUND,0.99,Under 1ct,VS2,ID,EX,EX,6.37 - 6.39 * 3.94,61.8,57.0,1.0,IGI,791642836,https://api.igi.org/viewpdf.php?r=791642836,https://workshop.360view.link/360viewer/360view.html?d=3004265-PV-212-PR
PDPV-217,Fancy Colour,FANCY PINK,ROUND,0.98,Under 1ct,VS2,EX,EX,EX,6.38 - 6.42 * 3.85,60.1,59.0,0.99,IGI,790653241,https://api.igi.org/viewpdf.php?r=790653241,https://workshop.360view.link/360viewer/360view.html?d=3004264-PV-217-PR
PDPV-200,Fancy Colour,FANCY PINK,ROUND,0.97,Under 1ct,VVS1,ID,EX,EX,6.42 - 6.47 * 3.84,59.6,57.0,0.99,IGI,790652649,https://api.igi.org/viewpdf.php?r=790652649,https://workshop.360view.link/360viewer/360view.html?d=0105267-PV-200
PDPV-208,Fancy Colour,INTENSE PINK,ROUND,0.97,Under 1ct,VS1,ID,EX,EX,6.33 - 6.35 * 3.90,61.5,58.0,1.0,IGI,791642832,https://api.igi.org/viewpdf.php?r=791642832,https://workshop.360view.link/360viewer/360view.html?d=3004268-PV-208-PR
PDPV-224,Fancy Colour,LIGHT PINK,ROUND,0.97,Under 1ct,VS1,ID,EX,EX,6.29 - 6.32 * 3.89,61.6,59.0,1.0,IGI,801685169,https://api.igi.org/viewpdf.php?r=801685169,https://workshop.360view.link/360viewer/360view.html?d=1706268-PV-224-PR
PDPV-193,Fancy Colour,VIVID PINK,ROUND,0.96,Under 1ct,VS2,ID,EX,EX,6.36 - 6.38 * 3.84,60.4,60.0,1.0,IGI,788685941,https://api.igi.org/viewpdf.php?r=788685941,https://workshop.360view.link/360viewer/360view.html?d=3004266-PV-193-PR
PDPV-203,Fancy Colour,INTENSE PINK,ROUND,0.96,Under 1ct,VS2,ID,EX,EX,6.32 - 6.34 * 3.88,61.3,59.0,1.0,IGI,791642827,https://api.igi.org/viewpdf.php?r=791642827,https://workshop.360view.link/360viewer/360view.html?d=3004261-PV-203-PR
PDPV-223,Fancy Colour,FANCY LIGHT PINK,ROUND,0.96,Under 1ct,VS1,ID,EX,EX,6.35 - 6.39 * 3.90,61.2,58.0,0.99,IGI,801685168,https://api.igi.org/viewpdf.php?r=801685168,https://workshop.360view.link/360viewer/360view.html?d=1706264-PV-223-PR
PDPV-184,Fancy Colour,INTENSE PINK,ROUND,0.95,Under 1ct,VS1,EX,VG,VG,6.19 - 6.26 * 3.89,62.4,59.0,0.99,IGI,782621271,https://api.igi.org/viewpdf.php?r=782621271,https://workshop.360view.link/360viewer/360view.html?d=3003266-PV-184
PDPV-195,Fancy Colour,INTENSE PINK,ROUND,0.95,Under 1ct,VVS2,EX,EX,EX,6.24 - 6.26 * 3.92,62.7,58.0,1.0,IGI,791642348,https://api.igi.org/viewpdf.php?r=791642348,https://workshop.360view.link/360viewer/360view.html?d=2704263-PV-195
PDPV-197,Fancy Colour,VIVID PINK,ROUND,0.95,Under 1ct,VVS2,ID,EX,EX,6.35 - 6.37 * 3.85,60.5,58.0,1.0,IGI,791642350,https://api.igi.org/viewpdf.php?r=791642350,https://workshop.360view.link/360viewer/360view.html?d=2704267-PV-197
PDPV-207,Fancy Colour,INTENSE PINK,ROUND,0.95,Under 1ct,VS2,ID,EX,EX,6.32 - 6.35 * 3.83,60.5,57.0,1.0,IGI,791642831,https://api.igi.org/viewpdf.php?r=791642831,https://workshop.360view.link/360viewer/360view.html?d=3004261-PV-207-PR
PDPV-214,Fancy Colour,INTENSE PINK,ROUND,0.95,Under 1ct,VS1,EX,VG,EX,6.26 - 6.31 * 3.84,61.0,59.0,0.99,IGI,790653239,https://api.igi.org/viewpdf.php?r=790653239,https://workshop.360view.link/360viewer/360view.html?d=3004266-PV-214-PR
PDPV-220,Fancy Colour,VIVID PINK,ROUND,0.95,Under 1ct,VS2,ID,EX,EX,6.25 - 6.26 * 3.90,62.4,58.0,1.0,IGI,795623011,https://api.igi.org/viewpdf.php?r=795623011,https://workshop.360view.link/360viewer/360view.html?d=2005263-PV-220-PR
PDPV-228,Fancy Colour,FANCY PINK,ROUND,0.95,Under 1ct,VS1,ID,EX,EX,6.26 - 6.28 * 3.88,61.9,58.0,1.0,IGI,817665893,https://api.igi.org/viewpdf.php?r=817665893,https://workshop.360view.link/360viewer/360view.html?d=0708265-PV-228
PDPV-192,Fancy Colour,VIVID PINK,ROUND,0.94,Under 1ct,VS2,ID,EX,EX,6.25 - 6.28 * 3.86,61.6,57.0,1.0,IGI,786626111,https://api.igi.org/viewpdf.php?r=786626111,https://workshop.360view.link/360viewer/360view.html?d=1604262-PV-192-PR
PDPV-218,Fancy Colour,INTENSE PINK,ROUND,0.94,Under 1ct,VVS2,ID,EX,EX,6.25 - 6.27 * 3.85,61.5,58.0,1.0,IGI,790653242,https://api.igi.org/viewpdf.php?r=790653242,https://workshop.360view.link/360viewer/360view.html?d=3004267-PV-218-PR
PDPV-191,Fancy Colour,VIVID PINK,ROUND,0.93,Under 1ct,VS2,ID,EX,EX,6.31 - 6.33 * 3.82,60.5,57.0,1.0,IGI,786626112,https://api.igi.org/viewpdf.php?r=786626112,https://workshop.360view.link/360viewer/360view.html?d=1604266-PV-191-PR
PDPV-194,Fancy Colour,VIVID PINK,ROUND,0.93,Under 1ct,VS2,ID,EX,EX,6.22 - 6.28 * 3.87,61.9,60.0,0.99,IGI,788685940,https://api.igi.org/viewpdf.php?r=788685940,https://workshop.360view.link/360viewer/360view.html?d=3004263-PV-194-PR
PDPV-210,Fancy Colour,INTENSE PINK,ROUND,0.93,Under 1ct,VS2,ID,EX,EX,6.22 - 6.26 * 3.85,61.7,57.0,0.99,IGI,791642834,https://api.igi.org/viewpdf.php?r=791642834,https://workshop.360view.link/360viewer/360view.html?d=3004264-PV-210-PR
PDPV-211,Fancy Colour,INTENSE PINK,ROUND,0.93,Under 1ct,SI1,ID,EX,EX,6.30 - 6.32 * 3.81,60.3,57.0,1.0,IGI,791642835,https://api.igi.org/viewpdf.php?r=791642835,https://workshop.360view.link/360viewer/360view.html?d=3004261-PV-211-PR
PDPV-215,Fancy Colour,VIVID PINK,ROUND,0.93,Under 1ct,SI1,ID,EX,EX,6.23 - 6.25 * 3.83,61.4,56.0,1.0,IGI,790653240,https://api.igi.org/viewpdf.php?r=790653240,https://workshop.360view.link/360viewer/360view.html?d=3004264-PV-215-PR
PDPV-205,Fancy Colour,VIVID PINK,ROUND,0.92,Under 1ct,SI1,ID,EX,EX,6.20 - 6.23 * 3.84,61.7,58.0,1.0,IGI,791642829,https://api.igi.org/viewpdf.php?r=791642829,https://workshop.360view.link/360viewer/360view.html?d=3004260-PV-205-PR
PDPV-196,Fancy Colour,VIVID PINK,ROUND,0.91,Under 1ct,VS2,ID,EX,EX,6.19 - 6.22 * 3.83,61.7,59.0,1.0,IGI,791642349,https://api.igi.org/viewpdf.php?r=791642349,https://workshop.360view.link/360viewer/360view.html?d=2704268-PV-196
PDPV-221,Fancy Colour,VIVID PINK,ROUND,0.91,Under 1ct,VS2,EX,EX,EX,6.19 - 6.22 * 3.82,61.5,57.0,1.0,IGI,795623009,https://api.igi.org/viewpdf.php?r=795623009,https://workshop.360view.link/360viewer/360view.html?d=2005265-PV-221-PR
PDPV-225,Fancy Colour,FANCY PINK,ROUND,0.91,Under 1ct,VS1,EX,EX,EX,6.13 - 6.15 * 3.83,62.4,57.0,1.0,IGI,801685170,https://api.igi.org/viewpdf.php?r=801685170,https://workshop.360view.link/360viewer/360view.html?d=1706264-PV-225-PR
PDPV-204,Fancy Colour,INTENSE PINK,ROUND,0.89,Under 1ct,VVS2,ID,EX,EX,6.21 - 6.25 * 3.75,60.1,58.0,0.99,IGI,791642828,https://api.igi.org/viewpdf.php?r=791642828,https://workshop.360view.link/360viewer/360view.html?d=3004261-PV-204-PR
PDPV-206,Fancy Colour,INTENSE PINK,ROUND,0.89,Under 1ct,VVS2,ID,EX,EX,6.24 - 6.27 * 3.75,59.9,58.0,1.0,IGI,791642830,https://api.igi.org/viewpdf.php?r=791642830,https://workshop.360view.link/360viewer/360view.html?d=3004266-PV-206-PR
PDPV-213,Fancy Colour,VIVID PINK,ROUND,0.88,Under 1ct,SI2,ID,EX,EX,6.18 - 6.21 * 3.73,60.2,58.0,1.0,IGI,791642837,https://api.igi.org/viewpdf.php?r=791642837,https://workshop.360view.link/360viewer/360view.html?d=3004266-PV-213-PR
PDKP-1923,Fancy Colour,VIVID PINK,SQUARE EMERALD,24.72,10ct+,VS1,,EX,EX,16.23 - 15.94 * 10.31,64.7,66.0,1.02,IGI,754552218,https://api.igi.org/viewpdf.php?r=754552218,https://workshop.360view.link/360viewer/360view.html?d=0801267-PDKP-1923
PDKP-2005,Fancy Colour,VIVID PINK,SQUARE EMERALD,21.37,10ct+,VS2,,EX,EX,15.68 - 15.49 * 9.57,61.8,65.0,1.01,IGI,758589978,https://api.igi.org/viewpdf.php?r=758589978,https://workshop.360view.link/360viewer/360view.html?d=2001263-PDKP-2005
PDKP-2351,Fancy Colour,INTENSE PINK,SQUARE EMERALD,1.0,1.00–1.99ct,VS1,,EX,VG,5.63 - 5.55 * 3.78,68.1,71.0,1.01,IGI,799626159,https://api.igi.org/viewpdf.php?r=799626159,https://workshop.360view.link/360viewer/360view.html?d=2905261-PDKP-2351
PDKL-32,Fancy Colour,VIVID PINK,SQUARE RADIANT,3.35,3.00–4.99ct,VS1,,EX,EX,8.22 - 8.18 * 5.34,65.3,63.0,1.0,IGI,702506253,https://api.igi.org/viewpdf.php?r=702506253,https://workshop.360view.link/360viewer/360view.html?d=1606250-702506253
PDKL-33,Fancy Colour,VIVID PINK,SQUARE RADIANT,3.26,3.00–4.99ct,VVS2,,EX,EX,8.15 - 8.13 * 5.37,66.1,62.0,1.0,IGI,713525542,https://api.igi.org/viewpdf.php?r=713525542,https://workshop.360view.link/360viewer/360view.html?d=2606258-713525542
PDJP-205,Fancy Colour,VIVID PINK,HEART,0.76,Under 1ct,VS1,,EX,EX,5.39 - 6.23 * 3.14,50.4,58.0,0.87,IGI,826605124,https://api.igi.org/viewpdf.php?r=826605124,https://workshop.360view.link/360viewer/360view.html?d=2208260-JP-205-
PDJP-206,Fancy Colour,VIVID PINK,HEART,0.8,Under 1ct,VS1,,EX,EX,5.55 - 6.42 * 3.02,47.0,66.0,0.86,IGI,826605125,https://api.igi.org/viewpdf.php?r=826605125,https://workshop.360view.link/360viewer/360view.html?d=2208260-JP-206-
PDJP-209,Fancy Colour,VIVID PINK,HEART,0.71,Under 1ct,VS1,,EX,EX,4.99 - 5.97 * 3.17,53.1,63.0,0.84,IGI,826605126,https://api.igi.org/viewpdf.php?r=826605126,https://workshop.360view.link/360viewer/360view.html?d=2208268-JP-209
PDJP-208,Fancy Colour,VIVID PINK,HEART,0.6,Under 1ct,VS1,,EX,EX,5.13 - 5.81 * 2.83,48.7,67.0,0.88,IGI,826605127,https://api.igi.org/viewpdf.php?r=826605127,https://workshop.360view.link/360viewer/360view.html?d=2208267-JP-208-
PDJP-207,Fancy Colour,VIVID PINK,HEART,0.7,Under 1ct,VS1,,EX,EX,5.07 - 5.81 * 3.11,53.5,66.0,0.87,IGI,826605128,https://api.igi.org/viewpdf.php?r=826605128,https://workshop.360view.link/360viewer/360view.html?d=2208267-JP-207
PDJP-210,Fancy Colour,VIVID PINK,HEART,3.01,3.00–4.99ct,VS1,,EX,EX,8.25 - 9.42 * 5.07,53.8,68.0,0.88,IGI,803614652,https://api.igi.org/viewpdf.php?r=803614652,https://workshop.360view.link/360viewer/360view.html?d=2208263-803614652-CHP
PDJP-211,Fancy Colour,VIVID PINK,HEART,3.0,3.00–4.99ct,VS1,,EX,EX,8.31 - 9.45 * 5.05,53.4,63.0,0.88,IGI,814632433,https://api.igi.org/viewpdf.php?r=814632433,https://workshop.360view.link/360viewer/360view.html?d=2208260-814632433-CHP
PDKP-2463,Fancy Colour,VIVID PINK,HEART,2.03,2.00–2.99ct,VVS1,,EX,EX,7.05 - 8.05 * 4.52,56.1,62.0,0.88,IGI,821667902,https://api.igi.org/viewpdf.php?r=821667902,https://workshop.360view.link/360viewer/360view.html?d=2608265-PDKP-2462
PDKP-2464,Fancy Colour,VIVID PINK,HEART,2.04,2.00–2.99ct,VVS1,,EX,EX,7.09 - 8.11 * 4.49,55.4,65.0,0.87,IGI,821667864,https://api.igi.org/viewpdf.php?r=821667864,https://workshop.360view.link/360viewer/360view.html?d=2608260-PDKP-2463
PDKP-2465,Fancy Colour,VIVID PINK,HEART,2.05,2.00–2.99ct,VVS1,,EX,EX,7.07 - 8.09 * 4.47,55.3,66.0,0.87,IGI,822608774,https://api.igi.org/viewpdf.php?r=822608774,https://workshop.360view.link/360viewer/360view.html?d=2608264-PDKP-2464
PDKP-2466,Fancy Colour,VIVID PINK,HEART,2.06,2.00–2.99ct,VVS1,,EX,EX,7.07 - 8.11 * 4.47,55.1,69.0,0.87,IGI,822608790,https://api.igi.org/viewpdf.php?r=822608790,https://workshop.360view.link/360viewer/360view.html?d=2608264-PDKP-2466
PDKP-1481,Fancy Colour,INTENSE YELLOW,CUSHION,11.08,10ct+,VS1,,EX,EX,12.30 - 12.30 * 8.09,65.8,66.0,1.0,IGI,717521056,https://api.igi.org/viewpdf.php?r=717521056,https://workshop.360view.link/360viewer/360view.html?d=1408252-D-1-PR
PDKP-2056,Fancy Colour,VIVID YELLOW,CUSHION,8.09,5.00–9.99ct,VS1,,EX,EX,11.31 - 10.72 * 7.05,65.8,58.0,1.06,IGI,760505783,https://api.igi.org/viewpdf.php?r=760505783,https://workshop.360view.link/360viewer/360view.html?d=0502267-1004-5-DH
PDKP-1975,Fancy Colour,VIVID YELLOW,CUSHION,7.01,5.00–9.99ct,VS1,,EX,EX,10.33 - 10.27 * 6.92,67.4,61.0,1.01,IGI,732559479,https://api.igi.org/viewpdf.php?r=732559479,https://workshop.360view.link/360viewer/360view.html?d=1609258-732559479
PDKP-1976,Fancy Colour,VIVID YELLOW,CUSHION,6.99,5.00–9.99ct,VS1,,EX,EX,10.37 - 10.27 * 6.59,64.2,73.0,1.01,IGI,732559475,https://api.igi.org/viewpdf.php?r=732559475,https://workshop.360view.link/360viewer/360view.html?d=1609254-732559475
PDKP-1977,Fancy Colour,VIVID YELLOW,CUSHION,6.07,5.00–9.99ct,VS1,,EX,EX,9.84 - 9.61 * 6.50,67.6,64.0,1.02,IGI,734521037,https://api.igi.org/viewpdf.php?r=734521037,https://workshop.360view.link/360viewer/360view.html?d=2609253-734521037
PDKP-2057,Fancy Colour,VIVID YELLOW,CUSHION,6.07,5.00–9.99ct,VS1,,EX,EX,10.14 - 9.88 * 6.45,65.3,61.0,1.03,IGI,760505578,https://api.igi.org/viewpdf.php?r=760505578,https://workshop.360view.link/360viewer/360view.html?d=0302260-1004-32-DY
PDKP-1299,Fancy Colour,INTENSE YELLOW,CUSHION,6.02,5.00–9.99ct,VS2,,EX,EX,9.89 - 9.58 * 6.46,67.4,69.0,1.03,IGI,702570767,https://api.igi.org/viewpdf.php?r=702570767,https://workshop.360view.link/360viewer/360view.html?d=2005256-702570767
PDKP-1978,Fancy Colour,VIVID YELLOW,CUSHION,5.73,5.00–9.99ct,VVS2,,EX,EX,9.64 - 9.52 * 6.34,66.6,64.0,1.01,IGI,723558105,https://api.igi.org/viewpdf.php?r=723558105,https://workshop.360view.link/360viewer/360view.html?d=0408251-723558105
PDKP-2059,Fancy Colour,VIVID YELLOW,CUSHION,5.09,5.00–9.99ct,VS1,,EX,EX,9.51 - 9.26 * 6.08,65.7,61.0,1.03,IGI,760505782,https://api.igi.org/viewpdf.php?r=760505782,https://workshop.360view.link/360viewer/360view.html?d=0502260-1004-6-DH
PDKP-1156A,Fancy Colour,VIVID YELLOW,CUSHION,4.99,3.00–4.99ct,VS1,,EX,EX,10.37 - 8.48 * 5.93,69.9,57.0,1.22,IGI,687572478,https://api.igi.org/viewpdf.php?r=687572478,https://workshop.360view.link/360viewer/360view.html?d=1703256-509-25-PR
PDKP-1539,Fancy Colour,VIVID YELLOW,CUSHION,4.88,3.00–4.99ct,VS1,,EX,EX,11.26 - 8.69 * 5.55,63.9,63.0,1.3,IGI,739586531,https://api.igi.org/viewpdf.php?r=739586531,https://workshop.360view.link/360viewer/360view.html?d=1610253-PDKP-1539
PDKP-1540,Fancy Colour,VIVID YELLOW,CUSHION,4.82,3.00–4.99ct,VS1,,EX,EX,11.75 - 8.35 * 5.61,67.2,64.0,1.41,IGI,739542117,https://api.igi.org/viewpdf.php?r=739542117,https://workshop.360view.link/360viewer/360view.html?d=1410250-pdkp-1538-pr
PDKP-1306,Fancy Colour,VIVID YELLOW,CUSHION,4.61,3.00–4.99ct,VS2,,EX,EX,10.31 - 8.24 * 5.70,69.2,58.0,1.25,IGI,700596957,https://api.igi.org/viewpdf.php?r=700596957,https://workshop.360view.link/360viewer/360view.html?d=1205250-700596957
PDKP-1175A,Fancy Colour,VIVID YELLOW,CUSHION,4.58,3.00–4.99ct,VS2,,EX,EX,10.28 - 8.06 * 5.59,69.4,64.0,1.28,IGI,675531973,https://api.igi.org/viewpdf.php?r=675531973,https://workshop.360view.link/360viewer/360view.html?d=2701251-675531973
PDKP-1981,Fancy Colour,VIVID YELLOW,CUSHION,4.51,3.00–4.99ct,VS1,,EX,EX,8.98 - 8.52 * 5.92,69.5,61.0,1.05,IGI,743511173,https://api.igi.org/viewpdf.php?r=743511173,https://workshop.360view.link/360viewer/360view.html?d=0811258-1001-27
PDJP-1200,Fancy Colour,INTENSE YELLOW,CUSHION,4.11,3.00–4.99ct,VS2,,EX,EX,10.29 - 8.10 * 5.33,65.8,61.0,1.27,IGI,745520057,https://api.igi.org/viewpdf.php?r=745520057,https://workshop.360view.link/360viewer/360view.html?d=1610250-JP-1200
PDKP-1973,Fancy Colour,VIVID YELLOW,CUSHION,4.06,3.00–4.99ct,VS1,,EX,EX,8.58 - 8.45 * 5.63,66.6,66.0,1.02,IGI,694562658,https://api.igi.org/viewpdf.php?r=694562658,https://workshop.360view.link/360viewer/360view.html?d=2204254-694562658
PDKP-1305,Fancy Colour,VIVID YELLOW,CUSHION,4.03,3.00–4.99ct,VS1,,EX,EX,9.85 - 7.82 * 5.49,70.2,55.0,1.26,IGI,694562651,https://api.igi.org/viewpdf.php?r=694562651,https://workshop.360view.link/360viewer/360view.html?d=1806257-600-16
PDKP-1321,Fancy Colour,VIVID YELLOW,CUSHION,4.03,3.00–4.99ct,VS1,,EX,EX,9.68 - 7.93 * 5.39,68.0,59.0,1.22,IGI,696505246,https://api.igi.org/viewpdf.php?r=696505246,https://workshop.360view.link/360viewer/360view.html?d=2504255-696505246
PDJP-150,Fancy Colour,FANCY YELLOW,EMERALD,2.92,2.00–2.99ct,VVS2,,EX,EX,10.36 - 6.61 * 4.05,61.3,68.0,1.57,IGI,742524687,https://api.igi.org/viewpdf.php?r=742524687,https://workshop.360view.link/360viewer/360view.html?d=2007268-JP-1500
PDJP-1300-3,Fancy Colour,LIGHT YELLOW,EMERALD,0.99,Under 1ct,VS1,,EX,EX,6.81 - 4.82 * 3.19,66.2,70.0,1.41,IGI,746509885,https://api.igi.org/viewpdf.php?r=746509885,https://workshop.360view.link/360viewer/360view.html?d=1610257-JP-1300-3
PDKP-1502,Fancy Colour,INTENSE YELLOW,HEART,6.1,5.00–9.99ct,VS1,,EX,EX,10.81 - 11.45 * 6.40,55.9,66.0,0.94,IGI,726563146,https://api.igi.org/viewpdf.php?r=726563146,https://workshop.360view.link/360viewer/360view.html?d=1308253-jy-9-sn
PDKP-1504,Fancy Colour,INTENSE YELLOW,HEART,6.05,5.00–9.99ct,VVS2,,EX,EX,10.65 - 11.27 * 6.27,55.6,61.0,0.94,IGI,729505743,https://api.igi.org/viewpdf.php?r=729505743,https://workshop.360view.link/360viewer/360view.html?d=0409251-JY-20-SN
PDKP-1182A,Fancy Colour,VIVID YELLOW,HEART,4.14,3.00–4.99ct,VS2,,EX,EX,9.40 - 10.46 * 5.47,52.3,65.0,0.9,IGI,680502272,https://api.igi.org/viewpdf.php?r=680502272,https://workshop.360view.link/360viewer/360view.html?d=1702250-680502272
PDKP-1935,Fancy Colour,VIVID YELLOW,OVAL,9.05,5.00–9.99ct,VS1,,EX,EX,15.45 - 10.81 * 6.90,63.8,58.0,1.43,IGI,728574080,https://api.igi.org/viewpdf.php?r=728574080,https://workshop.360view.link/360viewer/360view.html?d=1410254-1001-16
PDKP-1937,Fancy Colour,VIVID YELLOW,OVAL,8.03,5.00–9.99ct,VS1,,EX,EX,14.98 - 10.40 * 6.64,63.8,60.0,1.44,IGI,735525493,https://api.igi.org/viewpdf.php?r=735525493,https://workshop.360view.link/360viewer/360view.html?d=0210258-735525493
PDKP-1938,Fancy Colour,VIVID YELLOW,OVAL,8.02,5.00–9.99ct,VS1,,EX,EX,14.33 - 10.08 * 6.89,68.4,61.0,1.42,IGI,732559474,https://api.igi.org/viewpdf.php?r=732559474,https://workshop.360view.link/360viewer/360view.html?d=1609256-732559474
PDKP-1536,Fancy Colour,INTENSE YELLOW,OVAL,7.05,5.00–9.99ct,VVS2,,EX,EX,13.91 - 9.99 * 6.54,65.5,62.0,1.39,IGI,725518495,https://api.igi.org/viewpdf.php?r=725518495,https://workshop.360view.link/360viewer/360view.html?d=1308256-SK-5-PM
PDKP-1543,Fancy Colour,INTENSE YELLOW,OVAL,7.0,5.00–9.99ct,VS2,,EX,EX,14.19 - 9.95 * 6.24,62.7,60.0,1.43,IGI,737551943,https://api.igi.org/viewpdf.php?r=737551943,https://workshop.360view.link/360viewer/360view.html?d=0910252-737551943
PDKP-1939,Fancy Colour,VIVID YELLOW,OVAL,6.83,5.00–9.99ct,VS1,,EX,EX,14.03 - 9.70 * 6.25,64.4,62.0,1.45,IGI,728574084,https://api.igi.org/viewpdf.php?r=728574084,https://workshop.360view.link/360viewer/360view.html?d=1410255-1001-19
PDKP-2063,Fancy Colour,INTENSE YELLOW,OVAL,6.21,5.00–9.99ct,VS1,,EX,EX,13.52 - 9.41 * 6.20,65.9,53.0,1.44,IGI,768683568,https://api.igi.org/viewpdf.php?r=768683568,https://workshop.360view.link/360viewer/360view.html?d=0702261-nem-1-559
PDKP-1941,Fancy Colour,VIVID YELLOW,OVAL,6.01,5.00–9.99ct,VS1,,EX,EX,13.22 - 9.17 * 6.23,67.9,57.0,1.44,IGI,737567973,https://api.igi.org/viewpdf.php?r=737567973,https://workshop.360view.link/360viewer/360view.html?d=1010251-1001-4-SY
PDKP-1943,Fancy Colour,VIVID YELLOW,OVAL,5.41,5.00–9.99ct,VS1,,EX,EX,13.12 - 9.09 * 5.78,63.6,58.0,1.44,IGI,728574087,https://api.igi.org/viewpdf.php?r=728574087,https://workshop.360view.link/360viewer/360view.html?d=1410252-1100-13
PDKP-1931,Fancy Colour,VIVID YELLOW,OVAL,5.36,5.00–9.99ct,VS1,,EX,EX,12.57 - 8.89 * 5.96,67.0,58.0,1.41,IGI,743560392,https://api.igi.org/viewpdf.php?r=743560392,https://workshop.360view.link/360viewer/360view.html?d=0811254-400-12
PDKP-1547,Fancy Colour,INTENSE YELLOW,OVAL,5.03,5.00–9.99ct,VS2,,EX,EX,12.58 - 8.55 * 5.87,68.7,59.0,1.47,IGI,739566322,https://api.igi.org/viewpdf.php?r=739566322,https://workshop.360view.link/360viewer/360view.html?d=1410251-739566322
PDKP-1948,Fancy Colour,VIVID YELLOW,OVAL,5.0,5.00–9.99ct,VS1,,EX,EX,12.31 - 8.57 * 5.90,68.8,59.0,1.44,IGI,736504910,https://api.igi.org/viewpdf.php?r=736504910,https://workshop.360view.link/360viewer/360view.html?d=0910254-736504910
PDKP-1317,Fancy Colour,INTENSE YELLOW,OVAL,4.02,3.00–4.99ct,VS1,,EX,EX,12.37 - 8.24 * 5.04,61.2,60.0,1.5,IGI,706568031,https://api.igi.org/viewpdf.php?r=706568031,https://workshop.360view.link/360viewer/360view.html?d=1806253-705-48
PDKP-1548,Fancy Colour,INTENSE YELLOW,OVAL,4.01,3.00–4.99ct,VS1,,EX,EX,11.34 - 7.87 * 5.55,70.5,59.0,1.44,IGI,735551009,https://api.igi.org/viewpdf.php?r=735551009,https://workshop.360view.link/360viewer/360view.html?d=0310252-R-12-YELLOW
PDKP-1186A,Fancy Colour,VIVID YELLOW,OVAL,3.59,3.00–4.99ct,VS1,,EX,EX,11.06 - 7.66 * 5.26,68.7,60.0,1.44,IGI,675531985,https://api.igi.org/viewpdf.php?r=675531985,https://workshop.360view.link/360viewer/360view.html?d=2701253-675531985
PDKP-1355,Fancy Colour,VIVID YELLOW,PEAR,8.69,5.00–9.99ct,VS1,,EX,EX,17.91 - 10.45 * 6.30,60.3,65.0,1.71,IGI,713578959,https://api.igi.org/viewpdf.php?r=713578959,https://workshop.360view.link/360viewer/360view.html?d=2706252-713578959
PDKP-2062,Fancy Colour,INTENSE YELLOW,PEAR,8.07,5.00–9.99ct,VS2,,EX,EX,15.76 - 10.01 * 6.81,68.0,62.0,1.57,IGI,769651609,https://api.igi.org/viewpdf.php?r=769651609,https://workshop.360view.link/360viewer/360view.html?d=0702262-nem-1-558
PDKP-1408,Fancy Colour,VIVID YELLOW,PEAR,5.51,5.00–9.99ct,VS1,,EX,EX,13.94 - 8.92 * 5.92,66.4,65.0,1.56,IGI,707532044,https://api.igi.org/viewpdf.php?r=707532044,https://workshop.360view.link/360viewer/360view.html?d=1306251-707532044
PDKP-1365,Fancy Colour,VIVID YELLOW,PEAR,5.09,5.00–9.99ct,VS1,,EX,EX,13.84 - 8.65 * 5.77,66.7,62.0,1.6,IGI,707532045,https://api.igi.org/viewpdf.php?r=707532045,https://workshop.360view.link/360viewer/360view.html?d=1306258-707532045
PDKP-1318,Fancy Colour,VIVID YELLOW,PEAR,5.08,5.00–9.99ct,VS2,,EX,EX,13.33 - 8.63 * 5.89,68.3,59.0,1.54,IGI,704515559,https://api.igi.org/viewpdf.php?r=704515559,https://workshop.360view.link/360viewer/360view.html?d=0905253-704515559
PDKP-1366,Fancy Colour,VIVID YELLOW,PEAR,5.07,5.00–9.99ct,VVS2,,EX,EX,13.86 - 8.64 * 5.67,65.6,61.0,1.6,IGI,712564816,https://api.igi.org/viewpdf.php?r=712564816,https://workshop.360view.link/360viewer/360view.html?d=2706257-712564816
PDKP-1367,Fancy Colour,INTENSE YELLOW,PEAR,5.03,5.00–9.99ct,VS1,,EX,EX,13.80 - 8.67 * 5.76,66.4,62.0,1.59,IGI,710543767,https://api.igi.org/viewpdf.php?r=710543767,https://workshop.360view.link/360viewer/360view.html?d=2106250-710543767
PDKP-1368,Fancy Colour,INTENSE YELLOW,PEAR,5.01,5.00–9.99ct,VS2,,EX,EX,13.38 - 8.64 * 5.80,67.1,62.0,1.55,IGI,709529249,https://api.igi.org/viewpdf.php?r=709529249,https://workshop.360view.link/360viewer/360view.html?d=1306252-709529249
PDKP-1409,Fancy Colour,INTENSE YELLOW,PEAR,5.01,5.00–9.99ct,VS1,,EX,EX,13.84 - 8.72 * 5.73,65.7,61.0,1.59,IGI,710543775,https://api.igi.org/viewpdf.php?r=710543775,https://workshop.360view.link/360viewer/360view.html?d=2106250-710543775
PDKP-1013,Fancy Colour,VIVID YELLOW,PEAR,4.82,3.00–4.99ct,VS2,,EX,EX,14.08 - 9.06 * 5.45,60.2,65.0,1.55,IGI,675531972,https://api.igi.org/viewpdf.php?r=675531972,https://workshop.360view.link/360viewer/360view.html?d=2301253-PDKP-1013
PDKP-1410,Fancy Colour,VIVID YELLOW,PEAR,4.65,3.00–4.99ct,VS1,,EX,EX,13.20 - 8.42 * 5.67,67.3,63.0,1.57,IGI,711527112,https://api.igi.org/viewpdf.php?r=711527112,https://workshop.360view.link/360viewer/360view.html?d=2706251-711527112
PDKP-1412,Fancy Colour,INTENSE YELLOW,PEAR,4.52,3.00–4.99ct,VS1,,EX,EX,13.19 - 8.35 * 5.55,66.5,61.0,1.58,IGI,710543765,https://api.igi.org/viewpdf.php?r=710543765,https://workshop.360view.link/360viewer/360view.html?d=2106256-710543765
PDKP-1414,Fancy Colour,VIVID YELLOW,PEAR,4.31,3.00–4.99ct,VS1,,EX,EX,12.56 - 8.11 * 5.58,68.8,61.0,1.55,IGI,698526247,https://api.igi.org/viewpdf.php?r=698526247,https://workshop.360view.link/360viewer/360view.html?d=2604254-698526247
PDKP-1960,Fancy Colour,VIVID YELLOW,PEAR,4.19,3.00–4.99ct,VS1,,EX,EX,12.69 - 8.08 * 5.66,70.0,57.0,1.57,IGI,706568043,https://api.igi.org/viewpdf.php?r=706568043,https://workshop.360view.link/360viewer/360view.html?d=2106257-706568043
PDKP-1418,Fancy Colour,VIVID YELLOW,PEAR,4.08,3.00–4.99ct,VS1,,EX,EX,12.66 - 8.17 * 5.41,66.2,60.0,1.55,IGI,713530927,https://api.igi.org/viewpdf.php?r=713530927,https://workshop.360view.link/360viewer/360view.html?d=2706255-713530927
PDKP-1419,Fancy Colour,INTENSE YELLOW,PEAR,4.08,3.00–4.99ct,VS1,,EX,EX,13.03 - 8.14 * 5.30,65.1,58.0,1.6,IGI,706568021,https://api.igi.org/viewpdf.php?r=706568021,
PDKP-1420,Fancy Colour,INTENSE YELLOW,PEAR,4.06,3.00–4.99ct,VS1,,EX,EX,12.54 - 7.98 * 5.45,68.3,62.0,1.57,IGI,700596960,https://api.igi.org/viewpdf.php?r=700596960,https://workshop.360view.link/360viewer/360view.html?d=1205254-700596960
PDKP-1310,Fancy Colour,VIVID YELLOW,PEAR,4.03,3.00–4.99ct,VVS2,,EX,EX,12.96 - 7.91 * 5.31,67.1,63.0,1.64,IGI,706568030,https://api.igi.org/viewpdf.php?r=706568030,https://workshop.360view.link/360viewer/360view.html?d=1806257-704-42
PDKP-1423,Fancy Colour,INTENSE YELLOW,PEAR,4.02,3.00–4.99ct,VS1,,EX,EX,12.98 - 8.06 * 5.24,65.5,59.0,1.61,IGI,706568023,https://api.igi.org/viewpdf.php?r=706568023,
PDKP-1961,Fancy Colour,VIVID YELLOW,PEAR,4.02,3.00–4.99ct,VS1,,EX,EX,12.73 - 8.02 * 5.38,67.1,59.0,1.59,IGI,722510556,https://api.igi.org/viewpdf.php?r=722510556,https://workshop.360view.link/360viewer/360view.html?d=2307258-722510556
PDKP-1309,Fancy Colour,VIVID YELLOW,PEAR,4.0,3.00–4.99ct,VS1,,EX,EX,12.67 - 7.89 * 5.38,68.2,63.0,1.61,IGI,706568032,https://api.igi.org/viewpdf.php?r=706568032,https://workshop.360view.link/360viewer/360view.html?d=1806257-704-44
PDKP-916,Fancy Colour,INTENSE YELLOW,PEAR,3.95,3.00–4.99ct,VVS2,,EX,EX,12.82 - 8.09 * 5.21,64.4,55.0,1.58,IGI,652417044,https://api.igi.org/viewpdf.php?r=652417044,https://workshop.360view.link/360viewer/360view.html?d=0310247-k-6-pr
PDKP-1425,Fancy Colour,INTENSE YELLOW,PEAR,3.92,3.00–4.99ct,VS2,,EX,EX,12.48 - 7.81 * 5.26,68.5,59.0,1.6,IGI,713530923,https://api.igi.org/viewpdf.php?r=713530923,https://workshop.360view.link/360viewer/360view.html?d=2706256-713530923
PDKP-1199A,Fancy Colour,VIVID YELLOW,PEAR,3.75,3.00–4.99ct,VS2,,EX,EX,12.61 - 7.79 * 5.18,66.5,61.0,1.62,IGI,677504758,https://api.igi.org/viewpdf.php?r=677504758,https://workshop.360view.link/360viewer/360view.html?d=0102252-677504758
PDPV-142,Fancy Colour,INTENSE YELLOW,PEAR,3.56,3.00–4.99ct,VS1,,EX,EX,12.36 - 7.96 * 4.98,62.6,56.0,1.55,IGI,713505278,https://api.igi.org/viewpdf.php?r=713505278,https://workshop.360view.link/360viewer/360view.html?d=1907253-PV-142
PDKP-1202A,Fancy Colour,INTENSE YELLOW,PEAR,3.54,3.00–4.99ct,VS1,,EX,VG,11.80 - 7.61 * 5.16,67.8,60.0,1.55,IGI,687528328,https://api.igi.org/viewpdf.php?r=687528328,https://workshop.360view.link/360viewer/360view.html?d=1703256-687528328
PDKP-1204A,Fancy Colour,VIVID YELLOW,PEAR,3.51,3.00–4.99ct,VS2,,EX,EX,12.05 - 7.58 * 5.09,67.2,64.0,1.59,IGI,680506456,https://api.igi.org/viewpdf.php?r=680506456,https://workshop.360view.link/360viewer/360view.html?d=0504255-PDKP-1204A
PDKP-1322,Fancy Colour,INTENSE YELLOW,PEAR,3.51,3.00–4.99ct,VS1,,EX,EX,12.40 - 7.69 * 4.99,64.9,62.0,1.61,IGI,707514717,https://api.igi.org/viewpdf.php?r=707514717,https://workshop.360view.link/360viewer/360view.html?d=1806252-704-28
PDKP-1433,Fancy Colour,INTENSE YELLOW,PEAR,3.5,3.00–4.99ct,VS1,,EX,EX,11.74 - 7.66 * 5.24,68.4,62.0,1.53,IGI,707532046,https://api.igi.org/viewpdf.php?r=707532046,https://workshop.360view.link/360viewer/360view.html?d=1306256-707532046
PDJP-1300-1,Fancy Colour,INTENSE YELLOW,PEAR,3.39,3.00–4.99ct,VVS2,,EX,EX,12.80 - 7.89 * 4.77,60.5,64.0,1.62,IGI,745520047,https://api.igi.org/viewpdf.php?r=745520047,https://workshop.360view.link/360viewer/360view.html?d=1610253-JP-1300-1
PDKP-1207A,Fancy Colour,VIVID YELLOW,PEAR,3.09,3.00–4.99ct,VS1,,EX,EX,11.64 - 7.33 * 4.91,67.0,61.0,1.59,IGI,678543660,https://api.igi.org/viewpdf.php?r=678543660,https://workshop.360view.link/360viewer/360view.html?d=1002256-678543660
PDKP-1435,Fancy Colour,INTENSE YELLOW,PEAR,3.09,3.00–4.99ct,VS1,,EX,EX,11.62 - 7.30 * 4.83,66.2,63.0,1.59,IGI,713530915,https://api.igi.org/viewpdf.php?r=713530915,https://workshop.360view.link/360viewer/360view.html?d=2706252-713530915
PDKP-1209A,Fancy Colour,INTENSE YELLOW,PEAR,3.02,3.00–4.99ct,VS1,,EX,VG,11.29 - 7.31 * 4.87,66.6,63.0,1.54,IGI,687572482,https://api.igi.org/viewpdf.php?r=687572482,https://workshop.360view.link/360viewer/360view.html?d=1703257-687572482
PDKP-1211A,Fancy Colour,INTENSE YELLOW,PEAR,3.0,3.00–4.99ct,VS1,,EX,VG,11.67 - 7.37 * 4.81,65.3,58.0,1.58,IGI,683574605,https://api.igi.org/viewpdf.php?r=683574605,https://workshop.360view.link/360viewer/360view.html?d=0703255-683574605
PDPVY-10,Fancy Colour,VIVID YELLOW,PEAR,2.9,2.00–2.99ct,VS1,,EX,EX,12.50 - 7.57 * 4.26,56.3,63.0,1.65,IGI,671428367,https://api.igi.org/viewpdf.php?r=671428367,https://workshop.360view.link/360viewer/360view.html?d=0802256-PXY-10
PDKP-1213A,Fancy Colour,INTENSE YELLOW,PEAR,2.81,2.00–2.99ct,VS1,,EX,EX,11.12 - 7.07 * 4.82,68.2,62.0,1.57,IGI,687528322,https://api.igi.org/viewpdf.php?r=687528322,https://workshop.360view.link/360viewer/360view.html?d=1703250-687528322
PDKP-1320,Fancy Colour,VIVID YELLOW,PEAR,2.53,2.00–2.99ct,VS1,,EX,EX,11.04 - 6.91 * 4.53,65.6,57.0,1.6,IGI,691532922,https://api.igi.org/viewpdf.php?r=691532922,https://workshop.360view.link/360viewer/360view.html?d=0704250-691532922
PDPVY-12-B,Fancy Colour,INTENSE YELLOW,PEAR,2.4,2.00–2.99ct,VS2,,EX,EX,11.21 - 6.94 * 4.38,63.1,60.0,1.62,IGI,670459267,https://api.igi.org/viewpdf.php?r=670459267,https://workshop.360view.link/360viewer/360view.html?d=3112240-PVY-12-B
PDKP-1510,Fancy Colour,INTENSE YELLOW,PEAR,2.21,2.00–2.99ct,VS1,,EX,EX,11.19 - 6.82 * 3.95,57.9,68.0,1.64,IGI,732591133,https://api.igi.org/viewpdf.php?r=732591133,https://workshop.360view.link/360viewer/360view.html?d=1809258-NEM-1-366-A
PVY-7-B,Fancy Colour,VIVID YELLOW,PEAR,1.87,1.00–1.99ct,VS2,,EX,EX,10.28 - 6.22 * 3.94,63.3,59.0,1.65,IGI,675557454,https://api.igi.org/viewpdf.php?r=675557454,https://workshop.360view.link/360viewer/360view.html?d=2701255-PVY-7-B
PDKY-1006-B,Fancy Colour,INTENSE YELLOW,PEAR,1.76,1.00–1.99ct,VS1,,EX,EX,9.53 - 6.26 * 4.04,64.5,62.0,1.52,IGI,677560243,https://api.igi.org/viewpdf.php?r=677560243,https://workshop.360view.link/360viewer/360view.html?d=0402258-PDKY-1006-B
PDPVY-15-D,Fancy Colour,INTENSE YELLOW,PEAR,1.23,1.00–1.99ct,VS1,,EX,EX,8.92 - 5.60 * 3.56,63.6,57.0,1.59,IGI,680563613,https://api.igi.org/viewpdf.php?r=680563613,https://workshop.360view.link/360viewer/360view.html?d=0703252-pvy-15-d
PDKP-1008-D,Fancy Colour,INTENSE YELLOW,PEAR,0.96,Under 1ct,SI1,,EX,EX,7.94 - 5.05 * 3.33,65.9,61.0,1.57,IGI,683590646,https://api.igi.org/viewpdf.php?r=683590646,https://workshop.360view.link/360viewer/360view.html?d=1703257-SJ-24-PR
PDKY-1008-C,Fancy Colour,INTENSE YELLOW,PEAR,0.95,Under 1ct,SI1,,EX,VG,8.56 - 5.34 * 3.04,56.9,60.0,1.6,IGI,689503397,https://api.igi.org/viewpdf.php?r=689503397,https://workshop.360view.link/360viewer/360view.html?d=0504254-PDKY-1008-C
PDKP-1557,Fancy Colour,INTENSE YELLOW,PEAR,5.02,5.00–9.99ct,VS2,,EX,EX,13.78 - 8.60 * 5.70,66.3,63.0,1.6,IGI,737568005,https://api.igi.org/viewpdf.php?r=737568005,https://workshop.360view.link/360viewer/360view.html?d=1410251-737568005
PDKP-1558,Fancy Colour,INTENSE YELLOW,PEAR,5.0,5.00–9.99ct,VS1,,EX,EX,13.69 - 8.64 * 5.80,67.1,62.0,1.58,IGI,735589393,https://api.igi.org/viewpdf.php?r=735589393,https://workshop.360view.link/360viewer/360view.html?d=0810254-735589393
PDKP-1559,Fancy Colour,VIVID YELLOW,PEAR,4.01,3.00–4.99ct,VVS2,,EX,EX,12.77 - 7.83 * 5.35,68.3,62.0,1.63,IGI,737568007,https://api.igi.org/viewpdf.php?r=737568007,https://workshop.360view.link/360viewer/360view.html?d=1310253-R-10-
PDKL-31,Fancy Colour,INTENSE YELLOW,RADIANT,8.88,5.00–9.99ct,VS1,,EX,VG,12.67 - 10.65 * 6.98,65.5,68.0,1.19,IGI,709518313,https://api.igi.org/viewpdf.php?r=709518313,https://workshop.360view.link/360viewer/360view.html?d=2104252-8-88-YELLOW
PDKP-2220,Fancy Colour,VIVID YELLOW,RADIANT,6.01,5.00–9.99ct,VS2,,EX,EX,11.92 - 8.64 * 6.14,71.1,62.0,1.38,IGI,783632036,https://api.igi.org/viewpdf.php?r=783632036,
PDKP-1551,Fancy Colour,VIVID YELLOW,RADIANT,5.53,5.00–9.99ct,VS1,,EX,EX,12.15 - 8.23 * 5.73,69.6,61.0,1.48,IGI,737568001,https://api.igi.org/viewpdf.php?r=737568001,https://workshop.360view.link/360viewer/360view.html?d=1410256-737568001
PDKP-1354,Fancy Colour,INTENSE YELLOW,RADIANT,5.1,5.00–9.99ct,VS2,,EX,EX,11.54 - 8.24 * 5.59,67.8,62.0,1.4,IGI,704518056,https://api.igi.org/viewpdf.php?r=704518056,https://workshop.360view.link/360viewer/360view.html?d=2605252-704518056
PDKP-1965,Fancy Colour,VIVID YELLOW,RADIANT,4.66,3.00–4.99ct,VS1,,EX,EX,11.38 - 7.76 * 5.45,70.2,61.0,1.47,IGI,710543772,https://api.igi.org/viewpdf.php?r=710543772,https://workshop.360view.link/360viewer/360view.html?d=2106253-710543772
PDKP-1372,Fancy Colour,VIVID YELLOW,RADIANT,4.59,3.00–4.99ct,VS1,,EX,EX,10.77 - 7.34 * 5.12,68.9,60.0,1.47,IGI,702506272,https://api.igi.org/viewpdf.php?r=702506272,https://workshop.360view.link/360viewer/360view.html?d=2106250-702506272
PDKP-1373,Fancy Colour,VIVID YELLOW,RADIANT,4.51,3.00–4.99ct,VS1,,EX,EX,10.67 - 7.29 * 5.03,69.5,62.0,1.46,IGI,709529250,https://api.igi.org/viewpdf.php?r=709529250,https://workshop.360view.link/360viewer/360view.html?d=1306251-709529250
PDKP-1966,Fancy Colour,VIVID YELLOW,RADIANT,4.51,3.00–4.99ct,VS1,,EX,EX,11.48 - 7.70 * 5.25,68.2,63.0,1.49,IGI,733572912,https://api.igi.org/viewpdf.php?r=733572912,https://workshop.360view.link/360viewer/360view.html?d=2609255-733572912
PDKP-2064,Fancy Colour,INTENSE YELLOW,RADIANT,4.33,3.00–4.99ct,VS1,,EX,EX,11.32 - 7.73 * 5.41,70.0,70.0,1.46,IGI,769664987,https://api.igi.org/viewpdf.php?r=769664987,https://workshop.360view.link/360viewer/360view.html?d=0702262-nem-1-558
PDKP-1442,Fancy Colour,VIVID YELLOW,RADIANT,4.17,3.00–4.99ct,VS2,,EX,EX,10.66 - 7.59 * 5.25,69.2,64.0,1.4,IGI,693518305,https://api.igi.org/viewpdf.php?r=693518305,https://workshop.360view.link/360viewer/360view.html?d=2204258-693518305
PDJP-1100,Fancy Colour,INTENSE YELLOW,RADIANT,3.74,3.00–4.99ct,VS1,,EX,EX,10.59 - 7.39 * 5.15,69.7,69.0,1.43,IGI,745520052,https://api.igi.org/viewpdf.php?r=745520052,https://workshop.360view.link/360viewer/360view.html?d=1410252-jp-1100-pr
PDKP-1446,Fancy Colour,INTENSE YELLOW,RADIANT,3.03,3.00–4.99ct,VS2,,EX,EX,9.44 - 6.70 * 4.84,72.2,61.0,1.41,IGI,696590516,https://api.igi.org/viewpdf.php?r=696590516,https://workshop.360view.link/360viewer/360view.html?d=2804255-696590516
PDKP-1380,Fancy Colour,INTENSE YELLOW,RADIANT,2.72,2.00–2.99ct,VS1,,EX,EX,9.33 - 6.48 * 4.54,68.7,61.0,1.44,IGI,710543620,https://api.igi.org/viewpdf.php?r=710543620,https://workshop.360view.link/360viewer/360view.html?d=2106255-710543620
PDPV-229,Fancy Colour,FANCY YELLOW,ROUND,0.9,Under 1ct,VS1,EX,EX,EX,6.18 - 6.20 * 3.74,60.4,61.0,1.0,IGI,817665894,https://api.igi.org/viewpdf.php?r=817665894,https://workshop.360view.link/360viewer/360view.html?d=0708268-PV-229
PDKP-2054,Fancy Colour,F,CUSHION,10.24,10ct+,VVS1,,EX,EX,15.46 - 11.10 * 7.34,66.1,64.0,1.39,IGI,763603601,https://api.igi.org/viewpdf.php?r=763603601,
PDJP-1100-2,Fancy Colour,M,CUSHION,1.05,1.00–1.99ct,VVS2,,EX,EX,6.51 - 5.24 * 3.57,68.1,60.0,1.24,IGI,746509876,https://api.igi.org/viewpdf.php?r=746509876,https://workshop.360view.link/360viewer/360view.html?d=1610257-JP-1100-2
PDKP-1842,Fancy Colour,D,EMERALD,1.97,1.00–1.99ct,VS1,,EX,EX,8.46 - 5.80 * 3.92,67.6,63.0,1.46,IGI,671484601,https://api.igi.org/viewpdf.php?r=671484601,
PDKP-1844,Fancy Colour,F,EMERALD,1.89,1.00–1.99ct,VS1,,EX,EX,8.21 - 5.56 * 3.95,71.0,62.0,1.48,IGI,675534904,https://api.igi.org/viewpdf.php?r=675534904,https://workshop.360view.link/360viewer/360view.html?d=1002253-675534904
PDKP-1839,Fancy Colour,E,EMERALD,1.83,1.00–1.99ct,VS1,,EX,EX,8.21 - 5.58 * 4.04,72.4,62.0,1.47,IGI,678530396,https://api.igi.org/viewpdf.php?r=678530396,
PDKP-1847,Fancy Colour,E,EMERALD,1.8,1.00–1.99ct,VS2,,EX,VG,8.20 - 5.62 * 3.80,68.1,64.0,1.46,IGI,679513452,https://api.igi.org/viewpdf.php?r=679513452,
PDKP-1840,Fancy Colour,F,EMERALD,1.65,1.00–1.99ct,VS2,,EX,EX,7.54 - 5.59 * 3.83,68.5,61.0,1.35,IGI,678530395,https://api.igi.org/viewpdf.php?r=678530395,
PDKP-1608,Fancy Colour,D,EMERALD,0.99,Under 1ct,VVS2,,EX,EX,6.61 - 4.67 * 3.37,72.2,54.0,1.42,IGI,584378942,https://api.igi.org/viewpdf.php?r=584378942,
PDKP-1619,Fancy Colour,E,EMERALD,1.0,1.00–1.99ct,SI1,,EX,EX,6.68 - 4.68 * 3.21,68.6,62.0,1.43,IGI,652456730,https://api.igi.org/viewpdf.php?r=652456730,
PDKP-1620,Fancy Colour,D,EMERALD,0.97,Under 1ct,VVS2,,VG,VG,6.74 - 4.69 * 3.12,66.5,64.0,1.44,IGI,660487486,https://api.igi.org/viewpdf.php?r=660487486,
PDKP-1629,Fancy Colour,D,HEXAGONAL,0.92,Under 1ct,VVS2,,EX,EX,6.66 - 5.56 * 3.29,59.2,75.0,1.2,IGI,626419942,https://api.igi.org/viewpdf.php?r=626419942,https://workshop.360view.link/360viewer/360view.html?d=0304243-ED-749
PDKP-1630,Fancy Colour,D,HEXAGONAL,0.68,Under 1ct,VS1,,VG,VG,6.02 - 5.29 * 2.95,55.8,62.0,1.14,IGI,641492719,https://api.igi.org/viewpdf.php?r=641492719,https://workshop.360view.link/360viewer/360view.html?d=1207246-ED-901
PDKP-1640,Fancy Colour,E,MARQUISE,0.7,Under 1ct,VVS1,,VG,VG,9.36 - 4.67 * 2.73,58.5,61.0,2.0,IGI,660487503,https://api.igi.org/viewpdf.php?r=660487503,
PDKP-1641,Fancy Colour,E,MARQUISE,0.7,Under 1ct,VVS1,,VG,VG,8.98 - 4.69 * 2.81,59.9,57.0,1.91,IGI,660487493,https://api.igi.org/viewpdf.php?r=660487493,
PDKP-1642,Fancy Colour,D,MARQUISE,0.6,Under 1ct,VVS1,,VG,VG,8.43 - 4.49 * 2.77,61.7,66.0,1.88,IGI,652456706,https://api.igi.org/viewpdf.php?r=652456706,
PDKP-2055,Fancy Colour,G,OVAL,10.21,10ct+,VVS1,,EX,EX,17.75 - 12.41 * 7.47,60.2,63.0,1.43,IGI,766662443,https://api.igi.org/viewpdf.php?r=766662443,
PDKP-1660,Fancy Colour,F,OVAL,1.67,1.00–1.99ct,VVS2,,EX,EX,9.67 - 6.81 * 4.10,60.2,60.0,1.42,IGI,655449241,https://api.igi.org/viewpdf.php?r=655449241,
PDKP-1851,Fancy Colour,E,OVAL,1.42,1.00–1.99ct,VVS1,,EX,EX,9.20 - 6.27 * 3.90,62.7,55.0,1.47,IGI,685582257,https://api.igi.org/viewpdf.php?r=685582257,
PDKP-1682,Fancy Colour,D,OVAL,1.09,1.00–1.99ct,VVS1,,EX,VG,8.50 - 5.85 * 3.53,60.3,59.0,1.45,IGI,652422672,https://api.igi.org/viewpdf.php?r=652422672,
PDKP-1690,Fancy Colour,E,OVAL,1.04,1.00–1.99ct,IF,,EX,VG,8.35 - 5.75 * 3.37,58.6,59.0,1.45,IGI,660487463,https://api.igi.org/viewpdf.php?r=660487463,
PDKP-1691,Fancy Colour,F,OVAL,1.03,1.00–1.99ct,VVS1,,EX,VG,8.47 - 5.78 * 3.36,58.1,63.0,1.47,IGI,660487427,https://api.igi.org/viewpdf.php?r=660487427,
PDKP-1705,Fancy Colour,F,OVAL,0.58,Under 1ct,VVS2,,VG,EX,6.88 - 4.69 * 2.80,59.7,65.0,1.47,IGI,660487526,https://api.igi.org/viewpdf.php?r=660487526,
PDKP-1717,Fancy Colour,F,OVAL,0.52,Under 1ct,VVS2,,VG,GD,6.36 - 4.54 * 2.72,59.9,63.0,1.4,IGI,641492758,https://api.igi.org/viewpdf.php?r=641492758,https://workshop.360view.link/360viewer/360view.html?d=1007243-ED-919
PDKP-1360-W,Fancy Colour,E,PEAR,11.03,10ct+,VS1,,EX,EX,20.44 - 11.89 * 6.93,58.3,63.0,1.72,IGI,722527479,https://api.igi.org/viewpdf.php?r=722527479,https://workshop.360view.link/360viewer/360view.html?d=2307257-PDKP-1360
PDKP-1741,Fancy Colour,E,PEAR,0.97,Under 1ct,IF,,EX,VG,8.67 - 5.57 * 3.37,60.5,63.0,1.56,IGI,655449227,https://api.igi.org/viewpdf.php?r=655449227,
PDKP-1742,Fancy Colour,D,PEAR,0.97,Under 1ct,IF,,EX,EX,8.76 - 5.44 * 3.44,63.2,59.0,1.61,IGI,655449224,https://api.igi.org/viewpdf.php?r=655449224,
PDKP-1743,Fancy Colour,D,PEAR,0.95,Under 1ct,VVS1,,VG,VG,8.32 - 5.42 * 3.49,64.4,59.0,1.54,IGI,660487488,https://api.igi.org/viewpdf.php?r=660487488,
PDKP-1751,Fancy Colour,E,PEAR,0.73,Under 1ct,VVS1,,VG,GD,8.03 - 5.21 * 2.96,56.8,58.0,1.54,IGI,660487482,https://api.igi.org/viewpdf.php?r=660487482,
PDKP-1754,Fancy Colour,E,PEAR,0.7,Under 1ct,VVS1,,VG,VG,7.63 - 4.95 * 3.08,62.2,56.0,1.54,IGI,660487481,https://api.igi.org/viewpdf.php?r=660487481,
PDKP-1755,Fancy Colour,E,PEAR,0.68,Under 1ct,VVS2,,VG,EX,8.07 - 4.86 * 2.94,60.5,66.0,1.66,IGI,660487509,https://api.igi.org/viewpdf.php?r=660487509,
PDKP-1756,Fancy Colour,D,PEAR,0.58,Under 1ct,VS1,,EX,VG,7.04 - 4.74 * 2.85,60.1,62.0,1.49,IGI,652456708,https://api.igi.org/viewpdf.php?r=652456708,
PDKP-1772,Fancy Colour,D,PEAR,0.49,Under 1ct,VS1,,VG,VG,7.16 - 4.46 * 2.62,58.7,61.0,1.61,IGI,652456725,https://api.igi.org/viewpdf.php?r=652456725,
PDKP-1773,Fancy Colour,D,PEAR,0.49,Under 1ct,VVS2,,EX,VG,6.50 - 4.30 * 2.92,67.9,58.0,1.51,IGI,652456697,https://api.igi.org/viewpdf.php?r=652456697,
PDKP-1605,Fancy Colour,F,RADIANT,1.04,1.00–1.99ct,VS2,,VG,GD,7.08 - 5.07 * 3.20,63.1,64.0,1.4,IGI,660487432,https://api.igi.org/viewpdf.php?r=660487432,
PDKP-2307,Fancy Colour,F,ROSE CUT,15.69,10ct+,VS1,,VG,GD,22.41 - 17.88 * 4.20,0.0,0.0,1.25,IGI,808634336,https://api.igi.org/viewpdf.php?r=808634336,https://workshop.360view.link/360viewer/360view.html?d=0605262-PDKP-2307
PDKP-2305,Fancy Colour,F,ROSE CUT,15.48,10ct+,VS1,,VG,VG,22.20 - 17.40 * 4.47,0.0,0.0,1.28,IGI,808634337,https://api.igi.org/viewpdf.php?r=808634337,https://workshop.360view.link/360viewer/360view.html?d=0605268-PDKP-2305
PDKP-2308,Fancy Colour,F,ROSE CUT,12.03,10ct+,VS2,,VG,VG,17.88 - 17.95 * 3.82,0.0,0.0,1.0,IGI,808634333,https://api.igi.org/viewpdf.php?r=808634333,https://workshop.360view.link/360viewer/360view.html?d=0605265-PDKP-2308
PDKP-2311,Fancy Colour,F,ROSE CUT,11.99,10ct+,VS1,,VG,VG,17.66 - 17.69 * 3.87,0.0,0.0,1.0,IGI,808634335,https://api.igi.org/viewpdf.php?r=808634335,https://workshop.360view.link/360viewer/360view.html?d=0605268-PDKP-2311
PDK-41,Fancy Colour,D,ROUND,3.6,3.00–4.99ct,IF,ID,EX,EX,9.67 - 9.75 * 6.13,63.0,55.0,0.99,IGI,607314518,https://api.igi.org/viewpdf.php?r=607314518,https://workshop.360view.link/360viewer/360view.html?d=2204256-VRD-5-2
PDK-1357,Fancy Colour,G,ROUND,2.03,2.00–2.99ct,IF,EX,EX,EX,8.05 - 8.10 * 5.06,62.6,58.0,0.99,IGI,717526155,https://api.igi.org/viewpdf.php?r=717526155,
PDKP-2011,Fancy Colour,D,ROUND,1.51,1.00–1.99ct,SI1,EX,EX,EX,7.27 - 7.31 * 4.58,62.8,56.0,0.99,IGI,731538751,https://api.igi.org/viewpdf.php?r=731538751,https://workshop.360view.link/360viewer/360view.html?d=0505260-731538751
PDKP-2012,Fancy Colour,D,ROUND,1.51,1.00–1.99ct,SI1,EX,EX,EX,7.23 - 7.27 * 4.55,62.7,59.0,0.99,IGI,712532258,https://api.igi.org/viewpdf.php?r=712532258,https://workshop.360view.link/360viewer/360view.html?d=0505263-712532258
PD107,Fancy Colour,D,ROUND,1.07,1.00–1.99ct,IF,ID,EX,EX,6.51 - 6.56 * 4.03,61.6,56.0,0.99,IGI,560222592,https://api.igi.org/viewpdf.php?r=560222592,
