Title,Media URL,Pinterest board,Description,Link,Keywords
Aurel Oval East-West: Oval lab-grown diamond engagement ring,https://www.alvoradiamonds.com/assets/social/pieces/alv-r-0001.jpg,Oval engagement rings,"An oval lab-grown diamond turned on its side and held in a slim east-west setting. Centre stone 0.5 to 6 ct, VS1 clarity, Excellent polish and symmetry, lab-grown. Made to order in silver, 14K or 18K gold, or platinum.",https://www.alvoradiamonds.com/jewellery/aurel-oval-east-west?utm_source=pinterest&utm_medium=social&utm_campaign=p1-2026-10,"oval ring, lab grown diamond, engagement ring, east-west setting, made to order"
Vela Emerald Bezel: Emerald lab-grown diamond engagement ring,https://www.alvoradiamonds.com/assets/social/pieces/alv-r-0003.jpg,Emerald engagement rings,"An emerald lab-grown diamond wrapped in a clean, protective bezel of polished gold. Centre stone 0.5 to 6 ct, VS1 clarity, Excellent polish and symmetry, lab-grown. Made to order in silver, 14K or 18K gold, or platinum.",https://www.alvoradiamonds.com/jewellery/vela-emerald-bezel?utm_source=pinterest&utm_medium=social&utm_campaign=p1-2026-10,"emerald ring, lab grown diamond, engagement ring, bezel setting, made to order"
Orla Emerald Bezel: Emerald lab-grown diamond engagement ring,https://www.alvoradiamonds.com/assets/social/pieces/alv-r-0004.jpg,Emerald engagement rings,"An emerald lab-grown diamond wrapped in a clean, protective bezel of polished gold. Centre stone 0.5 to 6 ct, VS1 clarity, Excellent polish and symmetry, lab-grown. Made to order in silver, 14K or 18K gold, or platinum.",https://www.alvoradiamonds.com/jewellery/orla-emerald-bezel?utm_source=pinterest&utm_medium=social&utm_campaign=p1-2026-10,"emerald ring, lab grown diamond, engagement ring, bezel setting, made to order"
Ondine Oval Bezel: Oval lab-grown diamond engagement ring,https://www.alvoradiamonds.com/assets/social/pieces/alv-r-0005.jpg,Oval engagement rings,"An oval lab-grown diamond wrapped in a clean, protective bezel of polished gold. Centre stone 0.5 to 6 ct, VS1 clarity, Excellent polish and symmetry, lab-grown. Made to order in silver, 14K or 18K gold, or platinum.",https://www.alvoradiamonds.com/jewellery/ondine-oval-bezel?utm_source=pinterest&utm_medium=social&utm_campaign=p1-2026-10,"oval ring, lab grown diamond, engagement ring, bezel setting, made to order"
Aurel Pear East-West: Pear lab-grown diamond engagement ring,https://www.alvoradiamonds.com/assets/social/pieces/alv-r-0006.jpg,Pear engagement rings,"A pear lab-grown diamond turned on its side and held in a slim east-west setting. Centre stone 0.5 to 6 ct, VS1 clarity, Excellent polish and symmetry, lab-grown. Made to order in silver, 14K or 18K gold, or platinum.",https://www.alvoradiamonds.com/jewellery/aurel-pear-east-west?utm_source=pinterest&utm_medium=social&utm_campaign=p1-2026-10,"pear ring, lab grown diamond, engagement ring, east-west setting, made to order"
Selene Elongated Cushion Heritage: Elongated Cushion lab-grown diamond engagement ring,https://www.alvoradiamonds.com/assets/social/pieces/alv-r-0007.jpg,Elongated Cushion engagement rings,"An elongated cushion lab-grown diamond in a heritage setting with hand-finished detailing along the band. Centre stone 0.5 to 6 ct, VS1 clarity, Excellent polish and symmetry, lab-grown. Made to order in silver, 14K or 18K gold, or platinum.",https://www.alvoradiamonds.com/jewellery/selene-elongated-cushion-heritage?utm_source=pinterest&utm_medium=social&utm_campaign=p1-2026-10,"elongated cushion ring, lab grown diamond, engagement ring, heritage setting, made to order"
Selene Oval Heritage: Oval lab-grown diamond engagement ring,https://www.alvoradiamonds.com/assets/social/pieces/alv-r-0008.jpg,Oval engagement rings,"An oval lab-grown diamond in a heritage setting with hand-finished detailing along the band. Centre stone 0.5 to 6 ct, VS1 clarity, Excellent polish and symmetry, lab-grown. Made to order in silver, 14K or 18K gold, or platinum.",https://www.alvoradiamonds.com/jewellery/selene-oval-heritage?utm_source=pinterest&utm_medium=social&utm_campaign=p1-2026-10,"oval ring, lab grown diamond, engagement ring, heritage setting, made to order"
Cyra Round Studs: Round lab-grown diamond earrings,https://www.alvoradiamonds.com/assets/social/pieces/alv-e-0001.jpg,Diamond earrings,"A pair of round lab-grown diamonds in secure claw settings, matched stone for stone. Centre stone 0.5 to 6 ct, VS1 clarity, Excellent polish and symmetry, lab-grown. Made to order in silver, 14K or 18K gold, or platinum.",https://www.alvoradiamonds.com/jewellery/cyra-round-studs?utm_source=pinterest&utm_medium=social&utm_campaign=p1-2026-10,"round ring, lab grown diamond, earrings, studs setting, made to order"
Maelis Round Studs: Round lab-grown diamond earrings,https://www.alvoradiamonds.com/assets/social/pieces/alv-e-0002.jpg,Diamond earrings,"A pair of round lab-grown diamonds in secure claw settings, matched stone for stone. Centre stone 0.5 to 6 ct, VS1 clarity, Excellent polish and symmetry, lab-grown. Made to order in silver, 14K or 18K gold, or platinum.",https://www.alvoradiamonds.com/jewellery/maelis-round-studs?utm_source=pinterest&utm_medium=social&utm_campaign=p1-2026-10,"round ring, lab grown diamond, earrings, studs setting, made to order"
Nerida Elongated Cushion Bezel: Elongated Cushion lab-grown diamond engagement ring,https://www.alvoradiamonds.com/assets/social/pieces/alv-r-0010.jpg,Elongated Cushion engagement rings,"An elongated cushion lab-grown diamond wrapped in a clean, protective bezel of polished gold. Centre stone 0.5 to 6 ct, VS1 clarity, Excellent polish and symmetry, lab-grown. Made to order in silver, 14K or 18K gold, or platinum.",https://www.alvoradiamonds.com/jewellery/nerida-elongated-cushion-bezel?utm_source=pinterest&utm_medium=social&utm_campaign=p1-2026-10,"elongated cushion ring, lab grown diamond, engagement ring, bezel setting, made to order"
Ilse Emerald Bezel: Emerald lab-grown diamond engagement ring,https://www.alvoradiamonds.com/assets/social/pieces/alv-r-0011.jpg,Emerald engagement rings,"An emerald lab-grown diamond wrapped in a clean, protective bezel of polished gold. Centre stone 0.5 to 6 ct, VS1 clarity, Excellent polish and symmetry, lab-grown. Made to order in silver, 14K or 18K gold, or platinum.",https://www.alvoradiamonds.com/jewellery/ilse-emerald-bezel?utm_source=pinterest&utm_medium=social&utm_campaign=p1-2026-10,"emerald ring, lab grown diamond, engagement ring, bezel setting, made to order"
Elowen Emerald Pendant: Emerald lab-grown diamond pendant,https://www.alvoradiamonds.com/assets/social/pieces/alv-p-0001.jpg,Diamond pendants,"An emerald lab-grown diamond suspended on a fine gold chain in a clean, lifted setting. Centre stone 0.5 to 6 ct, VS1 clarity, Excellent polish and symmetry, lab-grown. Made to order in silver, 14K or 18K gold, or platinum.",https://www.alvoradiamonds.com/jewellery/elowen-emerald-pendant?utm_source=pinterest&utm_medium=social&utm_campaign=p1-2026-10,"emerald ring, lab grown diamond, pendant, pendant setting, made to order"
Ines Marquise Pendant: Marquise lab-grown diamond pendant,https://www.alvoradiamonds.com/assets/social/pieces/alv-p-0002.jpg,Diamond pendants,"A marquise lab-grown diamond suspended on a fine gold chain in a clean, lifted setting. Centre stone 0.5 to 6 ct, VS1 clarity, Excellent polish and symmetry, lab-grown. Made to order in silver, 14K or 18K gold, or platinum.",https://www.alvoradiamonds.com/jewellery/ines-marquise-pendant?utm_source=pinterest&utm_medium=social&utm_campaign=p1-2026-10,"marquise ring, lab grown diamond, pendant, pendant setting, made to order"
Sabine Elongated Cushion Heritage: Elongated Cushion lab-grown diamond engagement ring,https://www.alvoradiamonds.com/assets/social/pieces/alv-r-0013.jpg,Elongated Cushion engagement rings,"An elongated cushion lab-grown diamond in a heritage setting with hand-finished detailing along the band. Centre stone 0.5 to 6 ct, VS1 clarity, Excellent polish and symmetry, lab-grown. Made to order in silver, 14K or 18K gold, or platinum.",https://www.alvoradiamonds.com/jewellery/sabine-elongated-cushion-heritage?utm_source=pinterest&utm_medium=social&utm_campaign=p1-2026-10,"elongated cushion ring, lab grown diamond, engagement ring, heritage setting, made to order"
Celeste Green Oval Solitaire: Oval lab-grown diamond engagement ring,https://www.alvoradiamonds.com/assets/social/pieces/alv-r-0014.jpg,Coloured stone rings,"A single green oval lab-grown diamond, held high in a precise claw setting on a slender band. Centre stone 0.5 to 6 ct, VS1 clarity, Excellent polish and symmetry, lab-grown. Made to order in silver, 14K or 18K gold, or platinum.",https://www.alvoradiamonds.com/jewellery/celeste-green-oval-solitaire?utm_source=pinterest&utm_medium=social&utm_campaign=p1-2026-10,"oval ring, lab grown diamond, engagement ring, solitaire setting, made to order"
Noor Oval Solitaire: Oval lab-grown diamond engagement ring,https://www.alvoradiamonds.com/assets/social/pieces/alv-r-0016.jpg,Oval engagement rings,"A single oval lab-grown diamond, held high in a precise claw setting on a slender band. Centre stone 0.5 to 6 ct, VS1 clarity, Excellent polish and symmetry, lab-grown. Made to order in silver, 14K or 18K gold, or platinum.",https://www.alvoradiamonds.com/jewellery/noor-oval-solitaire?utm_source=pinterest&utm_medium=social&utm_campaign=p1-2026-10,"oval ring, lab grown diamond, engagement ring, solitaire setting, made to order"
Rhea Oval Solitaire: Oval lab-grown diamond engagement ring,https://www.alvoradiamonds.com/assets/social/pieces/alv-r-0017.jpg,Oval engagement rings,"A single oval lab-grown diamond, held high in a precise claw setting on a slender band. Centre stone 0.5 to 6 ct, VS1 clarity, Excellent polish and symmetry, lab-grown. Made to order in silver, 14K or 18K gold, or platinum.",https://www.alvoradiamonds.com/jewellery/rhea-oval-solitaire?utm_source=pinterest&utm_medium=social&utm_campaign=p1-2026-10,"oval ring, lab grown diamond, engagement ring, solitaire setting, made to order"
Thea Old Mine Heritage: Old Mine lab-grown diamond engagement ring,https://www.alvoradiamonds.com/assets/social/pieces/alv-r-0018.jpg,Old Mine engagement rings,"An old mine lab-grown diamond in a heritage setting with hand-finished detailing along the band. Centre stone 0.5 to 6 ct, VS1 clarity, Excellent polish and symmetry, lab-grown. Made to order in silver, 14K or 18K gold, or platinum.",https://www.alvoradiamonds.com/jewellery/thea-old-mine-heritage?utm_source=pinterest&utm_medium=social&utm_campaign=p1-2026-10,"old mine ring, lab grown diamond, engagement ring, heritage setting, made to order"
Vesna Oval Solitaire: Oval lab-grown diamond engagement ring,https://www.alvoradiamonds.com/assets/social/pieces/alv-r-0019.jpg,Oval engagement rings,"A single oval lab-grown diamond, held high in a precise claw setting on a slender band. Centre stone 0.5 to 6 ct, VS1 clarity, Excellent polish and symmetry, lab-grown. Made to order in silver, 14K or 18K gold, or platinum.",https://www.alvoradiamonds.com/jewellery/vesna-oval-solitaire?utm_source=pinterest&utm_medium=social&utm_campaign=p1-2026-10,"oval ring, lab grown diamond, engagement ring, solitaire setting, made to order"
Anouk Radiant East-West: Radiant lab-grown diamond engagement ring,https://www.alvoradiamonds.com/assets/social/pieces/alv-r-0022.jpg,Radiant engagement rings,"A radiant lab-grown diamond turned on its side and held in a slim east-west setting. Centre stone 0.5 to 6 ct, VS1 clarity, Excellent polish and symmetry, lab-grown. Made to order in silver, 14K or 18K gold, or platinum.",https://www.alvoradiamonds.com/jewellery/anouk-radiant-east-west?utm_source=pinterest&utm_medium=social&utm_campaign=p1-2026-10,"radiant ring, lab grown diamond, engagement ring, east-west setting, made to order"
Esra Oval Solitaire: Oval lab-grown diamond engagement ring,https://www.alvoradiamonds.com/assets/social/pieces/alv-r-0025.jpg,Oval engagement rings,"A single oval lab-grown diamond, held high in a precise claw setting on a slender band. Centre stone 0.5 to 6 ct, VS1 clarity, Excellent polish and symmetry, lab-grown. Made to order in silver, 14K or 18K gold, or platinum.",https://www.alvoradiamonds.com/jewellery/esra-oval-solitaire?utm_source=pinterest&utm_medium=social&utm_campaign=p1-2026-10,"oval ring, lab grown diamond, engagement ring, solitaire setting, made to order"
Faye Round Solitaire: Round lab-grown diamond engagement ring,https://www.alvoradiamonds.com/assets/social/pieces/alv-r-0026.jpg,Round engagement rings,"A single round lab-grown diamond, held high in a precise claw setting on a slender band. Centre stone 0.5 to 6 ct, VS1 clarity, Excellent polish and symmetry, lab-grown. Made to order in silver, 14K or 18K gold, or platinum.",https://www.alvoradiamonds.com/jewellery/faye-round-solitaire?utm_source=pinterest&utm_medium=social&utm_campaign=p1-2026-10,"round ring, lab grown diamond, engagement ring, solitaire setting, made to order"
Kaia Marquise Studs: Marquise lab-grown diamond earrings,https://www.alvoradiamonds.com/assets/social/pieces/alv-e-0003.jpg,Diamond earrings,"A pair of marquise lab-grown diamonds in secure claw settings, matched stone for stone. Centre stone 0.5 to 6 ct, VS1 clarity, Excellent polish and symmetry, lab-grown. Made to order in silver, 14K or 18K gold, or platinum.",https://www.alvoradiamonds.com/jewellery/kaia-marquise-studs?utm_source=pinterest&utm_medium=social&utm_campaign=p1-2026-10,"marquise ring, lab grown diamond, earrings, studs setting, made to order"
Jora Elongated Cushion Solitaire: Elongated Cushion lab-grown diamond engagement ring,https://www.alvoradiamonds.com/assets/social/pieces/alv-r-0030.jpg,Elongated Cushion engagement rings,"A single elongated cushion lab-grown diamond, held high in a precise claw setting on a slender band. Centre stone 0.5 to 6 ct, VS1 clarity, Excellent polish and symmetry, lab-grown. Made to order in silver, 14K or 18K gold, or platinum.",https://www.alvoradiamonds.com/jewellery/jora-elongated-cushion-solitaire?utm_source=pinterest&utm_medium=social&utm_campaign=p1-2026-10,"elongated cushion ring, lab grown diamond, engagement ring, solitaire setting, made to order"
Tove Round Studs: Round lab-grown diamond earrings,https://www.alvoradiamonds.com/assets/social/pieces/alv-e-0004.jpg,Diamond earrings,"A pair of round lab-grown diamonds in secure claw settings, matched stone for stone. Centre stone 0.5 to 6 ct, VS1 clarity, Excellent polish and symmetry, lab-grown. Made to order in silver, 14K or 18K gold, or platinum.",https://www.alvoradiamonds.com/jewellery/tove-round-studs?utm_source=pinterest&utm_medium=social&utm_campaign=p1-2026-10,"round ring, lab grown diamond, earrings, studs setting, made to order"
Xanthe Round Studs: Round lab-grown diamond earrings,https://www.alvoradiamonds.com/assets/social/pieces/alv-e-0005.jpg,Diamond earrings,"A pair of round lab-grown diamonds in secure claw settings, matched stone for stone. Centre stone 0.5 to 6 ct, VS1 clarity, Excellent polish and symmetry, lab-grown. Made to order in silver, 14K or 18K gold, or platinum.",https://www.alvoradiamonds.com/jewellery/xanthe-round-studs?utm_source=pinterest&utm_medium=social&utm_campaign=p1-2026-10,"round ring, lab grown diamond, earrings, studs setting, made to order"
Odile Cushion Pendant: Cushion lab-grown diamond pendant,https://www.alvoradiamonds.com/assets/social/pieces/alv-p-0003.jpg,Diamond pendants,"A cushion lab-grown diamond suspended on a fine gold chain in a clean, lifted setting. Centre stone 0.5 to 6 ct, VS1 clarity, Excellent polish and symmetry, lab-grown. Made to order in silver, 14K or 18K gold, or platinum.",https://www.alvoradiamonds.com/jewellery/odile-cushion-pendant?utm_source=pinterest&utm_medium=social&utm_campaign=p1-2026-10,"cushion ring, lab grown diamond, pendant, pendant setting, made to order"
Vivienne Princess Pendant: Princess lab-grown diamond pendant,https://www.alvoradiamonds.com/assets/social/pieces/alv-p-0005.jpg,Diamond pendants,"A princess lab-grown diamond suspended on a fine gold chain in a clean, lifted setting. Centre stone 0.5 to 6 ct, VS1 clarity, Excellent polish and symmetry, lab-grown. Made to order in silver, 14K or 18K gold, or platinum.",https://www.alvoradiamonds.com/jewellery/vivienne-princess-pendant?utm_source=pinterest&utm_medium=social&utm_campaign=p1-2026-10,"princess ring, lab grown diamond, pendant, pendant setting, made to order"
Amara Round Pendant: Round lab-grown diamond pendant,https://www.alvoradiamonds.com/assets/social/pieces/alv-p-0006.jpg,Diamond pendants,"A round lab-grown diamond suspended on a fine gold chain in a clean, lifted setting. Centre stone 0.5 to 6 ct, VS1 clarity, Excellent polish and symmetry, lab-grown. Made to order in silver, 14K or 18K gold, or platinum.",https://www.alvoradiamonds.com/jewellery/amara-round-pendant?utm_source=pinterest&utm_medium=social&utm_campaign=p1-2026-10,"round ring, lab grown diamond, pendant, pendant setting, made to order"
Coralie Pendant: lab-grown diamond pendant,https://www.alvoradiamonds.com/assets/social/pieces/alv-p-0007.jpg,Diamond pendants,"A lab-grown diamond suspended on a fine gold chain in a clean, lifted setting. Centre stone 0.5 to 6 ct, VS1 clarity, Excellent polish and symmetry, lab-grown. Made to order in silver, 14K or 18K gold, or platinum.",https://www.alvoradiamonds.com/jewellery/coralie-pendant?utm_source=pinterest&utm_medium=social&utm_campaign=p1-2026-10,"lab grown diamond, pendant, pendant setting, made to order"
Pia Emerald Solitaire: Emerald lab-grown diamond engagement ring,https://www.alvoradiamonds.com/assets/social/pieces/alv-r-0034.jpg,Emerald engagement rings,"A single emerald lab-grown diamond, held high in a precise claw setting on a slender band. Centre stone 0.5 to 6 ct, VS1 clarity, Excellent polish and symmetry, lab-grown. Made to order in silver, 14K or 18K gold, or platinum.",https://www.alvoradiamonds.com/jewellery/pia-emerald-solitaire?utm_source=pinterest&utm_medium=social&utm_campaign=p1-2026-10,"emerald ring, lab grown diamond, engagement ring, solitaire setting, made to order"
Romilly Old Mine Heritage: Old Mine lab-grown diamond engagement ring,https://www.alvoradiamonds.com/assets/social/pieces/alv-r-0035.jpg,Old Mine engagement rings,"An old mine lab-grown diamond in a heritage setting with hand-finished detailing along the band. Centre stone 0.5 to 6 ct, VS1 clarity, Excellent polish and symmetry, lab-grown. Made to order in silver, 14K or 18K gold, or platinum.",https://www.alvoradiamonds.com/jewellery/romilly-old-mine-heritage?utm_source=pinterest&utm_medium=social&utm_campaign=p1-2026-10,"old mine ring, lab grown diamond, engagement ring, heritage setting, made to order"
Saskia Champagne Oval Solitaire: Oval lab-grown diamond engagement ring,https://www.alvoradiamonds.com/assets/social/pieces/alv-r-0036.jpg,Coloured stone rings,"A single champagne oval lab-grown diamond, held high in a precise claw setting on a slender band. Centre stone 0.5 to 6 ct, VS1 clarity, Excellent polish and symmetry, lab-grown. Made to order in silver, 14K or 18K gold, or platinum.",https://www.alvoradiamonds.com/jewellery/saskia-champagne-oval-solitaire?utm_source=pinterest&utm_medium=social&utm_campaign=p1-2026-10,"oval ring, lab grown diamond, engagement ring, solitaire setting, made to order"
Beatrix Old Mine Heritage: Old Mine lab-grown diamond engagement ring,https://www.alvoradiamonds.com/assets/social/pieces/alv-r-0038.jpg,Old Mine engagement rings,"An old mine lab-grown diamond in a heritage setting with hand-finished detailing along the band. Centre stone 0.5 to 6 ct, VS1 clarity, Excellent polish and symmetry, lab-grown. Made to order in silver, 14K or 18K gold, or platinum.",https://www.alvoradiamonds.com/jewellery/beatrix-old-mine-heritage?utm_source=pinterest&utm_medium=social&utm_campaign=p1-2026-10,"old mine ring, lab grown diamond, engagement ring, heritage setting, made to order"
Honora Halo Pendant: lab-grown diamond pendant,https://www.alvoradiamonds.com/assets/social/pieces/alv-p-0008.jpg,Diamond pendants,"A lab-grown diamond suspended on a fine gold chain in a clean, lifted setting. Centre stone 0.5 to 6 ct, VS1 clarity, Excellent polish and symmetry, lab-grown. Made to order in silver, 14K or 18K gold, or platinum.",https://www.alvoradiamonds.com/jewellery/honora-halo-pendant?utm_source=pinterest&utm_medium=social&utm_campaign=p1-2026-10,"lab grown diamond, pendant, halo pendant setting, made to order"
Leonie Halo Pendant: lab-grown diamond pendant,https://www.alvoradiamonds.com/assets/social/pieces/alv-p-0009.jpg,Diamond pendants,"A lab-grown diamond suspended on a fine gold chain in a clean, lifted setting. Centre stone 0.5 to 6 ct, VS1 clarity, Excellent polish and symmetry, lab-grown. Made to order in silver, 14K or 18K gold, or platinum.",https://www.alvoradiamonds.com/jewellery/leonie-halo-pendant?utm_source=pinterest&utm_medium=social&utm_campaign=p1-2026-10,"lab grown diamond, pendant, halo pendant setting, made to order"
Nadia Round Pendant: Round lab-grown diamond pendant,https://www.alvoradiamonds.com/assets/social/pieces/alv-p-0010.jpg,Diamond pendants,"A round lab-grown diamond suspended on a fine gold chain in a clean, lifted setting. Centre stone 0.5 to 6 ct, VS1 clarity, Excellent polish and symmetry, lab-grown. Made to order in silver, 14K or 18K gold, or platinum.",https://www.alvoradiamonds.com/jewellery/nadia-round-pendant?utm_source=pinterest&utm_medium=social&utm_campaign=p1-2026-10,"round ring, lab grown diamond, pendant, pendant setting, made to order"
Elodie Marquise Solitaire: Marquise lab-grown diamond engagement ring,https://www.alvoradiamonds.com/assets/social/pieces/alv-r-0040.jpg,Marquise engagement rings,"A single marquise lab-grown diamond, held high in a precise claw setting on a slender band. Centre stone 0.5 to 6 ct, VS1 clarity, Excellent polish and symmetry, lab-grown. Made to order in silver, 14K or 18K gold, or platinum.",https://www.alvoradiamonds.com/jewellery/elodie-marquise-solitaire?utm_source=pinterest&utm_medium=social&utm_campaign=p1-2026-10,"marquise ring, lab grown diamond, engagement ring, solitaire setting, made to order"
Elodie Pear Solitaire: Pear lab-grown diamond engagement ring,https://www.alvoradiamonds.com/assets/social/pieces/alv-r-0041.jpg,Pear engagement rings,"A single pear lab-grown diamond, held high in a precise claw setting on a slender band. Centre stone 0.5 to 6 ct, VS1 clarity, Excellent polish and symmetry, lab-grown. Made to order in silver, 14K or 18K gold, or platinum.",https://www.alvoradiamonds.com/jewellery/elodie-pear-solitaire?utm_source=pinterest&utm_medium=social&utm_campaign=p1-2026-10,"pear ring, lab grown diamond, engagement ring, solitaire setting, made to order"
Fiora Oval Solitaire: Oval lab-grown diamond engagement ring,https://www.alvoradiamonds.com/assets/social/pieces/alv-r-0042.jpg,Oval engagement rings,"A single oval lab-grown diamond, held high in a precise claw setting on a slender band. Centre stone 0.5 to 6 ct, VS1 clarity, Excellent polish and symmetry, lab-grown. Made to order in silver, 14K or 18K gold, or platinum.",https://www.alvoradiamonds.com/jewellery/fiora-oval-solitaire?utm_source=pinterest&utm_medium=social&utm_campaign=p1-2026-10,"oval ring, lab grown diamond, engagement ring, solitaire setting, made to order"
Pia Oval Solitaire: Oval lab-grown diamond engagement ring,https://www.alvoradiamonds.com/assets/social/pieces/alv-r-0044.jpg,Oval engagement rings,"A single oval lab-grown diamond, held high in a precise claw setting on a slender band. Centre stone 0.5 to 6 ct, VS1 clarity, Excellent polish and symmetry, lab-grown. Made to order in silver, 14K or 18K gold, or platinum.",https://www.alvoradiamonds.com/jewellery/pia-oval-solitaire?utm_source=pinterest&utm_medium=social&utm_campaign=p1-2026-10,"oval ring, lab grown diamond, engagement ring, solitaire setting, made to order"
Marisol Oval Solitaire: Oval lab-grown diamond engagement ring,https://www.alvoradiamonds.com/assets/social/pieces/alv-r-0045.jpg,Oval engagement rings,"A single oval lab-grown diamond, held high in a precise claw setting on a slender band. Centre stone 0.5 to 6 ct, VS1 clarity, Excellent polish and symmetry, lab-grown. Made to order in silver, 14K or 18K gold, or platinum.",https://www.alvoradiamonds.com/jewellery/marisol-oval-solitaire?utm_source=pinterest&utm_medium=social&utm_campaign=p1-2026-10,"oval ring, lab grown diamond, engagement ring, solitaire setting, made to order"
Oriane Marquise East-West: Marquise lab-grown diamond engagement ring,https://www.alvoradiamonds.com/assets/social/pieces/alv-r-0046.jpg,Marquise engagement rings,"A marquise lab-grown diamond turned on its side and held in a slim east-west setting. Centre stone 0.5 to 6 ct, VS1 clarity, Excellent polish and symmetry, lab-grown. Made to order in silver, 14K or 18K gold, or platinum.",https://www.alvoradiamonds.com/jewellery/oriane-marquise-east-west?utm_source=pinterest&utm_medium=social&utm_campaign=p1-2026-10,"marquise ring, lab grown diamond, engagement ring, east-west setting, made to order"
Perrine Marquise Pendant: Marquise lab-grown diamond pendant,https://www.alvoradiamonds.com/assets/social/pieces/alv-p-0011.jpg,Diamond pendants,"A marquise lab-grown diamond suspended on a fine gold chain in a clean, lifted setting. Centre stone 0.5 to 6 ct, VS1 clarity, Excellent polish and symmetry, lab-grown. Made to order in silver, 14K or 18K gold, or platinum.",https://www.alvoradiamonds.com/jewellery/perrine-marquise-pendant?utm_source=pinterest&utm_medium=social&utm_campaign=p1-2026-10,"marquise ring, lab grown diamond, pendant, pendant setting, made to order"
Seren Marquise Studs: Marquise lab-grown diamond earrings,https://www.alvoradiamonds.com/assets/social/pieces/alv-e-0006.jpg,Diamond earrings,"A pair of marquise lab-grown diamonds in secure claw settings, matched stone for stone. Centre stone 0.5 to 6 ct, VS1 clarity, Excellent polish and symmetry, lab-grown. Made to order in silver, 14K or 18K gold, or platinum.",https://www.alvoradiamonds.com/jewellery/seren-marquise-studs?utm_source=pinterest&utm_medium=social&utm_campaign=p1-2026-10,"marquise ring, lab grown diamond, earrings, studs setting, made to order"
Ada Oval Studs: Oval lab-grown diamond earrings,https://www.alvoradiamonds.com/assets/social/pieces/alv-e-0007.jpg,Diamond earrings,"A pair of oval lab-grown diamonds in secure claw settings, matched stone for stone. Centre stone 0.5 to 6 ct, VS1 clarity, Excellent polish and symmetry, lab-grown. Made to order in silver, 14K or 18K gold, or platinum.",https://www.alvoradiamonds.com/jewellery/ada-oval-studs?utm_source=pinterest&utm_medium=social&utm_campaign=p1-2026-10,"oval ring, lab grown diamond, earrings, studs setting, made to order"
Blythe Oval Pendant: Oval lab-grown diamond pendant,https://www.alvoradiamonds.com/assets/social/pieces/alv-p-0012.jpg,Diamond pendants,"An oval lab-grown diamond suspended on a fine gold chain in a clean, lifted setting. Centre stone 0.5 to 6 ct, VS1 clarity, Excellent polish and symmetry, lab-grown. Made to order in silver, 14K or 18K gold, or platinum.",https://www.alvoradiamonds.com/jewellery/blythe-oval-pendant?utm_source=pinterest&utm_medium=social&utm_campaign=p1-2026-10,"oval ring, lab grown diamond, pendant, pendant setting, made to order"
Clio Radiant Pendant: Radiant lab-grown diamond pendant,https://www.alvoradiamonds.com/assets/social/pieces/alv-p-0013.jpg,Diamond pendants,"A radiant lab-grown diamond suspended on a fine gold chain in a clean, lifted setting. Centre stone 0.5 to 6 ct, VS1 clarity, Excellent polish and symmetry, lab-grown. Made to order in silver, 14K or 18K gold, or platinum.",https://www.alvoradiamonds.com/jewellery/clio-radiant-pendant?utm_source=pinterest&utm_medium=social&utm_campaign=p1-2026-10,"radiant ring, lab grown diamond, pendant, pendant setting, made to order"
Tamsin Champagne Emerald Solitaire: Emerald lab-grown diamond engagement ring,https://www.alvoradiamonds.com/assets/social/pieces/alv-r-0047.jpg,Coloured stone rings,"A single champagne emerald lab-grown diamond, held high in a precise claw setting on a slender band. Centre stone 0.5 to 6 ct, VS1 clarity, Excellent polish and symmetry, lab-grown. Made to order in silver, 14K or 18K gold, or platinum.",https://www.alvoradiamonds.com/jewellery/tamsin-champagne-emerald-solitaire?utm_source=pinterest&utm_medium=social&utm_campaign=p1-2026-10,"emerald ring, lab grown diamond, engagement ring, solitaire setting, made to order"
Ulla Elongated Cushion Solitaire: Elongated Cushion lab-grown diamond engagement ring,https://www.alvoradiamonds.com/assets/social/pieces/alv-r-0048.jpg,Elongated Cushion engagement rings,"A single elongated cushion lab-grown diamond, held high in a precise claw setting on a slender band. Centre stone 0.5 to 6 ct, VS1 clarity, Excellent polish and symmetry, lab-grown. Made to order in silver, 14K or 18K gold, or platinum.",https://www.alvoradiamonds.com/jewellery/ulla-elongated-cushion-solitaire?utm_source=pinterest&utm_medium=social&utm_campaign=p1-2026-10,"elongated cushion ring, lab grown diamond, engagement ring, solitaire setting, made to order"
Idony Cushion Solitaire: Cushion lab-grown diamond engagement ring,https://www.alvoradiamonds.com/assets/social/pieces/alv-r-0141.jpg,Cushion engagement rings,"A single cushion lab-grown diamond, held high in a precise claw setting on a slender band. Centre stone 0.5 to 6 ct, VS1 clarity, Excellent polish and symmetry, lab-grown. Made to order in silver, 14K or 18K gold, or platinum.",https://www.alvoradiamonds.com/jewellery/idony-cushion-solitaire?utm_source=pinterest&utm_medium=social&utm_campaign=p1-2026-10,"cushion ring, lab grown diamond, engagement ring, solitaire setting, made to order"
Jolie Cushion Solitaire: Cushion lab-grown diamond engagement ring,https://www.alvoradiamonds.com/assets/social/pieces/alv-r-0142.jpg,Cushion engagement rings,"A single cushion lab-grown diamond, held high in a precise claw setting on a slender band. Centre stone 0.5 to 6 ct, VS1 clarity, Excellent polish and symmetry, lab-grown. Made to order in silver, 14K or 18K gold, or platinum.",https://www.alvoradiamonds.com/jewellery/jolie-cushion-solitaire?utm_source=pinterest&utm_medium=social&utm_campaign=p1-2026-10,"cushion ring, lab grown diamond, engagement ring, solitaire setting, made to order"
Linnea Champagne Radiant Solitaire: Radiant lab-grown diamond engagement ring,https://www.alvoradiamonds.com/assets/social/pieces/alv-r-0143.jpg,Coloured stone rings,"A single champagne radiant lab-grown diamond, held high in a precise claw setting on a slender band. Centre stone 0.5 to 6 ct, VS1 clarity, Excellent polish and symmetry, lab-grown. Made to order in silver, 14K or 18K gold, or platinum.",https://www.alvoradiamonds.com/jewellery/linnea-champagne-radiant-solitaire?utm_source=pinterest&utm_medium=social&utm_campaign=p1-2026-10,"radiant ring, lab grown diamond, engagement ring, solitaire setting, made to order"
Kerensa Emerald Solitaire: Emerald lab-grown diamond engagement ring,https://www.alvoradiamonds.com/assets/social/pieces/alv-r-0144.jpg,Emerald engagement rings,"A single emerald lab-grown diamond, held high in a precise claw setting on a slender band. Centre stone 0.5 to 6 ct, VS1 clarity, Excellent polish and symmetry, lab-grown. Made to order in silver, 14K or 18K gold, or platinum.",https://www.alvoradiamonds.com/jewellery/kerensa-emerald-solitaire?utm_source=pinterest&utm_medium=social&utm_campaign=p1-2026-10,"emerald ring, lab grown diamond, engagement ring, solitaire setting, made to order"
Lorelle Cushion Heritage: Cushion lab-grown diamond engagement ring,https://www.alvoradiamonds.com/assets/social/pieces/alv-r-0145.jpg,Cushion engagement rings,"A cushion lab-grown diamond in a heritage setting with hand-finished detailing along the band. Centre stone 0.5 to 6 ct, VS1 clarity, Excellent polish and symmetry, lab-grown. Made to order in silver, 14K or 18K gold, or platinum.",https://www.alvoradiamonds.com/jewellery/lorelle-cushion-heritage?utm_source=pinterest&utm_medium=social&utm_campaign=p1-2026-10,"cushion ring, lab grown diamond, engagement ring, heritage setting, made to order"
Minerva Heritage: Moval lab-grown diamond engagement ring,https://www.alvoradiamonds.com/assets/social/pieces/alv-r-0146.jpg,Moval engagement rings,"A lab-grown diamond in a heritage setting with hand-finished detailing along the band. Centre stone 0.5 to 6 ct, VS1 clarity, Excellent polish and symmetry, lab-grown. Made to order in silver, 14K or 18K gold, or platinum.",https://www.alvoradiamonds.com/jewellery/minerva-heritage?utm_source=pinterest&utm_medium=social&utm_campaign=p1-2026-10,"moval ring, lab grown diamond, engagement ring, heritage setting, made to order"
Nyssa Heritage: Moval lab-grown diamond engagement ring,https://www.alvoradiamonds.com/assets/social/pieces/alv-r-0147.jpg,Moval engagement rings,"A lab-grown diamond in a heritage setting with hand-finished detailing along the band. Centre stone 0.5 to 6 ct, VS1 clarity, Excellent polish and symmetry, lab-grown. Made to order in silver, 14K or 18K gold, or platinum.",https://www.alvoradiamonds.com/jewellery/nyssa-heritage?utm_source=pinterest&utm_medium=social&utm_campaign=p1-2026-10,"moval ring, lab grown diamond, engagement ring, heritage setting, made to order"
Orabel Pear Heritage: Pear lab-grown diamond engagement ring,https://www.alvoradiamonds.com/assets/social/pieces/alv-r-0148.jpg,Pear engagement rings,"A pear lab-grown diamond in a heritage setting with hand-finished detailing along the band. Centre stone 0.5 to 6 ct, VS1 clarity, Excellent polish and symmetry, lab-grown. Made to order in silver, 14K or 18K gold, or platinum.",https://www.alvoradiamonds.com/jewellery/orabel-pear-heritage?utm_source=pinterest&utm_medium=social&utm_campaign=p1-2026-10,"pear ring, lab grown diamond, engagement ring, heritage setting, made to order"
Pernille Toi et Moi: lab-grown diamond engagement ring,https://www.alvoradiamonds.com/assets/social/pieces/alv-r-0149.jpg,Lab-grown engagement rings,"Two stones set side by side: a lab-grown diamond paired with a companion cut, each held in its own claws. Centre stone 0.5 to 6 ct, VS1 clarity, Excellent polish and symmetry, lab-grown. Made to order in silver, 14K or 18K gold, or platinum.",https://www.alvoradiamonds.com/jewellery/pernille-toi-et-moi?utm_source=pinterest&utm_medium=social&utm_campaign=p1-2026-10,"lab grown diamond, engagement ring, toi et moi setting, made to order"
Quenby Heritage: Moval lab-grown diamond engagement ring,https://www.alvoradiamonds.com/assets/social/pieces/alv-r-0150.jpg,Moval engagement rings,"A lab-grown diamond in a heritage setting with hand-finished detailing along the band. Centre stone 0.5 to 6 ct, VS1 clarity, Excellent polish and symmetry, lab-grown. Made to order in silver, 14K or 18K gold, or platinum.",https://www.alvoradiamonds.com/jewellery/quenby-heritage?utm_source=pinterest&utm_medium=social&utm_campaign=p1-2026-10,"moval ring, lab grown diamond, engagement ring, heritage setting, made to order"
Philippa Emerald Solitaire: Emerald lab-grown diamond engagement ring,https://www.alvoradiamonds.com/assets/social/pieces/alv-r-0151.jpg,Emerald engagement rings,"A single emerald lab-grown diamond, held high in a precise claw setting on a slender band. Centre stone 0.5 to 6 ct, VS1 clarity, Excellent polish and symmetry, lab-grown. Made to order in silver, 14K or 18K gold, or platinum.",https://www.alvoradiamonds.com/jewellery/philippa-emerald-solitaire?utm_source=pinterest&utm_medium=social&utm_campaign=p1-2026-10,"emerald ring, lab grown diamond, engagement ring, solitaire setting, made to order"
Rosel Five Stone: lab-grown diamond engagement ring,https://www.alvoradiamonds.com/assets/social/pieces/alv-r-0152.jpg,Lab-grown engagement rings,"A lab-grown diamond flanked by four graduated stones, set low across the finger. Centre stone 0.5 to 6 ct, VS1 clarity, Excellent polish and symmetry, lab-grown. Made to order in silver, 14K or 18K gold, or platinum.",https://www.alvoradiamonds.com/jewellery/rosel-five-stone?utm_source=pinterest&utm_medium=social&utm_campaign=p1-2026-10,"lab grown diamond, engagement ring, five stone setting, made to order"
Sorrel Oval Solitaire: Oval lab-grown diamond engagement ring,https://www.alvoradiamonds.com/assets/social/pieces/alv-r-0153.jpg,Oval engagement rings,"A single oval lab-grown diamond, held high in a precise claw setting on a slender band. Centre stone 0.5 to 6 ct, VS1 clarity, Excellent polish and symmetry, lab-grown. Made to order in silver, 14K or 18K gold, or platinum.",https://www.alvoradiamonds.com/jewellery/sorrel-oval-solitaire?utm_source=pinterest&utm_medium=social&utm_campaign=p1-2026-10,"oval ring, lab grown diamond, engagement ring, solitaire setting, made to order"
Tamara Blue Solitaire: lab-grown diamond engagement ring,https://www.alvoradiamonds.com/assets/social/pieces/alv-r-0154.jpg,Coloured stone rings,"A single blue lab-grown diamond, held high in a precise claw setting on a slender band. Centre stone 0.5 to 6 ct, VS1 clarity, Excellent polish and symmetry, lab-grown. Made to order in silver, 14K or 18K gold, or platinum.",https://www.alvoradiamonds.com/jewellery/tamara-blue-solitaire?utm_source=pinterest&utm_medium=social&utm_campaign=p1-2026-10,"lab grown diamond, engagement ring, solitaire setting, made to order"
Undine Cushion Solitaire: Cushion lab-grown diamond engagement ring,https://www.alvoradiamonds.com/assets/social/pieces/alv-r-0155.jpg,Cushion engagement rings,"A single cushion lab-grown diamond, held high in a precise claw setting on a slender band. Centre stone 0.5 to 6 ct, VS1 clarity, Excellent polish and symmetry, lab-grown. Made to order in silver, 14K or 18K gold, or platinum.",https://www.alvoradiamonds.com/jewellery/undine-cushion-solitaire?utm_source=pinterest&utm_medium=social&utm_campaign=p1-2026-10,"cushion ring, lab grown diamond, engagement ring, solitaire setting, made to order"
Verena Solitaire: Moval lab-grown diamond engagement ring,https://www.alvoradiamonds.com/assets/social/pieces/alv-r-0156.jpg,Moval engagement rings,"A single lab-grown diamond, held high in a precise claw setting on a slender band. Centre stone 0.5 to 6 ct, VS1 clarity, Excellent polish and symmetry, lab-grown. Made to order in silver, 14K or 18K gold, or platinum.",https://www.alvoradiamonds.com/jewellery/verena-solitaire?utm_source=pinterest&utm_medium=social&utm_campaign=p1-2026-10,"moval ring, lab grown diamond, engagement ring, solitaire setting, made to order"
Verena Pear Solitaire: Pear lab-grown diamond engagement ring,https://www.alvoradiamonds.com/assets/social/pieces/alv-r-0157.jpg,Pear engagement rings,"A single pear lab-grown diamond, held high in a precise claw setting on a slender band. Centre stone 0.5 to 6 ct, VS1 clarity, Excellent polish and symmetry, lab-grown. Made to order in silver, 14K or 18K gold, or platinum.",https://www.alvoradiamonds.com/jewellery/verena-pear-solitaire?utm_source=pinterest&utm_medium=social&utm_campaign=p1-2026-10,"pear ring, lab grown diamond, engagement ring, solitaire setting, made to order"
Willa Emerald Solitaire: Emerald lab-grown diamond engagement ring,https://www.alvoradiamonds.com/assets/social/pieces/alv-r-0158.jpg,Emerald engagement rings,"A single emerald lab-grown diamond, held high in a precise claw setting on a slender band. Centre stone 0.5 to 6 ct, VS1 clarity, Excellent polish and symmetry, lab-grown. Made to order in silver, 14K or 18K gold, or platinum.",https://www.alvoradiamonds.com/jewellery/willa-emerald-solitaire?utm_source=pinterest&utm_medium=social&utm_campaign=p1-2026-10,"emerald ring, lab grown diamond, engagement ring, solitaire setting, made to order"
Willa Cushion Solitaire: Cushion lab-grown diamond engagement ring,https://www.alvoradiamonds.com/assets/social/pieces/alv-r-0159.jpg,Cushion engagement rings,"A single cushion lab-grown diamond, held high in a precise claw setting on a slender band. Centre stone 0.5 to 6 ct, VS1 clarity, Excellent polish and symmetry, lab-grown. Made to order in silver, 14K or 18K gold, or platinum.",https://www.alvoradiamonds.com/jewellery/willa-cushion-solitaire?utm_source=pinterest&utm_medium=social&utm_campaign=p1-2026-10,"cushion ring, lab grown diamond, engagement ring, solitaire setting, made to order"
Yseult Marquise Solitaire: Marquise lab-grown diamond engagement ring,https://www.alvoradiamonds.com/assets/social/pieces/alv-r-0160.jpg,Marquise engagement rings,"A single marquise lab-grown diamond, held high in a precise claw setting on a slender band. Centre stone 0.5 to 6 ct, VS1 clarity, Excellent polish and symmetry, lab-grown. Made to order in silver, 14K or 18K gold, or platinum.",https://www.alvoradiamonds.com/jewellery/yseult-marquise-solitaire?utm_source=pinterest&utm_medium=social&utm_campaign=p1-2026-10,"marquise ring, lab grown diamond, engagement ring, solitaire setting, made to order"
Galia Marquise Bezel: Marquise lab-grown diamond engagement ring,https://www.alvoradiamonds.com/assets/social/pieces/alv-r-0161.jpg,Marquise engagement rings,"A marquise lab-grown diamond wrapped in a clean, protective bezel of polished gold. Centre stone 0.5 to 6 ct, VS1 clarity, Excellent polish and symmetry, lab-grown. Made to order in silver, 14K or 18K gold, or platinum.",https://www.alvoradiamonds.com/jewellery/galia-marquise-bezel?utm_source=pinterest&utm_medium=social&utm_campaign=p1-2026-10,"marquise ring, lab grown diamond, engagement ring, bezel setting, made to order"
Zenobia Five Stone: lab-grown diamond engagement ring,https://www.alvoradiamonds.com/assets/social/pieces/alv-r-0162.jpg,Lab-grown engagement rings,"A lab-grown diamond flanked by four graduated stones, set low across the finger. Centre stone 0.5 to 6 ct, VS1 clarity, Excellent polish and symmetry, lab-grown. Made to order in silver, 14K or 18K gold, or platinum.",https://www.alvoradiamonds.com/jewellery/zenobia-five-stone?utm_source=pinterest&utm_medium=social&utm_campaign=p1-2026-10,"lab grown diamond, engagement ring, five stone setting, made to order"
Adrienne Champagne Oval Solitaire: Oval lab-grown diamond engagement ring,https://www.alvoradiamonds.com/assets/social/pieces/alv-r-0163.jpg,Coloured stone rings,"A single champagne oval lab-grown diamond, held high in a precise claw setting on a slender band. Centre stone 0.5 to 6 ct, VS1 clarity, Excellent polish and symmetry, lab-grown. Made to order in silver, 14K or 18K gold, or platinum.",https://www.alvoradiamonds.com/jewellery/adrienne-champagne-oval-solitaire?utm_source=pinterest&utm_medium=social&utm_campaign=p1-2026-10,"oval ring, lab grown diamond, engagement ring, solitaire setting, made to order"
Aisling Blue Three Stone: lab-grown diamond engagement ring,https://www.alvoradiamonds.com/assets/social/pieces/alv-r-0164.jpg,Coloured stone rings,"A blue lab-grown diamond framed by two side stones, matched for colour and cut. Centre stone 0.5 to 6 ct, VS1 clarity, Excellent polish and symmetry, lab-grown. Made to order in silver, 14K or 18K gold, or platinum.",https://www.alvoradiamonds.com/jewellery/aisling-blue-three-stone?utm_source=pinterest&utm_medium=social&utm_campaign=p1-2026-10,"lab grown diamond, engagement ring, three stone setting, made to order"
Philippa Champagne Solitaire: Old Euro lab-grown diamond engagement ring,https://www.alvoradiamonds.com/assets/social/pieces/alv-r-0165.jpg,Coloured stone rings,"A single champagne lab-grown diamond, held high in a precise claw setting on a slender band. Centre stone 0.5 to 6 ct, VS1 clarity, Excellent polish and symmetry, lab-grown. Made to order in silver, 14K or 18K gold, or platinum.",https://www.alvoradiamonds.com/jewellery/philippa-champagne-solitaire?utm_source=pinterest&utm_medium=social&utm_campaign=p1-2026-10,"old euro ring, lab grown diamond, engagement ring, solitaire setting, made to order"
Cosima Champagne Oval Solitaire: Oval lab-grown diamond engagement ring,https://www.alvoradiamonds.com/assets/social/pieces/alv-r-0166.jpg,Coloured stone rings,"A single champagne oval lab-grown diamond, held high in a precise claw setting on a slender band. Centre stone 0.5 to 6 ct, VS1 clarity, Excellent polish and symmetry, lab-grown. Made to order in silver, 14K or 18K gold, or platinum.",https://www.alvoradiamonds.com/jewellery/cosima-champagne-oval-solitaire?utm_source=pinterest&utm_medium=social&utm_campaign=p1-2026-10,"oval ring, lab grown diamond, engagement ring, solitaire setting, made to order"
Noor Champagne Oval Solitaire: Oval lab-grown diamond engagement ring,https://www.alvoradiamonds.com/assets/social/pieces/alv-r-0167.jpg,Coloured stone rings,"A single champagne oval lab-grown diamond, held high in a precise claw setting on a slender band. Centre stone 0.5 to 6 ct, VS1 clarity, Excellent polish and symmetry, lab-grown. Made to order in silver, 14K or 18K gold, or platinum.",https://www.alvoradiamonds.com/jewellery/noor-champagne-oval-solitaire?utm_source=pinterest&utm_medium=social&utm_campaign=p1-2026-10,"oval ring, lab grown diamond, engagement ring, solitaire setting, made to order"
Alethea Champagne Cushion Solitaire: Cushion lab-grown diamond engagement ring,https://www.alvoradiamonds.com/assets/social/pieces/alv-r-0168.jpg,Coloured stone rings,"A single champagne cushion lab-grown diamond, held high in a precise claw setting on a slender band. Centre stone 0.5 to 6 ct, VS1 clarity, Excellent polish and symmetry, lab-grown. Made to order in silver, 14K or 18K gold, or platinum.",https://www.alvoradiamonds.com/jewellery/alethea-champagne-cushion-solitaire?utm_source=pinterest&utm_medium=social&utm_campaign=p1-2026-10,"cushion ring, lab grown diamond, engagement ring, solitaire setting, made to order"
Alethea Champagne Elongated Cushion Solitaire: Elongated Cushion lab-grown diamond engagement ring,https://www.alvoradiamonds.com/assets/social/pieces/alv-r-0169.jpg,Coloured stone rings,"A single champagne elongated cushion lab-grown diamond, held high in a precise claw setting on a slender band. Centre stone 0.5 to 6 ct, VS1 clarity, Excellent polish and symmetry, lab-grown. Made to order in silver, 14K or 18K gold, or platinum.",https://www.alvoradiamonds.com/jewellery/alethea-champagne-elongated-cushion-solitaire?utm_source=pinterest&utm_medium=social&utm_campaign=p1-2026-10,"elongated cushion ring, lab grown diamond, engagement ring, solitaire setting, made to order"
Amabel Champagne Cushion Solitaire: Cushion lab-grown diamond engagement ring,https://www.alvoradiamonds.com/assets/social/pieces/alv-r-0170.jpg,Coloured stone rings,"A single champagne cushion lab-grown diamond, held high in a precise claw setting on a slender band. Centre stone 0.5 to 6 ct, VS1 clarity, Excellent polish and symmetry, lab-grown. Made to order in silver, 14K or 18K gold, or platinum.",https://www.alvoradiamonds.com/jewellery/amabel-champagne-cushion-solitaire?utm_source=pinterest&utm_medium=social&utm_campaign=p1-2026-10,"cushion ring, lab grown diamond, engagement ring, solitaire setting, made to order"
Jora Champagne Cushion Solitaire: Cushion lab-grown diamond engagement ring,https://www.alvoradiamonds.com/assets/social/pieces/alv-r-0171.jpg,Coloured stone rings,"A single champagne cushion lab-grown diamond, held high in a precise claw setting on a slender band. Centre stone 0.5 to 6 ct, VS1 clarity, Excellent polish and symmetry, lab-grown. Made to order in silver, 14K or 18K gold, or platinum.",https://www.alvoradiamonds.com/jewellery/jora-champagne-cushion-solitaire?utm_source=pinterest&utm_medium=social&utm_campaign=p1-2026-10,"cushion ring, lab grown diamond, engagement ring, solitaire setting, made to order"
Amandine Champagne Emerald Three Stone: Emerald lab-grown diamond engagement ring,https://www.alvoradiamonds.com/assets/social/pieces/alv-r-0172.jpg,Coloured stone rings,"A champagne emerald lab-grown diamond framed by two side stones, matched for colour and cut. Centre stone 0.5 to 6 ct, VS1 clarity, Excellent polish and symmetry, lab-grown. Made to order in silver, 14K or 18K gold, or platinum.",https://www.alvoradiamonds.com/jewellery/amandine-champagne-emerald-three-stone?utm_source=pinterest&utm_medium=social&utm_campaign=p1-2026-10,"emerald ring, lab grown diamond, engagement ring, three stone setting, made to order"
Aurore Champagne Emerald Three Stone: Emerald lab-grown diamond engagement ring,https://www.alvoradiamonds.com/assets/social/pieces/alv-r-0173.jpg,Coloured stone rings,"A champagne emerald lab-grown diamond framed by two side stones, matched for colour and cut. Centre stone 0.5 to 6 ct, VS1 clarity, Excellent polish and symmetry, lab-grown. Made to order in silver, 14K or 18K gold, or platinum.",https://www.alvoradiamonds.com/jewellery/aurore-champagne-emerald-three-stone?utm_source=pinterest&utm_medium=social&utm_campaign=p1-2026-10,"emerald ring, lab grown diamond, engagement ring, three stone setting, made to order"
Avriel Champagne Solitaire: lab-grown diamond engagement ring,https://www.alvoradiamonds.com/assets/social/pieces/alv-r-0174.jpg,Coloured stone rings,"A single champagne lab-grown diamond, held high in a precise claw setting on a slender band. Centre stone 0.5 to 6 ct, VS1 clarity, Excellent polish and symmetry, lab-grown. Made to order in silver, 14K or 18K gold, or platinum.",https://www.alvoradiamonds.com/jewellery/avriel-champagne-solitaire?utm_source=pinterest&utm_medium=social&utm_campaign=p1-2026-10,"lab grown diamond, engagement ring, solitaire setting, made to order"
Belen Champagne Solitaire: Moval lab-grown diamond engagement ring,https://www.alvoradiamonds.com/assets/social/pieces/alv-r-0175.jpg,Coloured stone rings,"A single champagne lab-grown diamond, held high in a precise claw setting on a slender band. Centre stone 0.5 to 6 ct, VS1 clarity, Excellent polish and symmetry, lab-grown. Made to order in silver, 14K or 18K gold, or platinum.",https://www.alvoradiamonds.com/jewellery/belen-champagne-solitaire?utm_source=pinterest&utm_medium=social&utm_campaign=p1-2026-10,"moval ring, lab grown diamond, engagement ring, solitaire setting, made to order"
Bertille Champagne Halo: lab-grown diamond engagement ring,https://www.alvoradiamonds.com/assets/social/pieces/alv-r-0176.jpg,Coloured stone rings,"A champagne lab-grown diamond lifted by a fine halo of pavé that catches light from every angle. Centre stone 0.5 to 6 ct, VS1 clarity, Excellent polish and symmetry, lab-grown. Made to order in silver, 14K or 18K gold, or platinum.",https://www.alvoradiamonds.com/jewellery/bertille-champagne-halo?utm_source=pinterest&utm_medium=social&utm_campaign=p1-2026-10,"lab grown diamond, engagement ring, halo setting, made to order"
Bruna Champagne Cushion Solitaire: Cushion lab-grown diamond engagement ring,https://www.alvoradiamonds.com/assets/social/pieces/alv-r-0177.jpg,Coloured stone rings,"A single champagne cushion lab-grown diamond, held high in a precise claw setting on a slender band. Centre stone 0.5 to 6 ct, VS1 clarity, Excellent polish and symmetry, lab-grown. Made to order in silver, 14K or 18K gold, or platinum.",https://www.alvoradiamonds.com/jewellery/bruna-champagne-cushion-solitaire?utm_source=pinterest&utm_medium=social&utm_campaign=p1-2026-10,"cushion ring, lab grown diamond, engagement ring, solitaire setting, made to order"
Caelia Champagne Marquise Solitaire: Marquise lab-grown diamond engagement ring,https://www.alvoradiamonds.com/assets/social/pieces/alv-r-0178.jpg,Coloured stone rings,"A single champagne marquise lab-grown diamond, held high in a precise claw setting on a slender band. Centre stone 0.5 to 6 ct, VS1 clarity, Excellent polish and symmetry, lab-grown. Made to order in silver, 14K or 18K gold, or platinum.",https://www.alvoradiamonds.com/jewellery/caelia-champagne-marquise-solitaire?utm_source=pinterest&utm_medium=social&utm_campaign=p1-2026-10,"marquise ring, lab grown diamond, engagement ring, solitaire setting, made to order"
Alethea Cushion Solitaire: Cushion lab-grown diamond engagement ring,https://www.alvoradiamonds.com/assets/social/pieces/alv-r-0179.jpg,Cushion engagement rings,"A single cushion lab-grown diamond, held high in a precise claw setting on a slender band. Centre stone 0.5 to 6 ct, VS1 clarity, Excellent polish and symmetry, lab-grown. Made to order in silver, 14K or 18K gold, or platinum.",https://www.alvoradiamonds.com/jewellery/alethea-cushion-solitaire?utm_source=pinterest&utm_medium=social&utm_campaign=p1-2026-10,"cushion ring, lab grown diamond, engagement ring, solitaire setting, made to order"
Alethea Solitaire: Moval lab-grown diamond engagement ring,https://www.alvoradiamonds.com/assets/social/pieces/alv-r-0180.jpg,Moval engagement rings,"A single lab-grown diamond, held high in a precise claw setting on a slender band. Centre stone 0.5 to 6 ct, VS1 clarity, Excellent polish and symmetry, lab-grown. Made to order in silver, 14K or 18K gold, or platinum.",https://www.alvoradiamonds.com/jewellery/alethea-solitaire?utm_source=pinterest&utm_medium=social&utm_campaign=p1-2026-10,"moval ring, lab grown diamond, engagement ring, solitaire setting, made to order"
Alethea Elongated Cushion Solitaire: Elongated Cushion lab-grown diamond engagement ring,https://www.alvoradiamonds.com/assets/social/pieces/alv-r-0181.jpg,Elongated Cushion engagement rings,"A single elongated cushion lab-grown diamond, held high in a precise claw setting on a slender band. Centre stone 0.5 to 6 ct, VS1 clarity, Excellent polish and symmetry, lab-grown. Made to order in silver, 14K or 18K gold, or platinum.",https://www.alvoradiamonds.com/jewellery/alethea-elongated-cushion-solitaire?utm_source=pinterest&utm_medium=social&utm_campaign=p1-2026-10,"elongated cushion ring, lab grown diamond, engagement ring, solitaire setting, made to order"
Elodie Cushion East-West: Cushion lab-grown diamond engagement ring,https://www.alvoradiamonds.com/assets/social/pieces/alv-r-0182.jpg,Cushion engagement rings,"A cushion lab-grown diamond turned on its side and held in a slim east-west setting. Centre stone 0.5 to 6 ct, VS1 clarity, Excellent polish and symmetry, lab-grown. Made to order in silver, 14K or 18K gold, or platinum.",https://www.alvoradiamonds.com/jewellery/elodie-cushion-east-west?utm_source=pinterest&utm_medium=social&utm_campaign=p1-2026-10,"cushion ring, lab grown diamond, engagement ring, east-west setting, made to order"
Elodie Elongated Cushion Solitaire: Elongated Cushion lab-grown diamond engagement ring,https://www.alvoradiamonds.com/assets/social/pieces/alv-r-0183.jpg,Elongated Cushion engagement rings,"A single elongated cushion lab-grown diamond, held high in a precise claw setting on a slender band. Centre stone 0.5 to 6 ct, VS1 clarity, Excellent polish and symmetry, lab-grown. Made to order in silver, 14K or 18K gold, or platinum.",https://www.alvoradiamonds.com/jewellery/elodie-elongated-cushion-solitaire?utm_source=pinterest&utm_medium=social&utm_campaign=p1-2026-10,"elongated cushion ring, lab grown diamond, engagement ring, solitaire setting, made to order"
Elodie Solitaire: Old Euro lab-grown diamond engagement ring,https://www.alvoradiamonds.com/assets/social/pieces/alv-r-0184.jpg,Old Euro engagement rings,"A single lab-grown diamond, held high in a precise claw setting on a slender band. Centre stone 0.5 to 6 ct, VS1 clarity, Excellent polish and symmetry, lab-grown. Made to order in silver, 14K or 18K gold, or platinum.",https://www.alvoradiamonds.com/jewellery/elodie-solitaire?utm_source=pinterest&utm_medium=social&utm_campaign=p1-2026-10,"old euro ring, lab grown diamond, engagement ring, solitaire setting, made to order"
Carlota Round Signet: Round lab-grown diamond ring,https://www.alvoradiamonds.com/assets/social/pieces/alv-r-0185.jpg,Lab-grown diamond rings,"A signet profile with a round lab-grown diamond set flush into the face. Centre stone 0.5 to 6 ct, VS1 clarity, Excellent polish and symmetry, lab-grown. Made to order in silver, 14K or 18K gold, or platinum.",https://www.alvoradiamonds.com/jewellery/carlota-round-signet?utm_source=pinterest&utm_medium=social&utm_campaign=p1-2026-10,"round ring, lab grown diamond, ring, signet setting, made to order"
Clarimond Champagne Cushion Solitaire: Cushion lab-grown diamond engagement ring,https://www.alvoradiamonds.com/assets/social/pieces/alv-r-0186.jpg,Coloured stone rings,"A single champagne cushion lab-grown diamond, held high in a precise claw setting on a slender band. Centre stone 0.5 to 6 ct, VS1 clarity, Excellent polish and symmetry, lab-grown. Made to order in silver, 14K or 18K gold, or platinum.",https://www.alvoradiamonds.com/jewellery/clarimond-champagne-cushion-solitaire?utm_source=pinterest&utm_medium=social&utm_campaign=p1-2026-10,"cushion ring, lab grown diamond, engagement ring, solitaire setting, made to order"
Vela Blue Solitaire: lab-grown diamond engagement ring,https://www.alvoradiamonds.com/assets/social/pieces/alv-r-0187.jpg,Coloured stone rings,"A single blue lab-grown diamond, held high in a precise claw setting on a slender band. Centre stone 0.5 to 6 ct, VS1 clarity, Excellent polish and symmetry, lab-grown. Made to order in silver, 14K or 18K gold, or platinum.",https://www.alvoradiamonds.com/jewellery/vela-blue-solitaire?utm_source=pinterest&utm_medium=social&utm_campaign=p1-2026-10,"lab grown diamond, engagement ring, solitaire setting, made to order"
Clemence Champagne East-West: lab-grown diamond engagement ring,https://www.alvoradiamonds.com/assets/social/pieces/alv-r-0188.jpg,Coloured stone rings,"A champagne lab-grown diamond turned on its side and held in a slim east-west setting. Centre stone 0.5 to 6 ct, VS1 clarity, Excellent polish and symmetry, lab-grown. Made to order in silver, 14K or 18K gold, or platinum.",https://www.alvoradiamonds.com/jewellery/clemence-champagne-east-west?utm_source=pinterest&utm_medium=social&utm_campaign=p1-2026-10,"lab grown diamond, engagement ring, east-west setting, made to order"
Ulla Champagne Marquise Solitaire: Marquise lab-grown diamond engagement ring,https://www.alvoradiamonds.com/assets/social/pieces/alv-r-0189.jpg,Coloured stone rings,"A single champagne marquise lab-grown diamond, held high in a precise claw setting on a slender band. Centre stone 0.5 to 6 ct, VS1 clarity, Excellent polish and symmetry, lab-grown. Made to order in silver, 14K or 18K gold, or platinum.",https://www.alvoradiamonds.com/jewellery/ulla-champagne-marquise-solitaire?utm_source=pinterest&utm_medium=social&utm_campaign=p1-2026-10,"marquise ring, lab grown diamond, engagement ring, solitaire setting, made to order"
Delfina Oval Solitaire: Oval lab-grown diamond engagement ring,https://www.alvoradiamonds.com/assets/social/pieces/alv-r-0190.jpg,Oval engagement rings,"A single oval lab-grown diamond, held high in a precise claw setting on a slender band. Centre stone 0.5 to 6 ct, VS1 clarity, Excellent polish and symmetry, lab-grown. Made to order in silver, 14K or 18K gold, or platinum.",https://www.alvoradiamonds.com/jewellery/delfina-oval-solitaire?utm_source=pinterest&utm_medium=social&utm_campaign=p1-2026-10,"oval ring, lab grown diamond, engagement ring, solitaire setting, made to order"
Demetria Elongated Cushion Solitaire: Elongated Cushion lab-grown diamond engagement ring,https://www.alvoradiamonds.com/assets/social/pieces/alv-r-0191.jpg,Elongated Cushion engagement rings,"A single elongated cushion lab-grown diamond, held high in a precise claw setting on a slender band. Centre stone 0.5 to 6 ct, VS1 clarity, Excellent polish and symmetry, lab-grown. Made to order in silver, 14K or 18K gold, or platinum.",https://www.alvoradiamonds.com/jewellery/demetria-elongated-cushion-solitaire?utm_source=pinterest&utm_medium=social&utm_campaign=p1-2026-10,"elongated cushion ring, lab grown diamond, engagement ring, solitaire setting, made to order"
Eira Pear Solitaire: Pear lab-grown diamond engagement ring,https://www.alvoradiamonds.com/assets/social/pieces/alv-r-0192.jpg,Pear engagement rings,"A single pear lab-grown diamond, held high in a precise claw setting on a slender band. Centre stone 0.5 to 6 ct, VS1 clarity, Excellent polish and symmetry, lab-grown. Made to order in silver, 14K or 18K gold, or platinum.",https://www.alvoradiamonds.com/jewellery/eira-pear-solitaire?utm_source=pinterest&utm_medium=social&utm_campaign=p1-2026-10,"pear ring, lab grown diamond, engagement ring, solitaire setting, made to order"
Elif Pear Solitaire: Pear lab-grown diamond engagement ring,https://www.alvoradiamonds.com/assets/social/pieces/alv-r-0193.jpg,Pear engagement rings,"A single pear lab-grown diamond, held high in a precise claw setting on a slender band. Centre stone 0.5 to 6 ct, VS1 clarity, Excellent polish and symmetry, lab-grown. Made to order in silver, 14K or 18K gold, or platinum.",https://www.alvoradiamonds.com/jewellery/elif-pear-solitaire?utm_source=pinterest&utm_medium=social&utm_campaign=p1-2026-10,"pear ring, lab grown diamond, engagement ring, solitaire setting, made to order"
Ellora Pear Solitaire: Pear lab-grown diamond engagement ring,https://www.alvoradiamonds.com/assets/social/pieces/alv-r-0194.jpg,Pear engagement rings,"A single pear lab-grown diamond, held high in a precise claw setting on a slender band. Centre stone 0.5 to 6 ct, VS1 clarity, Excellent polish and symmetry, lab-grown. Made to order in silver, 14K or 18K gold, or platinum.",https://www.alvoradiamonds.com/jewellery/ellora-pear-solitaire?utm_source=pinterest&utm_medium=social&utm_campaign=p1-2026-10,"pear ring, lab grown diamond, engagement ring, solitaire setting, made to order"
Valen Marquise Solitaire: Marquise lab-grown diamond engagement ring,https://www.alvoradiamonds.com/assets/social/pieces/alv-r-0195.jpg,Marquise engagement rings,"A single marquise lab-grown diamond, held high in a precise claw setting on a slender band. Centre stone 0.5 to 6 ct, VS1 clarity, Excellent polish and symmetry, lab-grown. Made to order in silver, 14K or 18K gold, or platinum.",https://www.alvoradiamonds.com/jewellery/valen-marquise-solitaire?utm_source=pinterest&utm_medium=social&utm_campaign=p1-2026-10,"marquise ring, lab grown diamond, engagement ring, solitaire setting, made to order"
Fabia Signet: lab-grown diamond ring,https://www.alvoradiamonds.com/assets/social/pieces/alv-r-0196.jpg,Lab-grown diamond rings,"A signet profile with a lab-grown diamond set flush into the face. Centre stone 0.5 to 6 ct, VS1 clarity, Excellent polish and symmetry, lab-grown. Made to order in silver, 14K or 18K gold, or platinum.",https://www.alvoradiamonds.com/jewellery/fabia-signet?utm_source=pinterest&utm_medium=social&utm_campaign=p1-2026-10,"lab grown diamond, ring, signet setting, made to order"
Federica Heritage: Moval lab-grown diamond engagement ring,https://www.alvoradiamonds.com/assets/social/pieces/alv-r-0197.jpg,Moval engagement rings,"A lab-grown diamond in a heritage setting with hand-finished detailing along the band. Centre stone 0.5 to 6 ct, VS1 clarity, Excellent polish and symmetry, lab-grown. Made to order in silver, 14K or 18K gold, or platinum.",https://www.alvoradiamonds.com/jewellery/federica-heritage?utm_source=pinterest&utm_medium=social&utm_campaign=p1-2026-10,"moval ring, lab grown diamond, engagement ring, heritage setting, made to order"
Fenella Elongated Cushion Solitaire: Elongated Cushion lab-grown diamond engagement ring,https://www.alvoradiamonds.com/assets/social/pieces/alv-r-0198.jpg,Elongated Cushion engagement rings,"A single elongated cushion lab-grown diamond, held high in a precise claw setting on a slender band. Centre stone 0.5 to 6 ct, VS1 clarity, Excellent polish and symmetry, lab-grown. Made to order in silver, 14K or 18K gold, or platinum.",https://www.alvoradiamonds.com/jewellery/fenella-elongated-cushion-solitaire?utm_source=pinterest&utm_medium=social&utm_campaign=p1-2026-10,"elongated cushion ring, lab grown diamond, engagement ring, solitaire setting, made to order"
Fiorella Oval East-West: Oval lab-grown diamond engagement ring,https://www.alvoradiamonds.com/assets/social/pieces/alv-r-0199.jpg,Oval engagement rings,"An oval lab-grown diamond turned on its side and held in a slim east-west setting. Centre stone 0.5 to 6 ct, VS1 clarity, Excellent polish and symmetry, lab-grown. Made to order in silver, 14K or 18K gold, or platinum.",https://www.alvoradiamonds.com/jewellery/fiorella-oval-east-west?utm_source=pinterest&utm_medium=social&utm_campaign=p1-2026-10,"oval ring, lab grown diamond, engagement ring, east-west setting, made to order"
Kerensa Solitaire: lab-grown diamond engagement ring,https://www.alvoradiamonds.com/assets/social/pieces/alv-r-0200.jpg,Lab-grown engagement rings,"A single lab-grown diamond, held high in a precise claw setting on a slender band. Centre stone 0.5 to 6 ct, VS1 clarity, Excellent polish and symmetry, lab-grown. Made to order in silver, 14K or 18K gold, or platinum.",https://www.alvoradiamonds.com/jewellery/kerensa-solitaire?utm_source=pinterest&utm_medium=social&utm_campaign=p1-2026-10,"lab grown diamond, engagement ring, solitaire setting, made to order"
Giacinta Champagne Three Stone: Moval lab-grown diamond engagement ring,https://www.alvoradiamonds.com/assets/social/pieces/alv-r-0201.jpg,Coloured stone rings,"A champagne lab-grown diamond framed by two side stones, matched for colour and cut. Centre stone 0.5 to 6 ct, VS1 clarity, Excellent polish and symmetry, lab-grown. Made to order in silver, 14K or 18K gold, or platinum.",https://www.alvoradiamonds.com/jewellery/giacinta-champagne-three-stone?utm_source=pinterest&utm_medium=social&utm_campaign=p1-2026-10,"moval ring, lab grown diamond, engagement ring, three stone setting, made to order"
Giacinta Solitaire: Moval lab-grown diamond engagement ring,https://www.alvoradiamonds.com/assets/social/pieces/alv-r-0202.jpg,Moval engagement rings,"A single lab-grown diamond, held high in a precise claw setting on a slender band. Centre stone 0.5 to 6 ct, VS1 clarity, Excellent polish and symmetry, lab-grown. Made to order in silver, 14K or 18K gold, or platinum.",https://www.alvoradiamonds.com/jewellery/giacinta-solitaire?utm_source=pinterest&utm_medium=social&utm_campaign=p1-2026-10,"moval ring, lab grown diamond, engagement ring, solitaire setting, made to order"
Giulietta Solitaire: lab-grown diamond engagement ring,https://www.alvoradiamonds.com/assets/social/pieces/alv-r-0203.jpg,Lab-grown engagement rings,"A single lab-grown diamond, held high in a precise claw setting on a slender band. Centre stone 0.5 to 6 ct, VS1 clarity, Excellent polish and symmetry, lab-grown. Made to order in silver, 14K or 18K gold, or platinum.",https://www.alvoradiamonds.com/jewellery/giulietta-solitaire?utm_source=pinterest&utm_medium=social&utm_campaign=p1-2026-10,"lab grown diamond, engagement ring, solitaire setting, made to order"
Gracia Pear Solitaire: Pear lab-grown diamond engagement ring,https://www.alvoradiamonds.com/assets/social/pieces/alv-r-0204.jpg,Pear engagement rings,"A single pear lab-grown diamond, held high in a precise claw setting on a slender band. Centre stone 0.5 to 6 ct, VS1 clarity, Excellent polish and symmetry, lab-grown. Made to order in silver, 14K or 18K gold, or platinum.",https://www.alvoradiamonds.com/jewellery/gracia-pear-solitaire?utm_source=pinterest&utm_medium=social&utm_campaign=p1-2026-10,"pear ring, lab grown diamond, engagement ring, solitaire setting, made to order"
Hannelore Green Solitaire: lab-grown diamond engagement ring,https://www.alvoradiamonds.com/assets/social/pieces/alv-r-0205.jpg,Coloured stone rings,"A single green lab-grown diamond, held high in a precise claw setting on a slender band. Centre stone 0.5 to 6 ct, VS1 clarity, Excellent polish and symmetry, lab-grown. Made to order in silver, 14K or 18K gold, or platinum.",https://www.alvoradiamonds.com/jewellery/hannelore-green-solitaire?utm_source=pinterest&utm_medium=social&utm_campaign=p1-2026-10,"lab grown diamond, engagement ring, solitaire setting, made to order"
Romilly Green Elongated Cushion Solitaire: Elongated Cushion lab-grown diamond engagement ring,https://www.alvoradiamonds.com/assets/social/pieces/alv-r-0206.jpg,Coloured stone rings,"A single green elongated cushion lab-grown diamond, held high in a precise claw setting on a slender band. Centre stone 0.5 to 6 ct, VS1 clarity, Excellent polish and symmetry, lab-grown. Made to order in silver, 14K or 18K gold, or platinum.",https://www.alvoradiamonds.com/jewellery/romilly-green-elongated-cushion-solitaire?utm_source=pinterest&utm_medium=social&utm_campaign=p1-2026-10,"elongated cushion ring, lab grown diamond, engagement ring, solitaire setting, made to order"
Ianthe Champagne Solitaire: lab-grown diamond engagement ring,https://www.alvoradiamonds.com/assets/social/pieces/alv-r-0207.jpg,Coloured stone rings,"A single champagne lab-grown diamond, held high in a precise claw setting on a slender band. Centre stone 0.5 to 6 ct, VS1 clarity, Excellent polish and symmetry, lab-grown. Made to order in silver, 14K or 18K gold, or platinum.",https://www.alvoradiamonds.com/jewellery/ianthe-champagne-solitaire?utm_source=pinterest&utm_medium=social&utm_campaign=p1-2026-10,"lab grown diamond, engagement ring, solitaire setting, made to order"
Irina Green Solitaire: lab-grown diamond engagement ring,https://www.alvoradiamonds.com/assets/social/pieces/alv-r-0208.jpg,Coloured stone rings,"A single green lab-grown diamond, held high in a precise claw setting on a slender band. Centre stone 0.5 to 6 ct, VS1 clarity, Excellent polish and symmetry, lab-grown. Made to order in silver, 14K or 18K gold, or platinum.",https://www.alvoradiamonds.com/jewellery/irina-green-solitaire?utm_source=pinterest&utm_medium=social&utm_campaign=p1-2026-10,"lab grown diamond, engagement ring, solitaire setting, made to order"
Pia Green Solitaire: lab-grown diamond engagement ring,https://www.alvoradiamonds.com/assets/social/pieces/alv-r-0209.jpg,Coloured stone rings,"A single green lab-grown diamond, held high in a precise claw setting on a slender band. Centre stone 0.5 to 6 ct, VS1 clarity, Excellent polish and symmetry, lab-grown. Made to order in silver, 14K or 18K gold, or platinum.",https://www.alvoradiamonds.com/jewellery/pia-green-solitaire?utm_source=pinterest&utm_medium=social&utm_campaign=p1-2026-10,"lab grown diamond, engagement ring, solitaire setting, made to order"
Pia Green Marquise Solitaire: Marquise lab-grown diamond engagement ring,https://www.alvoradiamonds.com/assets/social/pieces/alv-r-0210.jpg,Coloured stone rings,"A single green marquise lab-grown diamond, held high in a precise claw setting on a slender band. Centre stone 0.5 to 6 ct, VS1 clarity, Excellent polish and symmetry, lab-grown. Made to order in silver, 14K or 18K gold, or platinum.",https://www.alvoradiamonds.com/jewellery/pia-green-marquise-solitaire?utm_source=pinterest&utm_medium=social&utm_campaign=p1-2026-10,"marquise ring, lab grown diamond, engagement ring, solitaire setting, made to order"
Thea Heritage: Old Euro lab-grown diamond engagement ring,https://www.alvoradiamonds.com/assets/social/pieces/alv-r-0211.jpg,Old Euro engagement rings,"A lab-grown diamond in a heritage setting with hand-finished detailing along the band. Centre stone 0.5 to 6 ct, VS1 clarity, Excellent polish and symmetry, lab-grown. Made to order in silver, 14K or 18K gold, or platinum.",https://www.alvoradiamonds.com/jewellery/thea-heritage?utm_source=pinterest&utm_medium=social&utm_campaign=p1-2026-10,"old euro ring, lab grown diamond, engagement ring, heritage setting, made to order"
Thea Oval Heritage: Oval lab-grown diamond engagement ring,https://www.alvoradiamonds.com/assets/social/pieces/alv-r-0212.jpg,Oval engagement rings,"An oval lab-grown diamond in a heritage setting with hand-finished detailing along the band. Centre stone 0.5 to 6 ct, VS1 clarity, Excellent polish and symmetry, lab-grown. Made to order in silver, 14K or 18K gold, or platinum.",https://www.alvoradiamonds.com/jewellery/thea-oval-heritage?utm_source=pinterest&utm_medium=social&utm_campaign=p1-2026-10,"oval ring, lab grown diamond, engagement ring, heritage setting, made to order"
Isabetta Heritage: lab-grown diamond engagement ring,https://www.alvoradiamonds.com/assets/social/pieces/alv-r-0213.jpg,Lab-grown engagement rings,"A lab-grown diamond in a heritage setting with hand-finished detailing along the band. Centre stone 0.5 to 6 ct, VS1 clarity, Excellent polish and symmetry, lab-grown. Made to order in silver, 14K or 18K gold, or platinum.",https://www.alvoradiamonds.com/jewellery/isabetta-heritage?utm_source=pinterest&utm_medium=social&utm_campaign=p1-2026-10,"lab grown diamond, engagement ring, heritage setting, made to order"
Nerida Oval Bezel: Oval lab-grown diamond engagement ring,https://www.alvoradiamonds.com/assets/social/pieces/alv-r-0214.jpg,Oval engagement rings,"An oval lab-grown diamond wrapped in a clean, protective bezel of polished gold. Centre stone 0.5 to 6 ct, VS1 clarity, Excellent polish and symmetry, lab-grown. Made to order in silver, 14K or 18K gold, or platinum.",https://www.alvoradiamonds.com/jewellery/nerida-oval-bezel?utm_source=pinterest&utm_medium=social&utm_campaign=p1-2026-10,"oval ring, lab grown diamond, engagement ring, bezel setting, made to order"
Jacinthe Oval Bezel: Oval lab-grown diamond engagement ring,https://www.alvoradiamonds.com/assets/social/pieces/alv-r-0215.jpg,Oval engagement rings,"An oval lab-grown diamond wrapped in a clean, protective bezel of polished gold. Centre stone 0.5 to 6 ct, VS1 clarity, Excellent polish and symmetry, lab-grown. Made to order in silver, 14K or 18K gold, or platinum.",https://www.alvoradiamonds.com/jewellery/jacinthe-oval-bezel?utm_source=pinterest&utm_medium=social&utm_campaign=p1-2026-10,"oval ring, lab grown diamond, engagement ring, bezel setting, made to order"
Nerida Round Bezel: Round lab-grown diamond engagement ring,https://www.alvoradiamonds.com/assets/social/pieces/alv-r-0216.jpg,Round engagement rings,"A round lab-grown diamond wrapped in a clean, protective bezel of polished gold. Centre stone 0.5 to 6 ct, VS1 clarity, Excellent polish and symmetry, lab-grown. Made to order in silver, 14K or 18K gold, or platinum.",https://www.alvoradiamonds.com/jewellery/nerida-round-bezel?utm_source=pinterest&utm_medium=social&utm_campaign=p1-2026-10,"round ring, lab grown diamond, engagement ring, bezel setting, made to order"
Jessenia Oval Heritage: Oval lab-grown diamond engagement ring,https://www.alvoradiamonds.com/assets/social/pieces/alv-r-0217.jpg,Oval engagement rings,"An oval lab-grown diamond in a heritage setting with hand-finished detailing along the band. Centre stone 0.5 to 6 ct, VS1 clarity, Excellent polish and symmetry, lab-grown. Made to order in silver, 14K or 18K gold, or platinum.",https://www.alvoradiamonds.com/jewellery/jessenia-oval-heritage?utm_source=pinterest&utm_medium=social&utm_campaign=p1-2026-10,"oval ring, lab grown diamond, engagement ring, heritage setting, made to order"
Esra Round Solitaire: Round lab-grown diamond engagement ring,https://www.alvoradiamonds.com/assets/social/pieces/alv-r-0218.jpg,Round engagement rings,"A single round lab-grown diamond, held high in a precise claw setting on a slender band. Centre stone 0.5 to 6 ct, VS1 clarity, Excellent polish and symmetry, lab-grown. Made to order in silver, 14K or 18K gold, or platinum.",https://www.alvoradiamonds.com/jewellery/esra-round-solitaire?utm_source=pinterest&utm_medium=social&utm_campaign=p1-2026-10,"round ring, lab grown diamond, engagement ring, solitaire setting, made to order"
Esra Trillion Solitaire: Trillion lab-grown diamond engagement ring,https://www.alvoradiamonds.com/assets/social/pieces/alv-r-0219.jpg,Lab-grown engagement rings,"A single trillion lab-grown diamond, held high in a precise claw setting on a slender band. Centre stone 0.5 to 6 ct, VS1 clarity, Excellent polish and symmetry, lab-grown. Made to order in silver, 14K or 18K gold, or platinum.",https://www.alvoradiamonds.com/jewellery/esra-trillion-solitaire?utm_source=pinterest&utm_medium=social&utm_campaign=p1-2026-10,"trillion ring, lab grown diamond, engagement ring, solitaire setting, made to order"
Tessaly Pink Radiant Solitaire: Radiant lab-grown diamond engagement ring,https://www.alvoradiamonds.com/assets/social/pieces/alv-r-0220.jpg,Coloured stone rings,"A single pink radiant lab-grown diamond, held high in a precise claw setting on a slender band. Centre stone 0.5 to 6 ct, VS1 clarity, Excellent polish and symmetry, lab-grown. Made to order in silver, 14K or 18K gold, or platinum.",https://www.alvoradiamonds.com/jewellery/tessaly-pink-radiant-solitaire?utm_source=pinterest&utm_medium=social&utm_campaign=p1-2026-10,"radiant ring, lab grown diamond, engagement ring, solitaire setting, made to order"
Josiane Asscher Solitaire: Asscher lab-grown diamond engagement ring,https://www.alvoradiamonds.com/assets/social/pieces/alv-r-0221.jpg,Lab-grown engagement rings,"A single asscher lab-grown diamond, held high in a precise claw setting on a slender band. Centre stone 0.5 to 6 ct, VS1 clarity, Excellent polish and symmetry, lab-grown. Made to order in silver, 14K or 18K gold, or platinum.",https://www.alvoradiamonds.com/jewellery/josiane-asscher-solitaire?utm_source=pinterest&utm_medium=social&utm_campaign=p1-2026-10,"asscher ring, lab grown diamond, engagement ring, solitaire setting, made to order"
Josiane Solitaire: lab-grown diamond engagement ring,https://www.alvoradiamonds.com/assets/social/pieces/alv-r-0222.jpg,Lab-grown engagement rings,"A single lab-grown diamond, held high in a precise claw setting on a slender band. Centre stone 0.5 to 6 ct, VS1 clarity, Excellent polish and symmetry, lab-grown. Made to order in silver, 14K or 18K gold, or platinum.",https://www.alvoradiamonds.com/jewellery/josiane-solitaire?utm_source=pinterest&utm_medium=social&utm_campaign=p1-2026-10,"lab grown diamond, engagement ring, solitaire setting, made to order"
Kallista Solitaire: lab-grown diamond engagement ring,https://www.alvoradiamonds.com/assets/social/pieces/alv-r-0223.jpg,Lab-grown engagement rings,"A single lab-grown diamond, held high in a precise claw setting on a slender band. Centre stone 0.5 to 6 ct, VS1 clarity, Excellent polish and symmetry, lab-grown. Made to order in silver, 14K or 18K gold, or platinum.",https://www.alvoradiamonds.com/jewellery/kallista-solitaire?utm_source=pinterest&utm_medium=social&utm_campaign=p1-2026-10,"lab grown diamond, engagement ring, solitaire setting, made to order"
Ione Green Oval Solitaire: Oval lab-grown diamond engagement ring,https://www.alvoradiamonds.com/assets/social/pieces/alv-r-0224.jpg,Coloured stone rings,"A single green oval lab-grown diamond, held high in a precise claw setting on a slender band. Centre stone 0.5 to 6 ct, VS1 clarity, Excellent polish and symmetry, lab-grown. Made to order in silver, 14K or 18K gold, or platinum.",https://www.alvoradiamonds.com/jewellery/ione-green-oval-solitaire?utm_source=pinterest&utm_medium=social&utm_campaign=p1-2026-10,"oval ring, lab grown diamond, engagement ring, solitaire setting, made to order"
Ione Princess Solitaire: Princess lab-grown diamond engagement ring,https://www.alvoradiamonds.com/assets/social/pieces/alv-r-0225.jpg,Lab-grown engagement rings,"A single princess lab-grown diamond, held high in a precise claw setting on a slender band. Centre stone 0.5 to 6 ct, VS1 clarity, Excellent polish and symmetry, lab-grown. Made to order in silver, 14K or 18K gold, or platinum.",https://www.alvoradiamonds.com/jewellery/ione-princess-solitaire?utm_source=pinterest&utm_medium=social&utm_campaign=p1-2026-10,"princess ring, lab grown diamond, engagement ring, solitaire setting, made to order"
Romilly Solitaire: lab-grown diamond engagement ring,https://www.alvoradiamonds.com/assets/social/pieces/alv-r-0226.jpg,Lab-grown engagement rings,"A single lab-grown diamond, held high in a precise claw setting on a slender band. Centre stone 0.5 to 6 ct, VS1 clarity, Excellent polish and symmetry, lab-grown. Made to order in silver, 14K or 18K gold, or platinum.",https://www.alvoradiamonds.com/jewellery/romilly-solitaire?utm_source=pinterest&utm_medium=social&utm_campaign=p1-2026-10,"lab grown diamond, engagement ring, solitaire setting, made to order"
Celeste Solitaire: lab-grown diamond engagement ring,https://www.alvoradiamonds.com/assets/social/pieces/alv-r-0227.jpg,Lab-grown engagement rings,"A single lab-grown diamond, held high in a precise claw setting on a slender band. Centre stone 0.5 to 6 ct, VS1 clarity, Excellent polish and symmetry, lab-grown. Made to order in silver, 14K or 18K gold, or platinum.",https://www.alvoradiamonds.com/jewellery/celeste-solitaire?utm_source=pinterest&utm_medium=social&utm_campaign=p1-2026-10,"lab grown diamond, engagement ring, solitaire setting, made to order"
Romilly Marquise Solitaire: Marquise lab-grown diamond engagement ring,https://www.alvoradiamonds.com/assets/social/pieces/alv-r-0228.jpg,Marquise engagement rings,"A single marquise lab-grown diamond, held high in a precise claw setting on a slender band. Centre stone 0.5 to 6 ct, VS1 clarity, Excellent polish and symmetry, lab-grown. Made to order in silver, 14K or 18K gold, or platinum.",https://www.alvoradiamonds.com/jewellery/romilly-marquise-solitaire?utm_source=pinterest&utm_medium=social&utm_campaign=p1-2026-10,"marquise ring, lab grown diamond, engagement ring, solitaire setting, made to order"
Kerstin Round Solitaire: Round lab-grown diamond engagement ring,https://www.alvoradiamonds.com/assets/social/pieces/alv-r-0229.jpg,Round engagement rings,"A single round lab-grown diamond, held high in a precise claw setting on a slender band. Centre stone 0.5 to 6 ct, VS1 clarity, Excellent polish and symmetry, lab-grown. Made to order in silver, 14K or 18K gold, or platinum.",https://www.alvoradiamonds.com/jewellery/kerstin-round-solitaire?utm_source=pinterest&utm_medium=social&utm_campaign=p1-2026-10,"round ring, lab grown diamond, engagement ring, solitaire setting, made to order"
Leandra Oval East-West: Oval lab-grown diamond engagement ring,https://www.alvoradiamonds.com/assets/social/pieces/alv-r-0230.jpg,Oval engagement rings,"An oval lab-grown diamond turned on its side and held in a slim east-west setting. Centre stone 0.5 to 6 ct, VS1 clarity, Excellent polish and symmetry, lab-grown. Made to order in silver, 14K or 18K gold, or platinum.",https://www.alvoradiamonds.com/jewellery/leandra-oval-east-west?utm_source=pinterest&utm_medium=social&utm_campaign=p1-2026-10,"oval ring, lab grown diamond, engagement ring, east-west setting, made to order"
Ilse Old Mine Solitaire: Old Mine lab-grown diamond engagement ring,https://www.alvoradiamonds.com/assets/social/pieces/alv-r-0231.jpg,Old Mine engagement rings,"A single old mine lab-grown diamond, held high in a precise claw setting on a slender band. Centre stone 0.5 to 6 ct, VS1 clarity, Excellent polish and symmetry, lab-grown. Made to order in silver, 14K or 18K gold, or platinum.",https://www.alvoradiamonds.com/jewellery/ilse-old-mine-solitaire?utm_source=pinterest&utm_medium=social&utm_campaign=p1-2026-10,"old mine ring, lab grown diamond, engagement ring, solitaire setting, made to order"
Minerva Green Pear Solitaire: Pear lab-grown diamond engagement ring,https://www.alvoradiamonds.com/assets/social/pieces/alv-r-0232.jpg,Coloured stone rings,"A single green pear lab-grown diamond, held high in a precise claw setting on a slender band. Centre stone 0.5 to 6 ct, VS1 clarity, Excellent polish and symmetry, lab-grown. Made to order in silver, 14K or 18K gold, or platinum.",https://www.alvoradiamonds.com/jewellery/minerva-green-pear-solitaire?utm_source=pinterest&utm_medium=social&utm_campaign=p1-2026-10,"pear ring, lab grown diamond, engagement ring, solitaire setting, made to order"
Minerva Pear Solitaire: Pear lab-grown diamond engagement ring,https://www.alvoradiamonds.com/assets/social/pieces/alv-r-0233.jpg,Pear engagement rings,"A single pear lab-grown diamond, held high in a precise claw setting on a slender band. Centre stone 0.5 to 6 ct, VS1 clarity, Excellent polish and symmetry, lab-grown. Made to order in silver, 14K or 18K gold, or platinum.",https://www.alvoradiamonds.com/jewellery/minerva-pear-solitaire?utm_source=pinterest&utm_medium=social&utm_campaign=p1-2026-10,"pear ring, lab grown diamond, engagement ring, solitaire setting, made to order"
Liliane Blue Cushion Solitaire: Cushion lab-grown diamond engagement ring,https://www.alvoradiamonds.com/assets/social/pieces/alv-r-0234.jpg,Coloured stone rings,"A single blue cushion lab-grown diamond, held high in a precise claw setting on a slender band. Centre stone 0.5 to 6 ct, VS1 clarity, Excellent polish and symmetry, lab-grown. Made to order in silver, 14K or 18K gold, or platinum.",https://www.alvoradiamonds.com/jewellery/liliane-blue-cushion-solitaire?utm_source=pinterest&utm_medium=social&utm_campaign=p1-2026-10,"cushion ring, lab grown diamond, engagement ring, solitaire setting, made to order"
Loretta Asscher Solitaire: Asscher lab-grown diamond engagement ring,https://www.alvoradiamonds.com/assets/social/pieces/alv-r-0235.jpg,Lab-grown engagement rings,"A single asscher lab-grown diamond, held high in a precise claw setting on a slender band. Centre stone 0.5 to 6 ct, VS1 clarity, Excellent polish and symmetry, lab-grown. Made to order in silver, 14K or 18K gold, or platinum.",https://www.alvoradiamonds.com/jewellery/loretta-asscher-solitaire?utm_source=pinterest&utm_medium=social&utm_campaign=p1-2026-10,"asscher ring, lab grown diamond, engagement ring, solitaire setting, made to order"
Loretta Champagne Marquise Solitaire: Marquise lab-grown diamond engagement ring,https://www.alvoradiamonds.com/assets/social/pieces/alv-r-0236.jpg,Coloured stone rings,"A single champagne marquise lab-grown diamond, held high in a precise claw setting on a slender band. Centre stone 0.5 to 6 ct, VS1 clarity, Excellent polish and symmetry, lab-grown. Made to order in silver, 14K or 18K gold, or platinum.",https://www.alvoradiamonds.com/jewellery/loretta-champagne-marquise-solitaire?utm_source=pinterest&utm_medium=social&utm_campaign=p1-2026-10,"marquise ring, lab grown diamond, engagement ring, solitaire setting, made to order"
Hannelore Champagne Solitaire: Moval lab-grown diamond engagement ring,https://www.alvoradiamonds.com/assets/social/pieces/alv-r-0237.jpg,Coloured stone rings,"A single champagne lab-grown diamond, held high in a precise claw setting on a slender band. Centre stone 0.5 to 6 ct, VS1 clarity, Excellent polish and symmetry, lab-grown. Made to order in silver, 14K or 18K gold, or platinum.",https://www.alvoradiamonds.com/jewellery/hannelore-champagne-solitaire?utm_source=pinterest&utm_medium=social&utm_campaign=p1-2026-10,"moval ring, lab grown diamond, engagement ring, solitaire setting, made to order"
Hannelore Solitaire: Old Euro lab-grown diamond engagement ring,https://www.alvoradiamonds.com/assets/social/pieces/alv-r-0238.jpg,Old Euro engagement rings,"A single lab-grown diamond, held high in a precise claw setting on a slender band. Centre stone 0.5 to 6 ct, VS1 clarity, Excellent polish and symmetry, lab-grown. Made to order in silver, 14K or 18K gold, or platinum.",https://www.alvoradiamonds.com/jewellery/hannelore-solitaire?utm_source=pinterest&utm_medium=social&utm_campaign=p1-2026-10,"old euro ring, lab grown diamond, engagement ring, solitaire setting, made to order"
Hannelore Emerald Solitaire: Emerald lab-grown diamond engagement ring,https://www.alvoradiamonds.com/assets/social/pieces/alv-r-0239.jpg,Emerald engagement rings,"A single emerald lab-grown diamond, held high in a precise claw setting on a slender band. Centre stone 0.5 to 6 ct, VS1 clarity, Excellent polish and symmetry, lab-grown. Made to order in silver, 14K or 18K gold, or platinum.",https://www.alvoradiamonds.com/jewellery/hannelore-emerald-solitaire?utm_source=pinterest&utm_medium=social&utm_campaign=p1-2026-10,"emerald ring, lab grown diamond, engagement ring, solitaire setting, made to order"
Hannelore Champagne Cushion Solitaire: Cushion lab-grown diamond engagement ring,https://www.alvoradiamonds.com/assets/social/pieces/alv-r-0240.jpg,Coloured stone rings,"A single champagne cushion lab-grown diamond, held high in a precise claw setting on a slender band. Centre stone 0.5 to 6 ct, VS1 clarity, Excellent polish and symmetry, lab-grown. Made to order in silver, 14K or 18K gold, or platinum.",https://www.alvoradiamonds.com/jewellery/hannelore-champagne-cushion-solitaire?utm_source=pinterest&utm_medium=social&utm_campaign=p1-2026-10,"cushion ring, lab grown diamond, engagement ring, solitaire setting, made to order"
Hannelore Princess Solitaire: Princess lab-grown diamond engagement ring,https://www.alvoradiamonds.com/assets/social/pieces/alv-r-0241.jpg,Lab-grown engagement rings,"A single princess lab-grown diamond, held high in a precise claw setting on a slender band. Centre stone 0.5 to 6 ct, VS1 clarity, Excellent polish and symmetry, lab-grown. Made to order in silver, 14K or 18K gold, or platinum.",https://www.alvoradiamonds.com/jewellery/hannelore-princess-solitaire?utm_source=pinterest&utm_medium=social&utm_campaign=p1-2026-10,"princess ring, lab grown diamond, engagement ring, solitaire setting, made to order"
Lorelle Champagne Cushion Solitaire: Cushion lab-grown diamond engagement ring,https://www.alvoradiamonds.com/assets/social/pieces/alv-r-0242.jpg,Coloured stone rings,"A single champagne cushion lab-grown diamond, held high in a precise claw setting on a slender band. Centre stone 0.5 to 6 ct, VS1 clarity, Excellent polish and symmetry, lab-grown. Made to order in silver, 14K or 18K gold, or platinum.",https://www.alvoradiamonds.com/jewellery/lorelle-champagne-cushion-solitaire?utm_source=pinterest&utm_medium=social&utm_campaign=p1-2026-10,"cushion ring, lab grown diamond, engagement ring, solitaire setting, made to order"
Amabel Solitaire: Moval lab-grown diamond engagement ring,https://www.alvoradiamonds.com/assets/social/pieces/alv-r-0243.jpg,Moval engagement rings,"A single lab-grown diamond, held high in a precise claw setting on a slender band. Centre stone 0.5 to 6 ct, VS1 clarity, Excellent polish and symmetry, lab-grown. Made to order in silver, 14K or 18K gold, or platinum.",https://www.alvoradiamonds.com/jewellery/amabel-solitaire?utm_source=pinterest&utm_medium=social&utm_campaign=p1-2026-10,"moval ring, lab grown diamond, engagement ring, solitaire setting, made to order"
Lucasta Oval Signet: Oval lab-grown diamond ring,https://www.alvoradiamonds.com/assets/social/pieces/alv-r-0244.jpg,Lab-grown diamond rings,"A signet profile with an oval lab-grown diamond set flush into the face. Centre stone 0.5 to 6 ct, VS1 clarity, Excellent polish and symmetry, lab-grown. Made to order in silver, 14K or 18K gold, or platinum.",https://www.alvoradiamonds.com/jewellery/lucasta-oval-signet?utm_source=pinterest&utm_medium=social&utm_campaign=p1-2026-10,"oval ring, lab grown diamond, ring, signet setting, made to order"
Magdalena Round Toi et Moi: Round lab-grown diamond engagement ring,https://www.alvoradiamonds.com/assets/social/pieces/alv-r-0245.jpg,Round engagement rings,"Two stones set side by side: a round lab-grown diamond paired with a companion cut, each held in its own claws. Centre stone 0.5 to 6 ct, VS1 clarity, Excellent polish and symmetry, lab-grown. Made to order in silver, 14K or 18K gold, or platinum.",https://www.alvoradiamonds.com/jewellery/magdalena-round-toi-et-moi?utm_source=pinterest&utm_medium=social&utm_campaign=p1-2026-10,"round ring, lab grown diamond, engagement ring, toi et moi setting, made to order"
Valentina Baguette Solitaire: Baguette lab-grown diamond engagement ring,https://www.alvoradiamonds.com/assets/social/pieces/alv-r-0246.jpg,Lab-grown engagement rings,"A single baguette lab-grown diamond, held high in a precise claw setting on a slender band. Centre stone 0.5 to 6 ct, VS1 clarity, Excellent polish and symmetry, lab-grown. Made to order in silver, 14K or 18K gold, or platinum.",https://www.alvoradiamonds.com/jewellery/valentina-baguette-solitaire?utm_source=pinterest&utm_medium=social&utm_campaign=p1-2026-10,"baguette ring, lab grown diamond, engagement ring, solitaire setting, made to order"
Avriel Cushion East-West: Cushion lab-grown diamond engagement ring,https://www.alvoradiamonds.com/assets/social/pieces/alv-r-0247.jpg,Cushion engagement rings,"A cushion lab-grown diamond turned on its side and held in a slim east-west setting. Centre stone 0.5 to 6 ct, VS1 clarity, Excellent polish and symmetry, lab-grown. Made to order in silver, 14K or 18K gold, or platinum.",https://www.alvoradiamonds.com/jewellery/avriel-cushion-east-west?utm_source=pinterest&utm_medium=social&utm_campaign=p1-2026-10,"cushion ring, lab grown diamond, engagement ring, east-west setting, made to order"
Avriel Solitaire: lab-grown diamond engagement ring,https://www.alvoradiamonds.com/assets/social/pieces/alv-r-0248.jpg,Lab-grown engagement rings,"A single lab-grown diamond, held high in a precise claw setting on a slender band. Centre stone 0.5 to 6 ct, VS1 clarity, Excellent polish and symmetry, lab-grown. Made to order in silver, 14K or 18K gold, or platinum.",https://www.alvoradiamonds.com/jewellery/avriel-solitaire?utm_source=pinterest&utm_medium=social&utm_campaign=p1-2026-10,"lab grown diamond, engagement ring, solitaire setting, made to order"
Veronique Oval East-West: Oval lab-grown diamond engagement ring,https://www.alvoradiamonds.com/assets/social/pieces/alv-r-0249.jpg,Oval engagement rings,"An oval lab-grown diamond turned on its side and held in a slim east-west setting. Centre stone 0.5 to 6 ct, VS1 clarity, Excellent polish and symmetry, lab-grown. Made to order in silver, 14K or 18K gold, or platinum.",https://www.alvoradiamonds.com/jewellery/veronique-oval-east-west?utm_source=pinterest&utm_medium=social&utm_campaign=p1-2026-10,"oval ring, lab grown diamond, engagement ring, east-west setting, made to order"
Ione Solitaire: lab-grown diamond engagement ring,https://www.alvoradiamonds.com/assets/social/pieces/alv-r-0250.jpg,Lab-grown engagement rings,"A single lab-grown diamond, held high in a precise claw setting on a slender band. Centre stone 0.5 to 6 ct, VS1 clarity, Excellent polish and symmetry, lab-grown. Made to order in silver, 14K or 18K gold, or platinum.",https://www.alvoradiamonds.com/jewellery/ione-solitaire?utm_source=pinterest&utm_medium=social&utm_campaign=p1-2026-10,"lab grown diamond, engagement ring, solitaire setting, made to order"
Violetta Blue Signet: lab-grown diamond ring,https://www.alvoradiamonds.com/assets/social/pieces/alv-r-0251.jpg,Lab-grown diamond rings,"A signet profile with a blue lab-grown diamond set flush into the face. Centre stone 0.5 to 6 ct, VS1 clarity, Excellent polish and symmetry, lab-grown. Made to order in silver, 14K or 18K gold, or platinum.",https://www.alvoradiamonds.com/jewellery/violetta-blue-signet?utm_source=pinterest&utm_medium=social&utm_campaign=p1-2026-10,"lab grown diamond, ring, signet setting, made to order"
Hannelore Radiant Solitaire: Radiant lab-grown diamond engagement ring,https://www.alvoradiamonds.com/assets/social/pieces/alv-r-0252.jpg,Radiant engagement rings,"A single radiant lab-grown diamond, held high in a precise claw setting on a slender band. Centre stone 0.5 to 6 ct, VS1 clarity, Excellent polish and symmetry, lab-grown. Made to order in silver, 14K or 18K gold, or platinum.",https://www.alvoradiamonds.com/jewellery/hannelore-radiant-solitaire?utm_source=pinterest&utm_medium=social&utm_campaign=p1-2026-10,"radiant ring, lab grown diamond, engagement ring, solitaire setting, made to order"
Wendeline Oval Solitaire: Oval lab-grown diamond engagement ring,https://www.alvoradiamonds.com/assets/social/pieces/alv-r-0253.jpg,Oval engagement rings,"A single oval lab-grown diamond, held high in a precise claw setting on a slender band. Centre stone 0.5 to 6 ct, VS1 clarity, Excellent polish and symmetry, lab-grown. Made to order in silver, 14K or 18K gold, or platinum.",https://www.alvoradiamonds.com/jewellery/wendeline-oval-solitaire?utm_source=pinterest&utm_medium=social&utm_campaign=p1-2026-10,"oval ring, lab grown diamond, engagement ring, solitaire setting, made to order"
Xiomara Bezel: Moval lab-grown diamond engagement ring,https://www.alvoradiamonds.com/assets/social/pieces/alv-r-0254.jpg,Moval engagement rings,"A lab-grown diamond wrapped in a clean, protective bezel of polished gold. Centre stone 0.5 to 6 ct, VS1 clarity, Excellent polish and symmetry, lab-grown. Made to order in silver, 14K or 18K gold, or platinum.",https://www.alvoradiamonds.com/jewellery/xiomara-bezel?utm_source=pinterest&utm_medium=social&utm_campaign=p1-2026-10,"moval ring, lab grown diamond, engagement ring, bezel setting, made to order"
Yasmina Champagne Trillion Solitaire: Trillion lab-grown diamond engagement ring,https://www.alvoradiamonds.com/assets/social/pieces/alv-r-0255.jpg,Coloured stone rings,"A single champagne trillion lab-grown diamond, held high in a precise claw setting on a slender band. Centre stone 0.5 to 6 ct, VS1 clarity, Excellent polish and symmetry, lab-grown. Made to order in silver, 14K or 18K gold, or platinum.",https://www.alvoradiamonds.com/jewellery/yasmina-champagne-trillion-solitaire?utm_source=pinterest&utm_medium=social&utm_campaign=p1-2026-10,"trillion ring, lab grown diamond, engagement ring, solitaire setting, made to order"
Zabel Champagne Solitaire: Old Euro lab-grown diamond engagement ring,https://www.alvoradiamonds.com/assets/social/pieces/alv-r-0256.jpg,Coloured stone rings,"A single champagne lab-grown diamond, held high in a precise claw setting on a slender band. Centre stone 0.5 to 6 ct, VS1 clarity, Excellent polish and symmetry, lab-grown. Made to order in silver, 14K or 18K gold, or platinum.",https://www.alvoradiamonds.com/jewellery/zabel-champagne-solitaire?utm_source=pinterest&utm_medium=social&utm_campaign=p1-2026-10,"old euro ring, lab grown diamond, engagement ring, solitaire setting, made to order"
Zephyrine Blue Five Stone: lab-grown diamond engagement ring,https://www.alvoradiamonds.com/assets/social/pieces/alv-r-0257.jpg,Coloured stone rings,"A blue lab-grown diamond flanked by four graduated stones, set low across the finger. Centre stone 0.5 to 6 ct, VS1 clarity, Excellent polish and symmetry, lab-grown. Made to order in silver, 14K or 18K gold, or platinum.",https://www.alvoradiamonds.com/jewellery/zephyrine-blue-five-stone?utm_source=pinterest&utm_medium=social&utm_campaign=p1-2026-10,"lab grown diamond, engagement ring, five stone setting, made to order"
Anneliese Solitaire: lab-grown diamond engagement ring,https://www.alvoradiamonds.com/assets/social/pieces/alv-r-0258.jpg,Lab-grown engagement rings,"A single lab-grown diamond, held high in a precise claw setting on a slender band. Centre stone 0.5 to 6 ct, VS1 clarity, Excellent polish and symmetry, lab-grown. Made to order in silver, 14K or 18K gold, or platinum.",https://www.alvoradiamonds.com/jewellery/anneliese-solitaire?utm_source=pinterest&utm_medium=social&utm_campaign=p1-2026-10,"lab grown diamond, engagement ring, solitaire setting, made to order"
Anneliese Cushion East-West: Cushion lab-grown diamond engagement ring,https://www.alvoradiamonds.com/assets/social/pieces/alv-r-0259.jpg,Cushion engagement rings,"A cushion lab-grown diamond turned on its side and held in a slim east-west setting. Centre stone 0.5 to 6 ct, VS1 clarity, Excellent polish and symmetry, lab-grown. Made to order in silver, 14K or 18K gold, or platinum.",https://www.alvoradiamonds.com/jewellery/anneliese-cushion-east-west?utm_source=pinterest&utm_medium=social&utm_campaign=p1-2026-10,"cushion ring, lab grown diamond, engagement ring, east-west setting, made to order"
Anneliese Oval East-West: Oval lab-grown diamond engagement ring,https://www.alvoradiamonds.com/assets/social/pieces/alv-r-0260.jpg,Oval engagement rings,"An oval lab-grown diamond turned on its side and held in a slim east-west setting. Centre stone 0.5 to 6 ct, VS1 clarity, Excellent polish and symmetry, lab-grown. Made to order in silver, 14K or 18K gold, or platinum.",https://www.alvoradiamonds.com/jewellery/anneliese-oval-east-west?utm_source=pinterest&utm_medium=social&utm_campaign=p1-2026-10,"oval ring, lab grown diamond, engagement ring, east-west setting, made to order"
Anneliese Radiant Solitaire: Radiant lab-grown diamond engagement ring,https://www.alvoradiamonds.com/assets/social/pieces/alv-r-0261.jpg,Radiant engagement rings,"A single radiant lab-grown diamond, held high in a precise claw setting on a slender band. Centre stone 0.5 to 6 ct, VS1 clarity, Excellent polish and symmetry, lab-grown. Made to order in silver, 14K or 18K gold, or platinum.",https://www.alvoradiamonds.com/jewellery/anneliese-radiant-solitaire?utm_source=pinterest&utm_medium=social&utm_campaign=p1-2026-10,"radiant ring, lab grown diamond, engagement ring, solitaire setting, made to order"
Ambretta Emerald East-West: Emerald lab-grown diamond engagement ring,https://www.alvoradiamonds.com/assets/social/pieces/alv-r-0262.jpg,Emerald engagement rings,"An emerald lab-grown diamond turned on its side and held in a slim east-west setting. Centre stone 0.5 to 6 ct, VS1 clarity, Excellent polish and symmetry, lab-grown. Made to order in silver, 14K or 18K gold, or platinum.",https://www.alvoradiamonds.com/jewellery/ambretta-emerald-east-west?utm_source=pinterest&utm_medium=social&utm_campaign=p1-2026-10,"emerald ring, lab grown diamond, engagement ring, east-west setting, made to order"
Belinda Solitaire: Old Euro lab-grown diamond engagement ring,https://www.alvoradiamonds.com/assets/social/pieces/alv-r-0263.jpg,Old Euro engagement rings,"A single lab-grown diamond, held high in a precise claw setting on a slender band. Centre stone 0.5 to 6 ct, VS1 clarity, Excellent polish and symmetry, lab-grown. Made to order in silver, 14K or 18K gold, or platinum.",https://www.alvoradiamonds.com/jewellery/belinda-solitaire?utm_source=pinterest&utm_medium=social&utm_campaign=p1-2026-10,"old euro ring, lab grown diamond, engagement ring, solitaire setting, made to order"
Belinda Radiant Solitaire: Radiant lab-grown diamond engagement ring,https://www.alvoradiamonds.com/assets/social/pieces/alv-r-0264.jpg,Radiant engagement rings,"A single radiant lab-grown diamond, held high in a precise claw setting on a slender band. Centre stone 0.5 to 6 ct, VS1 clarity, Excellent polish and symmetry, lab-grown. Made to order in silver, 14K or 18K gold, or platinum.",https://www.alvoradiamonds.com/jewellery/belinda-radiant-solitaire?utm_source=pinterest&utm_medium=social&utm_campaign=p1-2026-10,"radiant ring, lab grown diamond, engagement ring, solitaire setting, made to order"
Cressida Solitaire: Old Euro lab-grown diamond engagement ring,https://www.alvoradiamonds.com/assets/social/pieces/alv-r-0265.jpg,Old Euro engagement rings,"A single lab-grown diamond, held high in a precise claw setting on a slender band. Centre stone 0.5 to 6 ct, VS1 clarity, Excellent polish and symmetry, lab-grown. Made to order in silver, 14K or 18K gold, or platinum.",https://www.alvoradiamonds.com/jewellery/cressida-solitaire?utm_source=pinterest&utm_medium=social&utm_campaign=p1-2026-10,"old euro ring, lab grown diamond, engagement ring, solitaire setting, made to order"
Ellora Round Solitaire: Round lab-grown diamond engagement ring,https://www.alvoradiamonds.com/assets/social/pieces/alv-r-0266.jpg,Round engagement rings,"A single round lab-grown diamond, held high in a precise claw setting on a slender band. Centre stone 0.5 to 6 ct, VS1 clarity, Excellent polish and symmetry, lab-grown. Made to order in silver, 14K or 18K gold, or platinum.",https://www.alvoradiamonds.com/jewellery/ellora-round-solitaire?utm_source=pinterest&utm_medium=social&utm_campaign=p1-2026-10,"round ring, lab grown diamond, engagement ring, solitaire setting, made to order"
Domenica Elongated Cushion Solitaire: Elongated Cushion lab-grown diamond engagement ring,https://www.alvoradiamonds.com/assets/social/pieces/alv-r-0267.jpg,Elongated Cushion engagement rings,"A single elongated cushion lab-grown diamond, held high in a precise claw setting on a slender band. Centre stone 0.5 to 6 ct, VS1 clarity, Excellent polish and symmetry, lab-grown. Made to order in silver, 14K or 18K gold, or platinum.",https://www.alvoradiamonds.com/jewellery/domenica-elongated-cushion-solitaire?utm_source=pinterest&utm_medium=social&utm_campaign=p1-2026-10,"elongated cushion ring, lab grown diamond, engagement ring, solitaire setting, made to order"
Elspeth Pear East-West: Pear lab-grown diamond engagement ring,https://www.alvoradiamonds.com/assets/social/pieces/alv-r-0268.jpg,Pear engagement rings,"A pear lab-grown diamond turned on its side and held in a slim east-west setting. Centre stone 0.5 to 6 ct, VS1 clarity, Excellent polish and symmetry, lab-grown. Made to order in silver, 14K or 18K gold, or platinum.",https://www.alvoradiamonds.com/jewellery/elspeth-pear-east-west?utm_source=pinterest&utm_medium=social&utm_campaign=p1-2026-10,"pear ring, lab grown diamond, engagement ring, east-west setting, made to order"
Elspeth Solitaire: Roval lab-grown diamond engagement ring,https://www.alvoradiamonds.com/assets/social/pieces/alv-r-0269.jpg,Lab-grown engagement rings,"A single lab-grown diamond, held high in a precise claw setting on a slender band. Centre stone 0.5 to 6 ct, VS1 clarity, Excellent polish and symmetry, lab-grown. Made to order in silver, 14K or 18K gold, or platinum.",https://www.alvoradiamonds.com/jewellery/elspeth-solitaire?utm_source=pinterest&utm_medium=social&utm_campaign=p1-2026-10,"roval ring, lab grown diamond, engagement ring, solitaire setting, made to order"
Fortuna Champagne Solitaire: lab-grown diamond engagement ring,https://www.alvoradiamonds.com/assets/social/pieces/alv-r-0270.jpg,Coloured stone rings,"A single champagne lab-grown diamond, held high in a precise claw setting on a slender band. Centre stone 0.5 to 6 ct, VS1 clarity, Excellent polish and symmetry, lab-grown. Made to order in silver, 14K or 18K gold, or platinum.",https://www.alvoradiamonds.com/jewellery/fortuna-champagne-solitaire?utm_source=pinterest&utm_medium=social&utm_campaign=p1-2026-10,"lab grown diamond, engagement ring, solitaire setting, made to order"
Fortuna Oval Solitaire: Oval lab-grown diamond engagement ring,https://www.alvoradiamonds.com/assets/social/pieces/alv-r-0271.jpg,Oval engagement rings,"A single oval lab-grown diamond, held high in a precise claw setting on a slender band. Centre stone 0.5 to 6 ct, VS1 clarity, Excellent polish and symmetry, lab-grown. Made to order in silver, 14K or 18K gold, or platinum.",https://www.alvoradiamonds.com/jewellery/fortuna-oval-solitaire?utm_source=pinterest&utm_medium=social&utm_campaign=p1-2026-10,"oval ring, lab grown diamond, engagement ring, solitaire setting, made to order"
Odessa Radiant Solitaire: Radiant lab-grown diamond engagement ring,https://www.alvoradiamonds.com/assets/social/pieces/alv-r-0272.jpg,Radiant engagement rings,"A single radiant lab-grown diamond, held high in a precise claw setting on a slender band. Centre stone 0.5 to 6 ct, VS1 clarity, Excellent polish and symmetry, lab-grown. Made to order in silver, 14K or 18K gold, or platinum.",https://www.alvoradiamonds.com/jewellery/odessa-radiant-solitaire?utm_source=pinterest&utm_medium=social&utm_campaign=p1-2026-10,"radiant ring, lab grown diamond, engagement ring, solitaire setting, made to order"
Georgina Old Mine Solitaire: Old Mine lab-grown diamond engagement ring,https://www.alvoradiamonds.com/assets/social/pieces/alv-r-0273.jpg,Old Mine engagement rings,"A single old mine lab-grown diamond, held high in a precise claw setting on a slender band. Centre stone 0.5 to 6 ct, VS1 clarity, Excellent polish and symmetry, lab-grown. Made to order in silver, 14K or 18K gold, or platinum.",https://www.alvoradiamonds.com/jewellery/georgina-old-mine-solitaire?utm_source=pinterest&utm_medium=social&utm_campaign=p1-2026-10,"old mine ring, lab grown diamond, engagement ring, solitaire setting, made to order"
Henrietta Oval Bezel: Oval lab-grown diamond engagement ring,https://www.alvoradiamonds.com/assets/social/pieces/alv-r-0274.jpg,Oval engagement rings,"An oval lab-grown diamond wrapped in a clean, protective bezel of polished gold. Centre stone 0.5 to 6 ct, VS1 clarity, Excellent polish and symmetry, lab-grown. Made to order in silver, 14K or 18K gold, or platinum.",https://www.alvoradiamonds.com/jewellery/henrietta-oval-bezel?utm_source=pinterest&utm_medium=social&utm_campaign=p1-2026-10,"oval ring, lab grown diamond, engagement ring, bezel setting, made to order"
Iolanthe Oval East-West: Oval lab-grown diamond engagement ring,https://www.alvoradiamonds.com/assets/social/pieces/alv-r-0275.jpg,Oval engagement rings,"An oval lab-grown diamond turned on its side and held in a slim east-west setting. Centre stone 0.5 to 6 ct, VS1 clarity, Excellent polish and symmetry, lab-grown. Made to order in silver, 14K or 18K gold, or platinum.",https://www.alvoradiamonds.com/jewellery/iolanthe-oval-east-west?utm_source=pinterest&utm_medium=social&utm_campaign=p1-2026-10,"oval ring, lab grown diamond, engagement ring, east-west setting, made to order"
Minerva Solitaire: lab-grown diamond engagement ring,https://www.alvoradiamonds.com/assets/social/pieces/alv-r-0276.jpg,Lab-grown engagement rings,"A single lab-grown diamond, held high in a precise claw setting on a slender band. Centre stone 0.5 to 6 ct, VS1 clarity, Excellent polish and symmetry, lab-grown. Made to order in silver, 14K or 18K gold, or platinum.",https://www.alvoradiamonds.com/jewellery/minerva-solitaire?utm_source=pinterest&utm_medium=social&utm_campaign=p1-2026-10,"lab grown diamond, engagement ring, solitaire setting, made to order"
Janina East-West: Moval lab-grown diamond engagement ring,https://www.alvoradiamonds.com/assets/social/pieces/alv-r-0277.jpg,Moval engagement rings,"A lab-grown diamond turned on its side and held in a slim east-west setting. Centre stone 0.5 to 6 ct, VS1 clarity, Excellent polish and symmetry, lab-grown. Made to order in silver, 14K or 18K gold, or platinum.",https://www.alvoradiamonds.com/jewellery/janina-east-west?utm_source=pinterest&utm_medium=social&utm_campaign=p1-2026-10,"moval ring, lab grown diamond, engagement ring, east-west setting, made to order"
Ellora Heritage: lab-grown diamond engagement ring,https://www.alvoradiamonds.com/assets/social/pieces/alv-r-0278.jpg,Lab-grown engagement rings,"A lab-grown diamond in a heritage setting with hand-finished detailing along the band. Centre stone 0.5 to 6 ct, VS1 clarity, Excellent polish and symmetry, lab-grown. Made to order in silver, 14K or 18K gold, or platinum.",https://www.alvoradiamonds.com/jewellery/ellora-heritage?utm_source=pinterest&utm_medium=social&utm_campaign=p1-2026-10,"lab grown diamond, engagement ring, heritage setting, made to order"
Klementine Emerald Solitaire: Emerald lab-grown diamond engagement ring,https://www.alvoradiamonds.com/assets/social/pieces/alv-r-0279.jpg,Emerald engagement rings,"A single emerald lab-grown diamond, held high in a precise claw setting on a slender band. Centre stone 0.5 to 6 ct, VS1 clarity, Excellent polish and symmetry, lab-grown. Made to order in silver, 14K or 18K gold, or platinum.",https://www.alvoradiamonds.com/jewellery/klementine-emerald-solitaire?utm_source=pinterest&utm_medium=social&utm_campaign=p1-2026-10,"emerald ring, lab grown diamond, engagement ring, solitaire setting, made to order"
Leonora Round Solitaire: Round lab-grown diamond engagement ring,https://www.alvoradiamonds.com/assets/social/pieces/alv-r-0280.jpg,Round engagement rings,"A single round lab-grown diamond, held high in a precise claw setting on a slender band. Centre stone 0.5 to 6 ct, VS1 clarity, Excellent polish and symmetry, lab-grown. Made to order in silver, 14K or 18K gold, or platinum.",https://www.alvoradiamonds.com/jewellery/leonora-round-solitaire?utm_source=pinterest&utm_medium=social&utm_campaign=p1-2026-10,"round ring, lab grown diamond, engagement ring, solitaire setting, made to order"
Leonora Pear Solitaire: Pear lab-grown diamond engagement ring,https://www.alvoradiamonds.com/assets/social/pieces/alv-r-0281.jpg,Pear engagement rings,"A single pear lab-grown diamond, held high in a precise claw setting on a slender band. Centre stone 0.5 to 6 ct, VS1 clarity, Excellent polish and symmetry, lab-grown. Made to order in silver, 14K or 18K gold, or platinum.",https://www.alvoradiamonds.com/jewellery/leonora-pear-solitaire?utm_source=pinterest&utm_medium=social&utm_campaign=p1-2026-10,"pear ring, lab grown diamond, engagement ring, solitaire setting, made to order"
Nicolette Toi et Moi: lab-grown diamond engagement ring,https://www.alvoradiamonds.com/assets/social/pieces/alv-r-0282.jpg,Lab-grown engagement rings,"Two stones set side by side: a lab-grown diamond paired with a companion cut, each held in its own claws. Centre stone 0.5 to 6 ct, VS1 clarity, Excellent polish and symmetry, lab-grown. Made to order in silver, 14K or 18K gold, or platinum.",https://www.alvoradiamonds.com/jewellery/nicolette-toi-et-moi?utm_source=pinterest&utm_medium=social&utm_campaign=p1-2026-10,"lab grown diamond, engagement ring, toi et moi setting, made to order"
Priscilla Cushion Signet: Cushion lab-grown diamond ring,https://www.alvoradiamonds.com/assets/social/pieces/alv-r-0283.jpg,Lab-grown diamond rings,"A signet profile with a cushion lab-grown diamond set flush into the face. Centre stone 0.5 to 6 ct, VS1 clarity, Excellent polish and symmetry, lab-grown. Made to order in silver, 14K or 18K gold, or platinum.",https://www.alvoradiamonds.com/jewellery/priscilla-cushion-signet?utm_source=pinterest&utm_medium=social&utm_campaign=p1-2026-10,"cushion ring, lab grown diamond, ring, signet setting, made to order"
Raphaela Ruby Heritage: lab-grown diamond engagement ring,https://www.alvoradiamonds.com/assets/social/pieces/alv-r-0284.jpg,Coloured stone rings,"A ruby lab-grown diamond in a heritage setting with hand-finished detailing along the band. Centre stone 0.5 to 6 ct, VS1 clarity, Excellent polish and symmetry, lab-grown. Made to order in silver, 14K or 18K gold, or platinum.",https://www.alvoradiamonds.com/jewellery/raphaela-ruby-heritage?utm_source=pinterest&utm_medium=social&utm_campaign=p1-2026-10,"lab grown diamond, engagement ring, heritage setting, made to order"
Rosalba Heritage: lab-grown diamond engagement ring,https://www.alvoradiamonds.com/assets/social/pieces/alv-r-0285.jpg,Lab-grown engagement rings,"A lab-grown diamond in a heritage setting with hand-finished detailing along the band. Centre stone 0.5 to 6 ct, VS1 clarity, Excellent polish and symmetry, lab-grown. Made to order in silver, 14K or 18K gold, or platinum.",https://www.alvoradiamonds.com/jewellery/rosalba-heritage?utm_source=pinterest&utm_medium=social&utm_campaign=p1-2026-10,"lab grown diamond, engagement ring, heritage setting, made to order"
Sebastienne Round Signet: Round lab-grown diamond ring,https://www.alvoradiamonds.com/assets/social/pieces/alv-r-0286.jpg,Lab-grown diamond rings,"A signet profile with a round lab-grown diamond set flush into the face. Centre stone 0.5 to 6 ct, VS1 clarity, Excellent polish and symmetry, lab-grown. Made to order in silver, 14K or 18K gold, or platinum.",https://www.alvoradiamonds.com/jewellery/sebastienne-round-signet?utm_source=pinterest&utm_medium=social&utm_campaign=p1-2026-10,"round ring, lab grown diamond, ring, signet setting, made to order"
Amabel Champagne Solitaire: lab-grown diamond engagement ring,https://www.alvoradiamonds.com/assets/social/pieces/alv-r-0287.jpg,Coloured stone rings,"A single champagne lab-grown diamond, held high in a precise claw setting on a slender band. Centre stone 0.5 to 6 ct, VS1 clarity, Excellent polish and symmetry, lab-grown. Made to order in silver, 14K or 18K gold, or platinum.",https://www.alvoradiamonds.com/jewellery/amabel-champagne-solitaire?utm_source=pinterest&utm_medium=social&utm_campaign=p1-2026-10,"lab grown diamond, engagement ring, solitaire setting, made to order"
Amabel East-West: Moval lab-grown diamond engagement ring,https://www.alvoradiamonds.com/assets/social/pieces/alv-r-0288.jpg,Moval engagement rings,"A lab-grown diamond turned on its side and held in a slim east-west setting. Centre stone 0.5 to 6 ct, VS1 clarity, Excellent polish and symmetry, lab-grown. Made to order in silver, 14K or 18K gold, or platinum.",https://www.alvoradiamonds.com/jewellery/amabel-east-west?utm_source=pinterest&utm_medium=social&utm_campaign=p1-2026-10,"moval ring, lab grown diamond, engagement ring, east-west setting, made to order"
Theodosia Solitaire: Moval lab-grown diamond engagement ring,https://www.alvoradiamonds.com/assets/social/pieces/alv-r-0289.jpg,Moval engagement rings,"A single lab-grown diamond, held high in a precise claw setting on a slender band. Centre stone 0.5 to 6 ct, VS1 clarity, Excellent polish and symmetry, lab-grown. Made to order in silver, 14K or 18K gold, or platinum.",https://www.alvoradiamonds.com/jewellery/theodosia-solitaire?utm_source=pinterest&utm_medium=social&utm_campaign=p1-2026-10,"moval ring, lab grown diamond, engagement ring, solitaire setting, made to order"
Zoraya Champagne Marquise Solitaire: Marquise lab-grown diamond engagement ring,https://www.alvoradiamonds.com/assets/social/pieces/alv-r-0290.jpg,Coloured stone rings,"A single champagne marquise lab-grown diamond, held high in a precise claw setting on a slender band. Centre stone 0.5 to 6 ct, VS1 clarity, Excellent polish and symmetry, lab-grown. Made to order in silver, 14K or 18K gold, or platinum.",https://www.alvoradiamonds.com/jewellery/zoraya-champagne-marquise-solitaire?utm_source=pinterest&utm_medium=social&utm_campaign=p1-2026-10,"marquise ring, lab grown diamond, engagement ring, solitaire setting, made to order"
Tessaly Yellow Solitaire: lab-grown diamond engagement ring,https://www.alvoradiamonds.com/assets/social/pieces/alv-r-0291.jpg,Coloured stone rings,"A single yellow lab-grown diamond, held high in a precise claw setting on a slender band. Centre stone 0.5 to 6 ct, VS1 clarity, Excellent polish and symmetry, lab-grown. Made to order in silver, 14K or 18K gold, or platinum.",https://www.alvoradiamonds.com/jewellery/tessaly-yellow-solitaire?utm_source=pinterest&utm_medium=social&utm_campaign=p1-2026-10,"lab grown diamond, engagement ring, solitaire setting, made to order"
Hesper Emerald Studs: Emerald lab-grown diamond earrings,https://www.alvoradiamonds.com/assets/social/pieces/alv-e-0008.jpg,Diamond earrings,"A pair of emerald lab-grown diamonds in secure claw settings, matched stone for stone. Centre stone 0.5 to 6 ct, VS1 clarity, Excellent polish and symmetry, lab-grown. Made to order in silver, 14K or 18K gold, or platinum.",https://www.alvoradiamonds.com/jewellery/hesper-emerald-studs?utm_source=pinterest&utm_medium=social&utm_campaign=p1-2026-10,"emerald ring, lab grown diamond, earrings, studs setting, made to order"
Hesper Marquise Studs: Marquise lab-grown diamond earrings,https://www.alvoradiamonds.com/assets/social/pieces/alv-e-0009.jpg,Diamond earrings,"A pair of marquise lab-grown diamonds in secure claw settings, matched stone for stone. Centre stone 0.5 to 6 ct, VS1 clarity, Excellent polish and symmetry, lab-grown. Made to order in silver, 14K or 18K gold, or platinum.",https://www.alvoradiamonds.com/jewellery/hesper-marquise-studs?utm_source=pinterest&utm_medium=social&utm_campaign=p1-2026-10,"marquise ring, lab grown diamond, earrings, studs setting, made to order"
Jessamy Marquise Studs: Marquise lab-grown diamond earrings,https://www.alvoradiamonds.com/assets/social/pieces/alv-e-0010.jpg,Diamond earrings,"A pair of marquise lab-grown diamonds in secure claw settings, matched stone for stone. Centre stone 0.5 to 6 ct, VS1 clarity, Excellent polish and symmetry, lab-grown. Made to order in silver, 14K or 18K gold, or platinum.",https://www.alvoradiamonds.com/jewellery/jessamy-marquise-studs?utm_source=pinterest&utm_medium=social&utm_campaign=p1-2026-10,"marquise ring, lab grown diamond, earrings, studs setting, made to order"
Kestrel Round Studs: Round lab-grown diamond earrings,https://www.alvoradiamonds.com/assets/social/pieces/alv-e-0011.jpg,Diamond earrings,"A pair of round lab-grown diamonds in secure claw settings, matched stone for stone. Centre stone 0.5 to 6 ct, VS1 clarity, Excellent polish and symmetry, lab-grown. Made to order in silver, 14K or 18K gold, or platinum.",https://www.alvoradiamonds.com/jewellery/kestrel-round-studs?utm_source=pinterest&utm_medium=social&utm_campaign=p1-2026-10,"round ring, lab grown diamond, earrings, studs setting, made to order"
Freya Emerald Solitaire: Emerald lab-grown diamond engagement ring,https://www.alvoradiamonds.com/assets/social/pieces/alv-r-0052.jpg,Emerald engagement rings,"A single emerald lab-grown diamond, held high in a precise claw setting on a slender band. Centre stone 0.5 to 6 ct, VS1 clarity, Excellent polish and symmetry, lab-grown. Made to order in silver, 14K or 18K gold, or platinum.",https://www.alvoradiamonds.com/jewellery/freya-emerald-solitaire?utm_source=pinterest&utm_medium=social&utm_campaign=p1-2026-10,"emerald ring, lab grown diamond, engagement ring, solitaire setting, made to order"
Galia Emerald Solitaire: Emerald lab-grown diamond engagement ring,https://www.alvoradiamonds.com/assets/social/pieces/alv-r-0053.jpg,Emerald engagement rings,"A single emerald lab-grown diamond, held high in a precise claw setting on a slender band. Centre stone 0.5 to 6 ct, VS1 clarity, Excellent polish and symmetry, lab-grown. Made to order in silver, 14K or 18K gold, or platinum.",https://www.alvoradiamonds.com/jewellery/galia-emerald-solitaire?utm_source=pinterest&utm_medium=social&utm_campaign=p1-2026-10,"emerald ring, lab grown diamond, engagement ring, solitaire setting, made to order"
Ione Emerald Solitaire: Emerald lab-grown diamond engagement ring,https://www.alvoradiamonds.com/assets/social/pieces/alv-r-0054.jpg,Emerald engagement rings,"A single emerald lab-grown diamond, held high in a precise claw setting on a slender band. Centre stone 0.5 to 6 ct, VS1 clarity, Excellent polish and symmetry, lab-grown. Made to order in silver, 14K or 18K gold, or platinum.",https://www.alvoradiamonds.com/jewellery/ione-emerald-solitaire?utm_source=pinterest&utm_medium=social&utm_campaign=p1-2026-10,"emerald ring, lab grown diamond, engagement ring, solitaire setting, made to order"
Linnea Champagne Solitaire: Moval lab-grown diamond engagement ring,https://www.alvoradiamonds.com/assets/social/pieces/alv-r-0055.jpg,Coloured stone rings,"A single champagne lab-grown diamond, held high in a precise claw setting on a slender band. Centre stone 0.5 to 6 ct, VS1 clarity, Excellent polish and symmetry, lab-grown. Made to order in silver, 14K or 18K gold, or platinum.",https://www.alvoradiamonds.com/jewellery/linnea-champagne-solitaire?utm_source=pinterest&utm_medium=social&utm_campaign=p1-2026-10,"moval ring, lab grown diamond, engagement ring, solitaire setting, made to order"
Meline Radiant Solitaire: Radiant lab-grown diamond engagement ring,https://www.alvoradiamonds.com/assets/social/pieces/alv-r-0056.jpg,Radiant engagement rings,"A single radiant lab-grown diamond, held high in a precise claw setting on a slender band. Centre stone 0.5 to 6 ct, VS1 clarity, Excellent polish and symmetry, lab-grown. Made to order in silver, 14K or 18K gold, or platinum.",https://www.alvoradiamonds.com/jewellery/meline-radiant-solitaire?utm_source=pinterest&utm_medium=social&utm_campaign=p1-2026-10,"radiant ring, lab grown diamond, engagement ring, solitaire setting, made to order"
Nell Radiant Solitaire: Radiant lab-grown diamond engagement ring,https://www.alvoradiamonds.com/assets/social/pieces/alv-r-0057.jpg,Radiant engagement rings,"A single radiant lab-grown diamond, held high in a precise claw setting on a slender band. Centre stone 0.5 to 6 ct, VS1 clarity, Excellent polish and symmetry, lab-grown. Made to order in silver, 14K or 18K gold, or platinum.",https://www.alvoradiamonds.com/jewellery/nell-radiant-solitaire?utm_source=pinterest&utm_medium=social&utm_campaign=p1-2026-10,"radiant ring, lab grown diamond, engagement ring, solitaire setting, made to order"
Odessa Marquise Solitaire: Marquise lab-grown diamond engagement ring,https://www.alvoradiamonds.com/assets/social/pieces/alv-r-0058.jpg,Marquise engagement rings,"A single marquise lab-grown diamond, held high in a precise claw setting on a slender band. Centre stone 0.5 to 6 ct, VS1 clarity, Excellent polish and symmetry, lab-grown. Made to order in silver, 14K or 18K gold, or platinum.",https://www.alvoradiamonds.com/jewellery/odessa-marquise-solitaire?utm_source=pinterest&utm_medium=social&utm_campaign=p1-2026-10,"marquise ring, lab grown diamond, engagement ring, solitaire setting, made to order"
Rosalind Green Studs: Portuguese lab-grown diamond earrings,https://www.alvoradiamonds.com/assets/social/pieces/alv-e-0012.jpg,Diamond earrings,"A pair of green lab-grown diamonds in secure claw settings, matched stone for stone. Centre stone 0.5 to 6 ct, VS1 clarity, Excellent polish and symmetry, lab-grown. Made to order in silver, 14K or 18K gold, or platinum.",https://www.alvoradiamonds.com/jewellery/rosalind-green-studs?utm_source=pinterest&utm_medium=social&utm_campaign=p1-2026-10,"portuguese ring, lab grown diamond, earrings, studs setting, made to order"
Ursa Round Pendant: Round lab-grown diamond pendant,https://www.alvoradiamonds.com/assets/social/pieces/alv-p-0014.jpg,Diamond pendants,"A round lab-grown diamond suspended on a fine gold chain in a clean, lifted setting. Centre stone 0.5 to 6 ct, VS1 clarity, Excellent polish and symmetry, lab-grown. Made to order in silver, 14K or 18K gold, or platinum.",https://www.alvoradiamonds.com/jewellery/ursa-round-pendant?utm_source=pinterest&utm_medium=social&utm_campaign=p1-2026-10,"round ring, lab grown diamond, pendant, pendant setting, made to order"
Philippa Solitaire: Old Euro lab-grown diamond engagement ring,https://www.alvoradiamonds.com/assets/social/pieces/alv-r-0059.jpg,Old Euro engagement rings,"A single lab-grown diamond, held high in a precise claw setting on a slender band. Centre stone 0.5 to 6 ct, VS1 clarity, Excellent polish and symmetry, lab-grown. Made to order in silver, 14K or 18K gold, or platinum.",https://www.alvoradiamonds.com/jewellery/philippa-solitaire?utm_source=pinterest&utm_medium=social&utm_campaign=p1-2026-10,"old euro ring, lab grown diamond, engagement ring, solitaire setting, made to order"
Sidonie Solitaire: Moval lab-grown diamond engagement ring,https://www.alvoradiamonds.com/assets/social/pieces/alv-r-0060.jpg,Moval engagement rings,"A single lab-grown diamond, held high in a precise claw setting on a slender band. Centre stone 0.5 to 6 ct, VS1 clarity, Excellent polish and symmetry, lab-grown. Made to order in silver, 14K or 18K gold, or platinum.",https://www.alvoradiamonds.com/jewellery/sidonie-solitaire?utm_source=pinterest&utm_medium=social&utm_campaign=p1-2026-10,"moval ring, lab grown diamond, engagement ring, solitaire setting, made to order"
Tessaly Solitaire: lab-grown diamond engagement ring,https://www.alvoradiamonds.com/assets/social/pieces/alv-r-0061.jpg,Lab-grown engagement rings,"A single lab-grown diamond, held high in a precise claw setting on a slender band. Centre stone 0.5 to 6 ct, VS1 clarity, Excellent polish and symmetry, lab-grown. Made to order in silver, 14K or 18K gold, or platinum.",https://www.alvoradiamonds.com/jewellery/tessaly-solitaire?utm_source=pinterest&utm_medium=social&utm_campaign=p1-2026-10,"lab grown diamond, engagement ring, solitaire setting, made to order"
Wilhelmina Round Pendant: Round lab-grown diamond pendant,https://www.alvoradiamonds.com/assets/social/pieces/alv-p-0015.jpg,Diamond pendants,"A round lab-grown diamond suspended on a fine gold chain in a clean, lifted setting. Centre stone 0.5 to 6 ct, VS1 clarity, Excellent polish and symmetry, lab-grown. Made to order in silver, 14K or 18K gold, or platinum.",https://www.alvoradiamonds.com/jewellery/wilhelmina-round-pendant?utm_source=pinterest&utm_medium=social&utm_campaign=p1-2026-10,"round ring, lab grown diamond, pendant, pendant setting, made to order"
Ysolde Round Pendant: Round lab-grown diamond pendant,https://www.alvoradiamonds.com/assets/social/pieces/alv-p-0016.jpg,Diamond pendants,"A round lab-grown diamond suspended on a fine gold chain in a clean, lifted setting. Centre stone 0.5 to 6 ct, VS1 clarity, Excellent polish and symmetry, lab-grown. Made to order in silver, 14K or 18K gold, or platinum.",https://www.alvoradiamonds.com/jewellery/ysolde-round-pendant?utm_source=pinterest&utm_medium=social&utm_campaign=p1-2026-10,"round ring, lab grown diamond, pendant, pendant setting, made to order"
Zinaida Asscher Pendant: Asscher lab-grown diamond pendant,https://www.alvoradiamonds.com/assets/social/pieces/alv-p-0017.jpg,Diamond pendants,"An asscher lab-grown diamond suspended on a fine gold chain in a clean, lifted setting. Centre stone 0.5 to 6 ct, VS1 clarity, Excellent polish and symmetry, lab-grown. Made to order in silver, 14K or 18K gold, or platinum.",https://www.alvoradiamonds.com/jewellery/zinaida-asscher-pendant?utm_source=pinterest&utm_medium=social&utm_campaign=p1-2026-10,"asscher ring, lab grown diamond, pendant, pendant setting, made to order"
Valen Cushion Solitaire: Cushion lab-grown diamond engagement ring,https://www.alvoradiamonds.com/assets/social/pieces/alv-r-0062.jpg,Cushion engagement rings,"A single cushion lab-grown diamond, held high in a precise claw setting on a slender band. Centre stone 0.5 to 6 ct, VS1 clarity, Excellent polish and symmetry, lab-grown. Made to order in silver, 14K or 18K gold, or platinum.",https://www.alvoradiamonds.com/jewellery/valen-cushion-solitaire?utm_source=pinterest&utm_medium=social&utm_campaign=p1-2026-10,"cushion ring, lab grown diamond, engagement ring, solitaire setting, made to order"
Aveline Baguette Solitaire: Baguette lab-grown diamond engagement ring,https://www.alvoradiamonds.com/assets/social/pieces/alv-r-0063.jpg,Lab-grown engagement rings,"A single baguette lab-grown diamond, held high in a precise claw setting on a slender band. Centre stone 0.5 to 6 ct, VS1 clarity, Excellent polish and symmetry, lab-grown. Made to order in silver, 14K or 18K gold, or platinum.",https://www.alvoradiamonds.com/jewellery/aveline-baguette-solitaire?utm_source=pinterest&utm_medium=social&utm_campaign=p1-2026-10,"baguette ring, lab grown diamond, engagement ring, solitaire setting, made to order"
Bettina Baguette Solitaire: Baguette lab-grown diamond engagement ring,https://www.alvoradiamonds.com/assets/social/pieces/alv-r-0064.jpg,Lab-grown engagement rings,"A single baguette lab-grown diamond, held high in a precise claw setting on a slender band. Centre stone 0.5 to 6 ct, VS1 clarity, Excellent polish and symmetry, lab-grown. Made to order in silver, 14K or 18K gold, or platinum.",https://www.alvoradiamonds.com/jewellery/bettina-baguette-solitaire?utm_source=pinterest&utm_medium=social&utm_campaign=p1-2026-10,"baguette ring, lab grown diamond, engagement ring, solitaire setting, made to order"
Cosima Blue Solitaire: lab-grown diamond engagement ring,https://www.alvoradiamonds.com/assets/social/pieces/alv-r-0065.jpg,Coloured stone rings,"A single blue lab-grown diamond, held high in a precise claw setting on a slender band. Centre stone 0.5 to 6 ct, VS1 clarity, Excellent polish and symmetry, lab-grown. Made to order in silver, 14K or 18K gold, or platinum.",https://www.alvoradiamonds.com/jewellery/cosima-blue-solitaire?utm_source=pinterest&utm_medium=social&utm_campaign=p1-2026-10,"lab grown diamond, engagement ring, solitaire setting, made to order"
Paloma Round Halo Studs: Round lab-grown diamond earrings,https://www.alvoradiamonds.com/assets/social/pieces/alv-e-0013.jpg,Diamond earrings,"A round lab-grown diamond lifted by a fine halo of pavé that catches light from every angle. Centre stone 0.5 to 6 ct, VS1 clarity, Excellent polish and symmetry, lab-grown. Made to order in silver, 14K or 18K gold, or platinum.",https://www.alvoradiamonds.com/jewellery/paloma-round-halo-studs?utm_source=pinterest&utm_medium=social&utm_campaign=p1-2026-10,"round ring, lab grown diamond, earrings, halo studs setting, made to order"
Tatiana Marquise Studs: Marquise lab-grown diamond earrings,https://www.alvoradiamonds.com/assets/social/pieces/alv-e-0014.jpg,Diamond earrings,"A pair of marquise lab-grown diamonds in secure claw settings, matched stone for stone. Centre stone 0.5 to 6 ct, VS1 clarity, Excellent polish and symmetry, lab-grown. Made to order in silver, 14K or 18K gold, or platinum.",https://www.alvoradiamonds.com/jewellery/tatiana-marquise-studs?utm_source=pinterest&utm_medium=social&utm_campaign=p1-2026-10,"marquise ring, lab grown diamond, earrings, studs setting, made to order"
Tatiana Round Studs: Round lab-grown diamond earrings,https://www.alvoradiamonds.com/assets/social/pieces/alv-e-0015.jpg,Diamond earrings,"A pair of round lab-grown diamonds in secure claw settings, matched stone for stone. Centre stone 0.5 to 6 ct, VS1 clarity, Excellent polish and symmetry, lab-grown. Made to order in silver, 14K or 18K gold, or platinum.",https://www.alvoradiamonds.com/jewellery/tatiana-round-studs?utm_source=pinterest&utm_medium=social&utm_campaign=p1-2026-10,"round ring, lab grown diamond, earrings, studs setting, made to order"
Valerie Round Studs: Round lab-grown diamond earrings,https://www.alvoradiamonds.com/assets/social/pieces/alv-e-0016.jpg,Diamond earrings,"A pair of round lab-grown diamonds in secure claw settings, matched stone for stone. Centre stone 0.5 to 6 ct, VS1 clarity, Excellent polish and symmetry, lab-grown. Made to order in silver, 14K or 18K gold, or platinum.",https://www.alvoradiamonds.com/jewellery/valerie-round-studs?utm_source=pinterest&utm_medium=social&utm_campaign=p1-2026-10,"round ring, lab grown diamond, earrings, studs setting, made to order"
Wynne Round Studs: Round lab-grown diamond earrings,https://www.alvoradiamonds.com/assets/social/pieces/alv-e-0017.jpg,Diamond earrings,"A pair of round lab-grown diamonds in secure claw settings, matched stone for stone. Centre stone 0.5 to 6 ct, VS1 clarity, Excellent polish and symmetry, lab-grown. Made to order in silver, 14K or 18K gold, or platinum.",https://www.alvoradiamonds.com/jewellery/wynne-round-studs?utm_source=pinterest&utm_medium=social&utm_campaign=p1-2026-10,"round ring, lab grown diamond, earrings, studs setting, made to order"
Yolande Round Studs: Round lab-grown diamond earrings,https://www.alvoradiamonds.com/assets/social/pieces/alv-e-0018.jpg,Diamond earrings,"A pair of round lab-grown diamonds in secure claw settings, matched stone for stone. Centre stone 0.5 to 6 ct, VS1 clarity, Excellent polish and symmetry, lab-grown. Made to order in silver, 14K or 18K gold, or platinum.",https://www.alvoradiamonds.com/jewellery/yolande-round-studs?utm_source=pinterest&utm_medium=social&utm_campaign=p1-2026-10,"round ring, lab grown diamond, earrings, studs setting, made to order"
Zosia Round Studs: Round lab-grown diamond earrings,https://www.alvoradiamonds.com/assets/social/pieces/alv-e-0019.jpg,Diamond earrings,"A pair of round lab-grown diamonds in secure claw settings, matched stone for stone. Centre stone 0.5 to 6 ct, VS1 clarity, Excellent polish and symmetry, lab-grown. Made to order in silver, 14K or 18K gold, or platinum.",https://www.alvoradiamonds.com/jewellery/zosia-round-studs?utm_source=pinterest&utm_medium=social&utm_campaign=p1-2026-10,"round ring, lab grown diamond, earrings, studs setting, made to order"
Emmeline Halo Studs: lab-grown diamond earrings,https://www.alvoradiamonds.com/assets/social/pieces/alv-e-0029.jpg,Diamond earrings,"A lab-grown diamond lifted by a fine halo of pavé that catches light from every angle. Centre stone 0.5 to 6 ct, VS1 clarity, Excellent polish and symmetry, lab-grown. Made to order in silver, 14K or 18K gold, or platinum.",https://www.alvoradiamonds.com/jewellery/emmeline-halo-studs?utm_source=pinterest&utm_medium=social&utm_campaign=p1-2026-10,"lab grown diamond, earrings, halo studs setting, made to order"
